,open,high,low,close,adjclose,volume,ticker
1996-01-02,10.600000381469727,10.600000381469727,10.600000381469727,10.600000381469727,7.570962905883789,1500.0,BRITANNIA.NS
1996-01-03,10.666666030883789,10.666666030883789,10.466666221618652,10.466666221618652,7.475730895996094,3000.0,BRITANNIA.NS
1996-01-04,10.466666221618652,10.466666221618652,10.466666221618652,10.466666221618652,7.475730895996094,0.0,BRITANNIA.NS
1996-01-05,10.666666030883789,10.666666030883789,10.466666221618652,10.473333358764648,7.480491638183594,6000.0,BRITANNIA.NS
1996-01-08,10.333333015441895,10.533332824707031,10.333333015441895,10.533332824707031,7.523345470428467,3000.0,BRITANNIA.NS
1996-01-09,10.533332824707031,10.533332824707031,10.533332824707031,10.533332824707031,7.523345470428467,0.0,BRITANNIA.NS
1996-01-10,10.066665649414062,10.066665649414062,10.066665649414062,10.066665649414062,7.190032005310059,1500.0,BRITANNIA.NS
1996-01-11,10.066665649414062,10.066665649414062,10.066665649414062,10.066665649414062,7.190032005310059,0.0,BRITANNIA.NS
1996-01-12,10.066665649414062,10.066665649414062,10.066665649414062,10.066665649414062,7.190032005310059,0.0,BRITANNIA.NS
1996-01-15,10.066665649414062,10.066665649414062,10.066665649414062,10.066665649414062,7.190032005310059,0.0,BRITANNIA.NS
1996-01-16,10.066665649414062,10.066665649414062,9.666666030883789,9.666666030883789,6.9043354988098145,3000.0,BRITANNIA.NS
1996-01-17,9.666666030883789,9.666666030883789,9.666666030883789,9.666666030883789,6.9043354988098145,0.0,BRITANNIA.NS
1996-01-18,9.666666030883789,9.666666030883789,9.466666221618652,9.466666221618652,6.761487007141113,3000.0,BRITANNIA.NS
1996-01-19,9.866665840148926,9.866665840148926,9.866665840148926,9.866665840148926,7.047183036804199,1500.0,BRITANNIA.NS
1996-01-22,9.866665840148926,9.866665840148926,9.866665840148926,9.866665840148926,7.047183036804199,0.0,BRITANNIA.NS
1996-01-23,9.833333015441895,9.883333206176758,9.600000381469727,9.866665840148926,7.047183036804199,15000.0,BRITANNIA.NS
1996-01-24,9.866665840148926,9.866665840148926,9.866665840148926,9.866665840148926,7.047183036804199,6000.0,BRITANNIA.NS
1996-01-25,10.0,10.0,10.0,10.0,7.14241886138916,1500.0,BRITANNIA.NS
1996-01-26,10.0,10.0,10.0,10.0,7.14241886138916,0.0,BRITANNIA.NS
1996-01-29,9.666666030883789,9.666666030883789,9.666666030883789,9.666666030883789,6.9043354988098145,1500.0,BRITANNIA.NS
1996-01-30,9.866665840148926,9.899999618530273,9.666666030883789,9.666666030883789,6.9043354988098145,12000.0,BRITANNIA.NS
1996-01-31,9.833333015441895,9.833333015441895,9.833333015441895,9.833333015441895,7.023376941680908,1500.0,BRITANNIA.NS
1996-02-01,10.133333206176758,10.466666221618652,10.133333206176758,10.466666221618652,7.475730895996094,6000.0,BRITANNIA.NS
1996-02-02,11.466666221618652,11.466666221618652,11.466666221618652,11.466666221618652,8.189971923828125,1500.0,BRITANNIA.NS
1996-02-05,11.466666221618652,11.800000190734863,11.466666221618652,11.716666221618652,8.368534088134766,10500.0,BRITANNIA.NS
1996-02-06,11.716666221618652,12.333333015441895,11.670000076293945,11.800000190734863,8.428053855895996,19500.0,BRITANNIA.NS
1996-02-07,11.533332824707031,11.533332824707031,11.533332824707031,11.533332824707031,8.237589836120605,1500.0,BRITANNIA.NS
1996-02-08,11.533332824707031,11.666666030883789,11.533332824707031,11.59333324432373,8.280445098876953,24000.0,BRITANNIA.NS
1996-02-09,12.0,12.733332633972168,12.0,12.666666030883789,9.047060012817383,19500.0,BRITANNIA.NS
1996-02-12,13.333333015441895,13.333333015441895,13.0,13.0,9.285144805908203,6000.0,BRITANNIA.NS
1996-02-13,13.0,13.0,12.666666030883789,12.666666030883789,9.047060012817383,10500.0,BRITANNIA.NS
1996-02-14,13.666666030883789,13.666666030883789,13.100000381469727,13.100000381469727,9.356566429138184,21000.0,BRITANNIA.NS
1996-02-15,13.066665649414062,13.066665649414062,13.066665649414062,13.066665649414062,9.332759857177734,1500.0,BRITANNIA.NS
1996-02-16,13.0,13.0,12.666666030883789,12.699999809265137,9.07087230682373,12000.0,BRITANNIA.NS
1996-02-19,12.666666030883789,12.666666030883789,12.666666030883789,12.666666030883789,9.047060012817383,19500.0,BRITANNIA.NS
1996-02-20,12.666666030883789,12.800000190734863,12.800000190734863,12.800000190734863,9.142295837402344,7500.0,BRITANNIA.NS
1996-02-21,12.800000190734863,12.800000190734863,12.800000190734863,12.800000190734863,9.142295837402344,0.0,BRITANNIA.NS
1996-02-22,13.666666030883789,13.666666030883789,12.666666030883789,12.866665840148926,9.189909934997559,9000.0,BRITANNIA.NS
1996-02-23,12.866665840148926,13.133333206176758,12.800000190734863,12.926666259765625,9.232766151428223,10500.0,BRITANNIA.NS
1996-02-26,12.866665840148926,13.183333396911621,12.866665840148926,12.903332710266113,9.216100692749023,37500.0,BRITANNIA.NS
1996-02-27,13.133333206176758,13.333333015441895,13.0,13.333333015441895,9.523222923278809,36000.0,BRITANNIA.NS
1996-02-28,13.666666030883789,13.666666030883789,13.399999618530273,13.533332824707031,9.6660737991333,12000.0,BRITANNIA.NS
1996-02-29,13.069999694824219,13.069999694824219,13.066665649414062,13.066665649414062,9.332759857177734,9000.0,BRITANNIA.NS
1996-03-01,13.199999809265137,13.466666221618652,13.199999809265137,13.333333015441895,9.523222923278809,19500.0,BRITANNIA.NS
1996-03-04,13.333333015441895,13.0,12.699999809265137,12.9399995803833,9.242291450500488,12000.0,BRITANNIA.NS
1996-03-05,12.9399995803833,12.9399995803833,12.9399995803833,12.9399995803833,9.242291450500488,0.0,BRITANNIA.NS
1996-03-06,12.9399995803833,13.666666030883789,13.133333206176758,13.666666030883789,9.761305809020996,37500.0,BRITANNIA.NS
1996-03-07,13.666666030883789,13.866665840148926,13.666666030883789,13.866665840148926,9.904152870178223,15000.0,BRITANNIA.NS
1996-03-08,13.866665840148926,13.916666030883789,13.633333206176758,13.636666297912598,9.73987865447998,12000.0,BRITANNIA.NS
1996-03-11,13.636666297912598,13.666666030883789,13.543333053588867,13.633333206176758,9.737497329711914,12000.0,BRITANNIA.NS
1996-03-12,13.633333206176758,13.603333473205566,13.333333015441895,13.59666633605957,9.711308479309082,16500.0,BRITANNIA.NS
1996-03-13,13.59666633605957,13.600000381469727,13.600000381469727,13.600000381469727,9.713690757751465,1500.0,BRITANNIA.NS
1996-03-14,13.600000381469727,13.666666030883789,13.466666221618652,13.466666221618652,9.618453979492188,15000.0,BRITANNIA.NS
1996-03-15,13.533332824707031,13.533332824707031,13.470000267028809,13.470000267028809,9.62083625793457,4500.0,BRITANNIA.NS
1996-03-18,13.333333015441895,13.333333015441895,13.156665802001953,13.156665802001953,9.397041320800781,18000.0,BRITANNIA.NS
1996-03-19,13.156665802001953,13.266666412353516,13.0,13.266666412353516,9.475606918334961,16500.0,BRITANNIA.NS
1996-03-20,13.266666412353516,13.266666412353516,13.266666412353516,13.266666412353516,9.475606918334961,0.0,BRITANNIA.NS
1996-03-21,13.266666412353516,13.399999618530273,13.266666412353516,13.399999618530273,9.570839881896973,3000.0,BRITANNIA.NS
1996-03-22,13.399999618530273,13.399999618530273,13.0,13.399999618530273,9.570839881896973,16500.0,BRITANNIA.NS
1996-03-25,13.399999618530273,13.533332824707031,13.336666107177734,13.336666107177734,9.525605201721191,9000.0,BRITANNIA.NS
1996-03-26,13.336666107177734,13.203332901000977,13.203332901000977,13.203332901000977,9.43037223815918,9000.0,BRITANNIA.NS
1996-03-27,13.203332901000977,13.333333015441895,13.19666576385498,13.333333015441895,9.523222923278809,9000.0,BRITANNIA.NS
1996-03-28,13.333333015441895,13.396665573120117,13.396665573120117,13.396665573120117,9.568458557128906,3000.0,BRITANNIA.NS
1996-03-29,13.396665573120117,13.516666412353516,13.403332710266113,13.466666221618652,9.618453979492188,18000.0,BRITANNIA.NS
1996-04-01,13.600000381469727,13.600000381469727,13.600000381469727,13.600000381469727,9.713690757751465,1500.0,BRITANNIA.NS
1996-04-02,13.600000381469727,13.600000381469727,13.536665916442871,13.536665916442871,9.668452262878418,6000.0,BRITANNIA.NS
1996-04-03,14.0,14.0,13.866665840148926,13.866665840148926,9.904152870178223,4500.0,BRITANNIA.NS
1996-04-04,13.866665840148926,14.0,13.733332633972168,13.733332633972168,9.808918952941895,15000.0,BRITANNIA.NS
1996-04-05,13.733332633972168,13.733332633972168,13.733332633972168,13.733332633972168,9.808918952941895,0.0,BRITANNIA.NS
1996-04-08,14.0,14.533332824707031,13.600000381469727,14.0,9.999385833740234,24000.0,BRITANNIA.NS
1996-04-09,14.0,14.366665840148926,14.00333309173584,14.00333309173584,10.001766204833984,30000.0,BRITANNIA.NS
1996-04-10,14.266666412353516,14.266666412353516,14.266666412353516,14.266666412353516,10.189850807189941,1500.0,BRITANNIA.NS
1996-04-11,14.266666412353516,14.266666412353516,14.266666412353516,14.266666412353516,10.189850807189941,0.0,BRITANNIA.NS
1996-04-12,14.0,14.0,14.0,14.0,9.999385833740234,3000.0,BRITANNIA.NS
1996-04-15,14.0,14.066665649414062,13.933333396911621,13.933333396911621,9.951769828796387,10500.0,BRITANNIA.NS
1996-04-16,13.933333396911621,14.0,13.869999885559082,13.933333396911621,9.951769828796387,19500.0,BRITANNIA.NS
1996-04-17,13.933333396911621,14.533332824707031,14.0,14.533332824707031,10.380313873291016,46500.0,BRITANNIA.NS
1996-04-18,14.533332824707031,15.0,14.600000381469727,14.733332633972168,10.523160934448242,49500.0,BRITANNIA.NS
1996-04-19,14.733332633972168,14.933333396911621,14.533332824707031,14.933333396911621,10.666008949279785,19500.0,BRITANNIA.NS
1996-04-22,14.933333396911621,15.0,14.533332824707031,15.0,10.713623046875,34500.0,BRITANNIA.NS
1996-04-23,15.0,16.433332443237305,14.603333473205566,15.066665649414062,10.76124382019043,40500.0,BRITANNIA.NS
1996-04-24,16.333332061767578,16.333332061767578,15.666666030883789,15.666666030883789,11.189789772033691,4500.0,BRITANNIA.NS
1996-04-25,15.666666030883789,15.5,15.199999809265137,15.199999809265137,10.856473922729492,19500.0,BRITANNIA.NS
1996-04-26,15.199999809265137,15.199999809265137,15.199999809265137,15.199999809265137,10.856473922729492,0.0,BRITANNIA.NS
1996-04-29,15.199999809265137,15.333333015441895,15.133333206176758,15.333333015441895,10.951706886291504,15000.0,BRITANNIA.NS
1996-04-30,15.333333015441895,15.466666221618652,15.333333015441895,15.399999618530273,10.999323844909668,16500.0,BRITANNIA.NS
1996-05-01,15.399999618530273,15.399999618530273,15.133333206176758,15.399999618530273,10.999323844909668,6000.0,BRITANNIA.NS
1996-05-02,15.133333206176758,15.399999618530273,15.133333206176758,15.350000381469727,10.96361255645752,39000.0,BRITANNIA.NS
1996-05-03,15.350000381469727,15.399999618530273,15.399999618530273,15.399999618530273,10.999323844909668,3000.0,BRITANNIA.NS
1996-05-06,15.399999618530273,15.533332824707031,15.199999809265137,15.199999809265137,10.856473922729492,30000.0,BRITANNIA.NS
1996-05-07,15.199999809265137,15.266666412353516,15.199999809265137,15.266666412353516,10.90408992767334,9000.0,BRITANNIA.NS
1996-05-08,15.266666412353516,15.25,15.0,15.25,10.89218521118164,3000.0,BRITANNIA.NS
1996-05-09,15.25,15.25,15.25,15.25,10.89218521118164,0.0,BRITANNIA.NS
1996-05-10,14.666666030883789,14.666666030883789,14.5,14.600000381469727,10.427928924560547,4500.0,BRITANNIA.NS
1996-05-13,14.600000381469727,14.783332824707031,14.65999984741211,14.783332824707031,10.55887508392334,9000.0,BRITANNIA.NS
1996-05-14,14.783332824707031,15.0,14.603333473205566,14.60666561126709,10.432689666748047,9000.0,BRITANNIA.NS
1996-05-15,14.60666561126709,14.800000190734863,14.600000381469727,14.800000190734863,10.570780754089355,6000.0,BRITANNIA.NS
1996-05-16,14.800000190734863,16.0,16.0,16.0,11.427868843078613,1500.0,BRITANNIA.NS
1996-05-17,14.666666030883789,15.266666412353516,14.666666030883789,15.266666412353516,10.90408992767334,24000.0,BRITANNIA.NS
1996-05-20,15.266666412353516,14.933333396911621,14.803333282470703,14.906665802001953,10.646964073181152,16500.0,BRITANNIA.NS
1996-05-21,14.906665802001953,14.66333293914795,14.470000267028809,14.50666618347168,10.361268043518066,16500.0,BRITANNIA.NS
1996-05-22,14.50666618347168,14.399999618530273,14.399999618530273,14.399999618530273,10.285080909729004,1500.0,BRITANNIA.NS
1996-05-23,14.399999618530273,14.149999618530273,14.0,14.0,9.999385833740234,10500.0,BRITANNIA.NS
1996-05-24,14.0,13.899999618530273,13.733332633972168,13.883333206176758,9.916056632995605,9000.0,BRITANNIA.NS
1996-05-27,13.883333206176758,13.733332633972168,13.666666030883789,13.733332633972168,9.808918952941895,3000.0,BRITANNIA.NS
1996-05-28,13.733332633972168,13.733332633972168,13.666666030883789,13.666666030883789,9.761305809020996,3000.0,BRITANNIA.NS
1996-05-29,13.666666030883789,13.933333396911621,13.933333396911621,13.933333396911621,9.951769828796387,1500.0,BRITANNIA.NS
1996-05-30,13.933333396911621,13.666666030883789,13.423333168029785,13.536665916442871,9.668452262878418,12000.0,BRITANNIA.NS
1996-05-31,13.333333015441895,13.733332633972168,13.333333015441895,13.733332633972168,9.808918952941895,15000.0,BRITANNIA.NS
1996-06-03,13.733332633972168,13.666666030883789,13.470000267028809,13.470000267028809,9.62083625793457,18000.0,BRITANNIA.NS
1996-06-04,13.470000267028809,14.133333206176758,13.733332633972168,13.866665840148926,9.904152870178223,10500.0,BRITANNIA.NS
1996-06-05,13.666666030883789,13.800000190734863,13.666666030883789,13.800000190734863,9.856536865234375,6000.0,BRITANNIA.NS
1996-06-06,13.466666221618652,13.470000267028809,13.333333015441895,13.333333015441895,9.523222923278809,10500.0,BRITANNIA.NS
1996-06-07,13.333333015441895,13.399999618530273,13.199999809265137,13.399999618530273,9.570839881896973,16500.0,BRITANNIA.NS
1996-06-10,13.399999618530273,13.466666221618652,13.399999618530273,13.466666221618652,9.618453979492188,4500.0,BRITANNIA.NS
1996-06-11,13.466666221618652,13.533332824707031,13.403332710266113,13.403332710266113,9.57321834564209,18000.0,BRITANNIA.NS
1996-06-12,13.5,14.0,13.5,13.866665840148926,9.904152870178223,7500.0,BRITANNIA.NS
1996-06-13,14.399999618530273,14.733332633972168,14.399999618530273,14.533332824707031,10.380313873291016,16500.0,BRITANNIA.NS
1996-06-14,15.0,15.529999732971191,14.933333396911621,15.176666259765625,10.83980941772461,25500.0,BRITANNIA.NS
1996-06-17,15.333333015441895,15.866665840148926,15.0,15.00333309173584,10.716007232666016,7500.0,BRITANNIA.NS
1996-06-18,14.100000381469727,14.133333206176758,14.0,14.0,9.999385833740234,10500.0,BRITANNIA.NS
1996-06-19,13.800000190734863,14.066665649414062,13.800000190734863,13.933333396911621,9.951769828796387,12000.0,BRITANNIA.NS
1996-06-20,14.00333309173584,14.00333309173584,13.800000190734863,13.800000190734863,9.856536865234375,4500.0,BRITANNIA.NS
1996-06-21,13.666666030883789,13.666666030883789,13.333333015441895,13.399999618530273,9.570839881896973,13500.0,BRITANNIA.NS
1996-06-24,13.266666412353516,13.333333015441895,12.933333396911621,12.933333396911621,9.237525939941406,15000.0,BRITANNIA.NS
1996-06-25,13.0,13.300000190734863,12.933333396911621,13.283332824707031,9.487513542175293,37500.0,BRITANNIA.NS
1996-06-26,13.399999618530273,13.649999618530273,13.399999618530273,13.533332824707031,9.6660737991333,12000.0,BRITANNIA.NS
1996-06-27,13.399999618530273,13.583333015441895,13.399999618530273,13.583333015441895,9.70178508758545,4500.0,BRITANNIA.NS
1996-06-28,13.533332824707031,13.533332824707031,13.399999618530273,13.399999618530273,9.570839881896973,4500.0,BRITANNIA.NS
1996-07-01,13.333333015441895,13.333333015441895,13.333333015441895,13.333333015441895,9.523222923278809,1500.0,BRITANNIA.NS
1996-07-02,13.133333206176758,13.133333206176758,13.066665649414062,13.066665649414062,9.332759857177734,3000.0,BRITANNIA.NS
1996-07-03,13.0,13.0,12.883333206176758,12.883333206176758,9.201813697814941,6000.0,BRITANNIA.NS
1996-07-04,12.733332633972168,12.866665840148926,12.666666030883789,12.666666030883789,9.047060012817383,4500.0,BRITANNIA.NS
1996-07-05,12.399999618530273,12.399999618530273,12.399999618530273,12.399999618530273,8.856600761413574,1500.0,BRITANNIA.NS
1996-07-08,12.34333324432373,12.670000076293945,12.34333324432373,12.670000076293945,9.049443244934082,4500.0,BRITANNIA.NS
1996-07-09,12.666666030883789,12.666666030883789,12.539999961853027,12.539999961853027,8.956592559814453,7500.0,BRITANNIA.NS
1996-07-10,12.066665649414062,12.933333396911621,12.066665649414062,12.933333396911621,9.237525939941406,36000.0,BRITANNIA.NS
1996-07-11,11.666666030883789,12.800000190734863,11.666666030883789,12.800000190734863,9.142295837402344,6000.0,BRITANNIA.NS
1996-07-12,12.896665573120117,13.666666030883789,12.896665573120117,13.666666030883789,9.761305809020996,7500.0,BRITANNIA.NS
1996-07-15,13.800000190734863,14.333333015441895,13.800000190734863,14.333333015441895,10.237465858459473,34500.0,BRITANNIA.NS
1996-07-16,14.133333206176758,14.333333015441895,14.133333206176758,14.333333015441895,10.237465858459473,33000.0,BRITANNIA.NS
1996-07-17,13.866665840148926,14.66333293914795,13.866665840148926,14.399999618530273,10.285080909729004,27000.0,BRITANNIA.NS
1996-07-18,14.066665649414062,14.333333015441895,14.066665649414062,14.270000457763672,10.192229270935059,9000.0,BRITANNIA.NS
1996-07-19,14.699999809265137,14.963333129882812,14.466666221618652,14.466666221618652,10.332697868347168,30000.0,BRITANNIA.NS
1996-07-22,14.333333015441895,14.433333396911621,14.266666412353516,14.430000305175781,10.306507110595703,9000.0,BRITANNIA.NS
1996-07-23,14.556666374206543,15.199999809265137,14.556666374206543,15.199999809265137,10.856473922729492,31500.0,BRITANNIA.NS
1996-07-24,14.0,14.666666030883789,14.0,14.5600004196167,10.399360656738281,16500.0,BRITANNIA.NS
1996-07-25,14.533332824707031,15.0,14.533332824707031,15.0,10.713623046875,19500.0,BRITANNIA.NS
1996-07-26,14.333333015441895,14.733332633972168,14.333333015441895,14.416666030883789,10.29698657989502,31500.0,BRITANNIA.NS
1996-07-29,13.733332633972168,14.800000190734863,13.733332633972168,14.800000190734863,10.570780754089355,24000.0,BRITANNIA.NS
1996-07-30,14.0,14.770000457763672,14.0,14.643333435058594,10.458882331848145,109500.0,BRITANNIA.NS
1996-07-31,14.333333015441895,14.733332633972168,14.333333015441895,14.733332633972168,10.523160934448242,12000.0,BRITANNIA.NS
1996-08-01,15.133333206176758,15.133333206176758,14.800000190734863,15.0,10.713623046875,9000.0,BRITANNIA.NS
1996-08-02,14.800000190734863,14.800000190734863,14.476666450500488,14.550000190734863,10.392218589782715,12000.0,BRITANNIA.NS
1996-08-05,14.133333206176758,14.996665954589844,14.133333206176758,14.726666450500488,10.518401145935059,25500.0,BRITANNIA.NS
1996-08-06,14.533332824707031,14.800000190734863,14.186665534973145,14.666666030883789,10.475546836853027,43500.0,BRITANNIA.NS
1996-08-07,14.800000190734863,14.800000190734863,14.66333293914795,14.733332633972168,10.523160934448242,16500.0,BRITANNIA.NS
1996-08-08,14.600000381469727,14.866665840148926,14.600000381469727,14.866665840148926,10.618392944335938,12000.0,BRITANNIA.NS
1996-08-09,14.466666221618652,14.666666030883789,14.466666221618652,14.666666030883789,10.475546836853027,13500.0,BRITANNIA.NS
1996-08-12,14.666666030883789,14.733332633972168,14.266666412353516,14.733332633972168,10.523160934448242,30000.0,BRITANNIA.NS
1996-08-13,14.336666107177734,14.800000190734863,14.336666107177734,14.766666412353516,10.546971321105957,90000.0,BRITANNIA.NS
1996-08-14,14.666666030883789,14.666666030883789,14.333333015441895,14.333333015441895,10.237465858459473,12000.0,BRITANNIA.NS
1996-08-15,14.333333015441895,14.333333015441895,14.333333015441895,14.333333015441895,10.237465858459473,0.0,BRITANNIA.NS
1996-08-16,14.333333015441895,14.333333015441895,14.136666297912598,14.136666297912598,10.096997261047363,3000.0,BRITANNIA.NS
1996-08-19,13.533332824707031,13.800000190734863,13.533332824707031,13.800000190734863,9.856536865234375,9000.0,BRITANNIA.NS
1996-08-20,13.783332824707031,14.133333206176758,13.366665840148926,14.126666069030762,10.089856147766113,21000.0,BRITANNIA.NS
1996-08-21,13.933333396911621,14.133333206176758,13.933333396911621,14.133333206176758,10.09461784362793,6000.0,BRITANNIA.NS
1996-08-22,14.0,14.0,14.0,14.0,9.999385833740234,4500.0,BRITANNIA.NS
1996-08-23,13.720000267028809,13.933333396911621,13.720000267028809,13.933333396911621,9.951769828796387,7500.0,BRITANNIA.NS
1996-08-26,13.933333396911621,14.0,13.766666412353516,13.883333206176758,9.916056632995605,15000.0,BRITANNIA.NS
1996-08-27,14.133333206176758,15.166666030883789,14.133333206176758,15.130000114440918,10.806477546691895,73500.0,BRITANNIA.NS
1996-08-28,14.600000381469727,14.699999809265137,14.333333015441895,14.333333015441895,10.237465858459473,19500.0,BRITANNIA.NS
1996-08-29,14.466666221618652,14.766666412353516,14.466666221618652,14.666666030883789,10.475546836853027,16500.0,BRITANNIA.NS
1996-08-30,14.266666412353516,14.600000381469727,14.266666412353516,14.600000381469727,10.427928924560547,10500.0,BRITANNIA.NS
1996-09-02,14.436665534973145,14.5,14.436665534973145,14.5,10.356507301330566,7500.0,BRITANNIA.NS
1996-09-03,14.5,14.800000190734863,14.5,14.666666030883789,10.475546836853027,69000.0,BRITANNIA.NS
1996-09-04,14.600000381469727,14.733332633972168,14.600000381469727,14.733332633972168,10.523160934448242,15000.0,BRITANNIA.NS
1996-09-05,14.733332633972168,14.766666412353516,14.733332633972168,14.766666412353516,10.546971321105957,4500.0,BRITANNIA.NS
1996-09-06,14.466666221618652,14.866665840148926,14.466666221618652,14.666666030883789,10.475546836853027,78000.0,BRITANNIA.NS
1996-09-09,14.666666030883789,14.733332633972168,14.5,14.666666030883789,10.475546836853027,24000.0,BRITANNIA.NS
1996-09-10,14.666666030883789,14.866665840148926,14.546666145324707,14.826665878295898,10.589823722839355,79500.0,BRITANNIA.NS
1996-09-11,14.466666221618652,14.666666030883789,14.466666221618652,14.666666030883789,10.475546836853027,16500.0,BRITANNIA.NS
1996-09-12,14.600000381469727,14.733332633972168,14.569999694824219,14.569999694824219,10.406501770019531,27000.0,BRITANNIA.NS
1996-09-13,14.666666030883789,14.666666030883789,14.666666030883789,14.666666030883789,10.475546836853027,6000.0,BRITANNIA.NS
1996-09-16,14.533332824707031,14.666666030883789,14.533332824707031,14.666666030883789,10.475546836853027,64500.0,BRITANNIA.NS
1996-09-17,14.399999618530273,14.733332633972168,14.399999618530273,14.643333435058594,10.458882331848145,108000.0,BRITANNIA.NS
1996-09-18,14.466666221618652,14.833333015441895,14.466666221618652,14.833333015441895,10.594586372375488,18000.0,BRITANNIA.NS
1996-09-19,14.300000190734863,14.833333015441895,14.300000190734863,14.643333435058594,10.458882331848145,19500.0,BRITANNIA.NS
1996-09-20,14.649999618530273,14.800000190734863,14.566665649414062,14.566665649414062,10.404121398925781,10500.0,BRITANNIA.NS
1996-09-23,14.566665649414062,14.800000190734863,14.566665649414062,14.733332633972168,10.523160934448242,12000.0,BRITANNIA.NS
1996-09-24,14.666666030883789,14.716666221618652,14.603333473205566,14.666666030883789,10.475546836853027,73500.0,BRITANNIA.NS
1996-09-25,14.733332633972168,14.800000190734863,14.510000228881836,14.536665916442871,10.382695198059082,109500.0,BRITANNIA.NS
1996-09-26,14.533332824707031,14.733332633972168,14.533332824707031,14.666666030883789,10.475546836853027,30000.0,BRITANNIA.NS
1996-09-27,14.666666030883789,14.733332633972168,14.373332977294922,14.666666030883789,10.475546836853027,25500.0,BRITANNIA.NS
1996-09-30,14.699999809265137,14.800000190734863,14.600000381469727,14.60666561126709,10.432689666748047,10500.0,BRITANNIA.NS
1996-10-01,14.800000190734863,14.800000190734863,14.533332824707031,14.666666030883789,10.475546836853027,180000.0,BRITANNIA.NS
1996-10-02,14.666666030883789,14.666666030883789,14.666666030883789,14.666666030883789,10.475546836853027,0.0,BRITANNIA.NS
1996-10-03,14.666666030883789,14.666666030883789,14.666666030883789,14.666666030883789,10.475546836853027,18000.0,BRITANNIA.NS
1996-10-04,14.666666030883789,14.800000190734863,14.40999984741211,14.466666221618652,10.332697868347168,42000.0,BRITANNIA.NS
1996-10-07,14.0,14.533332824707031,13.666666030883789,14.333333015441895,10.237465858459473,24000.0,BRITANNIA.NS
1996-10-08,14.079999923706055,14.666666030883789,14.033332824707031,14.666666030883789,10.475546836853027,174000.0,BRITANNIA.NS
1996-10-09,14.199999809265137,14.666666030883789,14.133333206176758,14.666666030883789,10.475546836853027,30000.0,BRITANNIA.NS
1996-10-10,14.526665687561035,14.680000305175781,14.466666221618652,14.666666030883789,10.475546836853027,25500.0,BRITANNIA.NS
1996-10-11,14.646665573120117,14.666666030883789,14.646665573120117,14.666666030883789,10.475546836853027,18000.0,BRITANNIA.NS
1996-10-14,14.600000381469727,14.666666030883789,14.510000228881836,14.510000228881836,10.363646507263184,10500.0,BRITANNIA.NS
1996-10-15,14.733332633972168,15.0,14.603333473205566,14.703332901000977,10.501733779907227,114000.0,BRITANNIA.NS
1996-10-16,14.766666412353516,15.133333206176758,14.766666412353516,15.10666561126709,10.789810180664062,39000.0,BRITANNIA.NS
1996-10-17,15.866665840148926,15.866665840148926,15.0,15.0,10.713623046875,12000.0,BRITANNIA.NS
1996-10-18,15.0,15.0,15.0,15.0,10.713623046875,3000.0,BRITANNIA.NS
1996-10-21,15.0,15.0,15.0,15.0,10.713623046875,0.0,BRITANNIA.NS
1996-10-22,15.0,15.0,14.703332901000977,14.863332748413086,10.616013526916504,13500.0,BRITANNIA.NS
1996-10-23,14.600000381469727,14.800000190734863,14.600000381469727,14.800000190734863,10.570780754089355,6000.0,BRITANNIA.NS
1996-10-24,14.916666030883789,14.916666030883789,14.666666030883789,14.666666030883789,10.475546836853027,22500.0,BRITANNIA.NS
1996-10-25,14.66333293914795,14.933333396911621,14.66333293914795,14.933333396911621,10.666008949279785,12000.0,BRITANNIA.NS
1996-10-28,14.800000190734863,14.933333396911621,14.733332633972168,14.899999618530273,10.64220142364502,15000.0,BRITANNIA.NS
1996-10-29,14.533332824707031,14.866665840148926,14.533332824707031,14.800000190734863,10.570780754089355,63000.0,BRITANNIA.NS
1996-10-30,14.800000190734863,14.800000190734863,14.800000190734863,14.800000190734863,10.570780754089355,0.0,BRITANNIA.NS
1996-10-31,15.0,15.149999618530273,14.933333396911621,15.149999618530273,10.820761680603027,15000.0,BRITANNIA.NS
1996-11-01,14.766666412353516,14.899999618530273,14.766666412353516,14.899999618530273,10.64220142364502,6000.0,BRITANNIA.NS
1996-11-04,14.766666412353516,14.793333053588867,14.766666412353516,14.793333053588867,10.566017150878906,3000.0,BRITANNIA.NS
1996-11-05,14.733332633972168,14.899999618530273,14.733332633972168,14.899999618530273,10.64220142364502,28500.0,BRITANNIA.NS
1996-11-06,14.403332710266113,14.866665840148926,14.399999618530273,14.863332748413086,10.616013526916504,25500.0,BRITANNIA.NS
1996-11-07,14.833333015441895,14.833333015441895,14.800000190734863,14.800000190734863,10.570780754089355,12000.0,BRITANNIA.NS
1996-11-08,14.666666030883789,14.899999618530273,14.666666030883789,14.890000343322754,10.63506031036377,31500.0,BRITANNIA.NS
1996-11-11,14.800000190734863,15.133333206176758,14.800000190734863,15.013333320617676,10.723151206970215,12000.0,BRITANNIA.NS
1996-11-12,15.013333320617676,15.013333320617676,15.013333320617676,15.013333320617676,10.723151206970215,0.0,BRITANNIA.NS
1996-11-13,14.800000190734863,14.866665840148926,14.800000190734863,14.833333015441895,10.594586372375488,9000.0,BRITANNIA.NS
1996-11-14,14.59000015258789,15.666666030883789,14.59000015258789,15.436665534973145,11.025508880615234,36000.0,BRITANNIA.NS
1996-11-15,14.84000015258789,15.800000190734863,14.84000015258789,15.403332710266113,11.001703262329102,27000.0,BRITANNIA.NS
1996-11-18,15.233332633972168,15.466666221618652,15.199999809265137,15.466666221618652,11.046940803527832,9000.0,BRITANNIA.NS
1996-11-19,15.266666412353516,15.383333206176758,14.866665840148926,15.266666412353516,10.90408992767334,96000.0,BRITANNIA.NS
1996-11-20,15.266666412353516,15.266666412353516,15.266666412353516,15.266666412353516,10.90408992767334,0.0,BRITANNIA.NS
1996-11-21,14.666666030883789,14.666666030883789,14.666666030883789,14.666666030883789,10.475546836853027,1500.0,BRITANNIA.NS
1996-11-22,14.666666030883789,14.800000190734863,14.666666030883789,14.800000190734863,10.570780754089355,3000.0,BRITANNIA.NS
1996-11-25,14.699999809265137,15.0,14.40999984741211,14.823332786560059,10.587443351745605,22500.0,BRITANNIA.NS
1996-11-26,14.876666069030762,14.933333396911621,14.85666561126709,14.923333168029785,10.658867835998535,25500.0,BRITANNIA.NS
1996-11-27,14.866665840148926,14.993332862854004,14.803333282470703,14.993332862854004,10.708864212036133,15000.0,BRITANNIA.NS
1996-11-28,14.75333309173584,14.933333396911621,14.75333309173584,14.833333015441895,10.594586372375488,22500.0,BRITANNIA.NS
1996-11-29,14.966666221618652,14.966666221618652,14.803333282470703,14.966666221618652,10.689817428588867,10500.0,BRITANNIA.NS
1996-12-02,15.133333206176758,15.133333206176758,14.9399995803833,14.9399995803833,10.670770645141602,16500.0,BRITANNIA.NS
1996-12-03,14.866665840148926,15.0,14.866665840148926,14.966666221618652,10.689817428588867,49500.0,BRITANNIA.NS
1996-12-04,14.266666412353516,14.866665840148926,14.266666412353516,14.866665840148926,10.618392944335938,43500.0,BRITANNIA.NS
1996-12-05,14.933333396911621,15.333333015441895,14.933333396911621,15.333333015441895,10.951706886291504,28500.0,BRITANNIA.NS
1996-12-06,15.460000038146973,15.5600004196167,15.199999809265137,15.406665802001953,11.004088401794434,27000.0,BRITANNIA.NS
1996-12-09,15.766666412353516,16.03333282470703,15.766666412353516,16.03333282470703,11.451676368713379,27000.0,BRITANNIA.NS
1996-12-10,16.0,16.0,14.933333396911621,15.656665802001953,11.18264389038086,66000.0,BRITANNIA.NS
1996-12-11,15.866665840148926,15.933333396911621,15.666666030883789,15.666666030883789,11.189789772033691,9000.0,BRITANNIA.NS
1996-12-12,15.333333015441895,15.333333015441895,15.016666412353516,15.016666412353516,10.725528717041016,3000.0,BRITANNIA.NS
1996-12-13,14.800000190734863,14.866665840148926,14.686665534973145,14.686665534973145,10.489831924438477,4500.0,BRITANNIA.NS
1996-12-16,15.199999809265137,15.199999809265137,15.199999809265137,15.199999809265137,10.856473922729492,3000.0,BRITANNIA.NS
1996-12-17,15.0,15.133333206176758,15.0,15.083333015441895,10.77314567565918,12000.0,BRITANNIA.NS
1996-12-18,15.399999618530273,15.399999618530273,15.199999809265137,15.199999809265137,10.856473922729492,3000.0,BRITANNIA.NS
1996-12-19,14.813332557678223,15.199999809265137,14.813332557678223,15.133333206176758,10.808856964111328,16500.0,BRITANNIA.NS
1996-12-20,15.333333015441895,15.34333324432373,15.223333358764648,15.223333358764648,10.873141288757324,9000.0,BRITANNIA.NS
1996-12-23,15.199999809265137,15.243332862854004,15.133333206176758,15.199999809265137,10.856473922729492,31500.0,BRITANNIA.NS
1996-12-24,15.133333206176758,15.403332710266113,15.133333206176758,15.199999809265137,10.856473922729492,18000.0,BRITANNIA.NS
1996-12-25,15.199999809265137,15.199999809265137,15.199999809265137,15.199999809265137,10.856473922729492,0.0,BRITANNIA.NS
1996-12-26,15.600000381469727,15.600000381469727,15.403332710266113,15.533332824707031,11.094555854797363,9000.0,BRITANNIA.NS
1996-12-27,15.533332824707031,15.533332824707031,15.533332824707031,15.533332824707031,11.094555854797363,0.0,BRITANNIA.NS
1996-12-30,15.533332824707031,15.533332824707031,15.533332824707031,15.533332824707031,11.094555854797363,0.0,BRITANNIA.NS
1996-12-31,15.34333324432373,15.34333324432373,15.199999809265137,15.199999809265137,10.856473922729492,6000.0,BRITANNIA.NS
1997-01-01,15.566665649414062,15.733332633972168,15.566665649414062,15.733332633972168,11.23740291595459,9000.0,BRITANNIA.NS
1997-01-02,15.766666412353516,15.766666412353516,15.550000190734863,15.666666030883789,11.189789772033691,16500.0,BRITANNIA.NS
1997-01-03,15.666666030883789,15.666666030883789,15.666666030883789,15.666666030883789,11.189789772033691,1500.0,BRITANNIA.NS
1997-01-06,15.713333129882812,15.713333129882812,15.5,15.5,11.070746421813965,4500.0,BRITANNIA.NS
1997-01-07,15.166666030883789,15.633333206176758,15.133333206176758,15.59000015258789,11.135029792785645,100500.0,BRITANNIA.NS
1997-01-08,15.733332633972168,15.896665573120117,15.550000190734863,15.896665573120117,11.3540620803833,18000.0,BRITANNIA.NS
1997-01-09,15.726666450500488,15.800000190734863,15.666666030883789,15.779999732971191,11.270735740661621,21000.0,BRITANNIA.NS
1997-01-10,15.866665840148926,16.333332061767578,15.866665840148926,16.183332443237305,11.558813095092773,42000.0,BRITANNIA.NS
1997-01-13,16.183332443237305,16.816665649414062,16.100000381469727,16.690000534057617,11.920696258544922,69000.0,BRITANNIA.NS
1997-01-14,16.696666717529297,16.933332443237305,16.600000381469727,16.799999237060547,11.999259948730469,64500.0,BRITANNIA.NS
1997-01-15,16.799999237060547,17.200000762939453,16.799999237060547,17.079999923706055,12.199247360229492,99000.0,BRITANNIA.NS
1997-01-16,17.333332061767578,17.399999618530273,16.66666603088379,16.726665496826172,11.946884155273438,46500.0,BRITANNIA.NS
1997-01-17,16.600000381469727,16.79666519165039,16.600000381469727,16.753332138061523,11.965928077697754,136500.0,BRITANNIA.NS
1997-01-20,16.66666603088379,16.866666793823242,16.66666603088379,16.75666618347168,11.96830940246582,54000.0,BRITANNIA.NS
1997-01-21,16.65999984741211,16.799999237060547,16.6200008392334,16.736665725708008,11.954026222229004,115500.0,BRITANNIA.NS
1997-01-22,16.78333282470703,16.799999237060547,16.66666603088379,16.780000686645508,11.984975814819336,9000.0,BRITANNIA.NS
1997-01-23,16.780000686645508,16.780000686645508,16.780000686645508,16.780000686645508,11.984975814819336,0.0,BRITANNIA.NS
1997-01-24,16.733333587646484,16.733333587646484,16.733333587646484,16.733333587646484,11.951643943786621,3000.0,BRITANNIA.NS
1997-01-27,16.733333587646484,16.799999237060547,16.700000762939453,16.753332138061523,11.965928077697754,84000.0,BRITANNIA.NS
1997-01-28,16.66666603088379,16.926666259765625,16.66666603088379,16.766666412353516,11.975452423095703,99000.0,BRITANNIA.NS
1997-01-29,16.66666603088379,17.0,16.66666603088379,16.81333351135254,12.008785247802734,153000.0,BRITANNIA.NS
1997-01-30,16.733333587646484,16.816665649414062,16.733333587646484,16.816665649414062,12.0111665725708,30000.0,BRITANNIA.NS
1997-01-31,16.79666519165039,16.799999237060547,16.733333587646484,16.733333587646484,11.951643943786621,48000.0,BRITANNIA.NS
1997-02-03,16.66666603088379,16.799999237060547,16.66666603088379,16.799999237060547,11.999259948730469,21000.0,BRITANNIA.NS
1997-02-04,16.863332748413086,16.99333381652832,16.816665649414062,16.899999618530273,12.070686340332031,12000.0,BRITANNIA.NS
1997-02-05,16.933332443237305,17.049999237060547,16.933332443237305,17.049999237060547,12.177823066711426,13500.0,BRITANNIA.NS
1997-02-06,17.0,17.066665649414062,17.0,17.03333282470703,12.165916442871094,3000.0,BRITANNIA.NS
1997-02-07,17.100000381469727,17.266666412353516,16.883333206176758,17.066665649414062,12.189725875854492,7500.0,BRITANNIA.NS
1997-02-10,16.799999237060547,17.0,16.799999237060547,17.0,12.142108917236328,33000.0,BRITANNIA.NS
1997-02-11,16.883333206176758,17.0,16.733333587646484,16.97333335876465,12.123062133789062,19500.0,BRITANNIA.NS
1997-02-12,16.933332443237305,17.066665649414062,16.933332443237305,17.0,12.142108917236328,6000.0,BRITANNIA.NS
1997-02-13,17.0,17.133333206176758,17.0,17.133333206176758,12.237340927124023,6000.0,BRITANNIA.NS
1997-02-14,16.933332443237305,17.200000762939453,16.933332443237305,17.200000762939453,12.284958839416504,27000.0,BRITANNIA.NS
1997-02-17,16.816665649414062,17.66666603088379,16.806665420532227,17.66666603088379,12.618270874023438,27000.0,BRITANNIA.NS
1997-02-18,17.600000381469727,17.733333587646484,17.333332061767578,17.333332061767578,12.380189895629883,19500.0,BRITANNIA.NS
1997-02-19,17.333332061767578,17.52666664123535,17.333332061767578,17.34000015258789,12.384954452514648,19500.0,BRITANNIA.NS
1997-02-20,17.233333587646484,17.233333587646484,17.233333587646484,17.233333587646484,12.308769226074219,1500.0,BRITANNIA.NS
1997-02-21,17.073333740234375,17.073333740234375,17.066665649414062,17.066665649414062,12.189725875854492,3000.0,BRITANNIA.NS
1997-02-24,17.149999618530273,17.149999618530273,16.733333587646484,16.733333587646484,11.951643943786621,9000.0,BRITANNIA.NS
1997-02-25,16.799999237060547,17.16666603088379,16.706666946411133,16.876665115356445,12.054019927978516,28500.0,BRITANNIA.NS
1997-02-26,16.66666603088379,16.66666603088379,16.66666603088379,16.66666603088379,11.904029846191406,1500.0,BRITANNIA.NS
1997-02-27,16.816665649414062,17.133333206176758,16.733333587646484,16.84666633605957,12.032594680786133,46500.0,BRITANNIA.NS
1997-02-28,17.333332061767578,17.933332443237305,17.333332061767578,17.573333740234375,12.551609992980957,55500.0,BRITANNIA.NS
1997-03-03,19.066665649414062,19.866666793823242,19.0,19.03333282470703,13.594398498535156,16500.0,BRITANNIA.NS
1997-03-04,18.93000030517578,18.933332443237305,18.133333206176758,18.866666793823242,13.475358963012695,19500.0,BRITANNIA.NS
1997-03-05,18.66666603088379,18.933332443237305,18.466665267944336,18.850000381469727,13.463457107543945,30000.0,BRITANNIA.NS
1997-03-06,18.333332061767578,18.333332061767578,18.200000762939453,18.266666412353516,13.0468168258667,4500.0,BRITANNIA.NS
1997-03-07,18.266666412353516,18.266666412353516,18.266666412353516,18.266666412353516,13.0468168258667,0.0,BRITANNIA.NS
1997-03-10,18.0,18.0,18.0,18.0,12.856353759765625,1500.0,BRITANNIA.NS
1997-03-11,17.733333587646484,17.933332443237305,17.66666603088379,17.733333587646484,12.665887832641602,13500.0,BRITANNIA.NS
1997-03-12,18.0,18.51333236694336,18.0,18.03333282470703,12.880158424377441,19500.0,BRITANNIA.NS
1997-03-13,18.03333282470703,18.133333206176758,18.03333282470703,18.133333206176758,12.951583862304688,6000.0,BRITANNIA.NS
1997-03-14,18.0,18.0,18.0,18.0,12.856353759765625,3000.0,BRITANNIA.NS
1997-03-17,18.0,18.0,17.799999237060547,17.799999237060547,12.713504791259766,4500.0,BRITANNIA.NS
1997-03-18,18.0,18.0,17.66666603088379,17.67333221435547,12.623031616210938,27000.0,BRITANNIA.NS
1997-03-19,17.67333221435547,17.67333221435547,17.67333221435547,17.67333221435547,12.623031616210938,0.0,BRITANNIA.NS
1997-03-20,17.333332061767578,17.333332061767578,16.466665267944336,17.066665649414062,12.189725875854492,12000.0,BRITANNIA.NS
1997-03-21,16.899999618530273,17.0,16.899999618530273,17.0,12.142108917236328,4500.0,BRITANNIA.NS
1997-03-24,17.0,17.0,17.0,17.0,12.142108917236328,0.0,BRITANNIA.NS
1997-03-25,17.066665649414062,17.066665649414062,16.60333251953125,16.60333251953125,11.858793258666992,12000.0,BRITANNIA.NS
1997-03-26,16.53333282470703,16.850000381469727,16.399999618530273,16.469999313354492,11.763558387756348,100500.0,BRITANNIA.NS
1997-03-27,16.333332061767578,16.5,16.200000762939453,16.5,11.784988403320312,16500.0,BRITANNIA.NS
1997-03-28,16.5,16.5,16.5,16.5,11.784988403320312,0.0,BRITANNIA.NS
1997-03-31,15.666666030883789,15.666666030883789,15.380000114440918,15.666666030883789,11.189789772033691,9000.0,BRITANNIA.NS
1997-04-01,15.666666030883789,15.866665840148926,15.489999771118164,15.866665840148926,11.332634925842285,12000.0,BRITANNIA.NS
1997-04-02,16.593332290649414,16.593332290649414,16.336666107177734,16.336666107177734,11.668330192565918,3000.0,BRITANNIA.NS
1997-04-03,16.333332061767578,16.333332061767578,16.333332061767578,16.333332061767578,11.665950775146484,1500.0,BRITANNIA.NS
1997-04-04,16.216665267944336,16.366666793823242,16.216665267944336,16.299999237060547,11.642142295837402,18000.0,BRITANNIA.NS
1997-04-07,15.833333015441895,16.0,15.833333015441895,15.916666030883789,11.368348121643066,10500.0,BRITANNIA.NS
1997-04-08,15.916666030883789,15.916666030883789,15.916666030883789,15.916666030883789,11.368348121643066,0.0,BRITANNIA.NS
1997-04-09,15.933333396911621,16.466665267944336,15.916666030883789,16.35333251953125,11.680235862731934,97500.0,BRITANNIA.NS
1997-04-10,16.200000762939453,16.200000762939453,16.170000076293945,16.170000076293945,11.549286842346191,4500.0,BRITANNIA.NS
1997-04-11,16.0,16.200000762939453,16.0,16.066665649414062,11.475483894348145,9000.0,BRITANNIA.NS
1997-04-14,16.066665649414062,16.066665649414062,16.066665649414062,16.066665649414062,11.475483894348145,0.0,BRITANNIA.NS
1997-04-15,16.233333587646484,16.299999237060547,16.0,16.016666412353516,11.43977165222168,9000.0,BRITANNIA.NS
1997-04-16,16.016666412353516,16.016666412353516,16.016666412353516,16.016666412353516,11.43977165222168,0.0,BRITANNIA.NS
1997-04-17,16.016666412353516,16.016666412353516,16.016666412353516,16.016666412353516,11.43977165222168,0.0,BRITANNIA.NS
1997-04-18,16.016666412353516,16.016666412353516,16.016666412353516,16.016666412353516,11.43977165222168,0.0,BRITANNIA.NS
1997-04-21,16.016666412353516,16.016666412353516,16.016666412353516,16.016666412353516,11.43977165222168,0.0,BRITANNIA.NS
1997-04-22,15.666666030883789,16.133333206176758,15.666666030883789,15.903332710266113,11.358823776245117,13500.0,BRITANNIA.NS
1997-04-23,16.133333206176758,16.233333587646484,16.133333206176758,16.233333587646484,11.594527244567871,9000.0,BRITANNIA.NS
1997-04-24,16.200000762939453,16.333332061767578,16.200000762939453,16.216665267944336,11.582621574401855,15000.0,BRITANNIA.NS
1997-04-25,16.19333267211914,16.25,16.16666603088379,16.206666946411133,11.575478553771973,7500.0,BRITANNIA.NS
1997-04-28,16.200000762939453,16.333332061767578,16.016666412353516,16.016666412353516,11.43977165222168,7500.0,BRITANNIA.NS
1997-04-29,16.00666618347168,16.149999618530273,15.996665954589844,16.133333206176758,11.523098945617676,37500.0,BRITANNIA.NS
1997-04-30,16.266666412353516,16.266666412353516,16.266666412353516,16.266666412353516,11.61833381652832,1500.0,BRITANNIA.NS
1997-05-01,16.266666412353516,16.266666412353516,16.266666412353516,16.266666412353516,11.61833381652832,0.0,BRITANNIA.NS
1997-05-02,16.200000762939453,16.333332061767578,16.100000381469727,16.133333206176758,11.523098945617676,19500.0,BRITANNIA.NS
1997-05-05,15.883333206176758,16.29666519165039,15.883333206176758,16.266666412353516,11.61833381652832,15000.0,BRITANNIA.NS
1997-05-06,16.0,16.66666603088379,16.0,16.600000381469727,11.856415748596191,24000.0,BRITANNIA.NS
1997-05-07,16.216665267944336,16.466665267944336,16.203332901000977,16.466665267944336,11.761180877685547,6000.0,BRITANNIA.NS
1997-05-08,16.216665267944336,16.463333129882812,16.216665267944336,16.28333282470703,11.630234718322754,4500.0,BRITANNIA.NS
1997-05-09,16.399999618530273,16.399999618530273,16.399999618530273,16.399999618530273,11.713562965393066,1500.0,BRITANNIA.NS
1997-05-12,16.149999618530273,16.53333282470703,16.149999618530273,16.53333282470703,11.808796882629395,18000.0,BRITANNIA.NS
1997-05-13,16.333332061767578,16.66666603088379,16.333332061767578,16.336666107177734,11.668330192565918,12000.0,BRITANNIA.NS
1997-05-14,16.399999618530273,16.53333282470703,16.333332061767578,16.53333282470703,11.808796882629395,4500.0,BRITANNIA.NS
1997-05-15,17.0,17.0,16.866666793823242,16.866666793823242,12.046878814697266,16500.0,BRITANNIA.NS
1997-05-16,17.0,17.0,17.0,17.0,12.142108917236328,7500.0,BRITANNIA.NS
1997-05-19,17.066665649414062,17.329999923706055,17.066665649414062,17.15333366394043,12.251626968383789,18000.0,BRITANNIA.NS
1997-05-20,17.200000762939453,17.200000762939453,16.333332061767578,16.799999237060547,11.999259948730469,118500.0,BRITANNIA.NS
1997-05-21,16.799999237060547,16.799999237060547,16.799999237060547,16.799999237060547,11.999259948730469,3000.0,BRITANNIA.NS
1997-05-22,16.799999237060547,16.799999237060547,16.799999237060547,16.799999237060547,11.999259948730469,0.0,BRITANNIA.NS
1997-05-23,16.333332061767578,17.0,16.233333587646484,16.97333335876465,12.123062133789062,115500.0,BRITANNIA.NS
1997-05-26,16.66666603088379,16.66666603088379,16.41666603088379,16.65999984741211,11.89926815032959,36000.0,BRITANNIA.NS
1997-05-27,16.65999984741211,17.66666603088379,16.53333282470703,17.200000762939453,12.284958839416504,355500.0,BRITANNIA.NS
1997-05-28,17.53333282470703,17.816665649414062,17.336666107177734,17.483333587646484,12.48732852935791,27000.0,BRITANNIA.NS
1997-05-29,17.53333282470703,17.53333282470703,17.200000762939453,17.236665725708008,12.311145782470703,15000.0,BRITANNIA.NS
1997-05-30,17.566665649414062,17.566665649414062,17.266666412353516,17.5,12.499232292175293,36000.0,BRITANNIA.NS
1997-06-02,17.399999618530273,17.399999618530273,17.170000076293945,17.290000915527344,12.349241256713867,13500.0,BRITANNIA.NS
1997-06-03,17.03333282470703,17.333332061767578,16.866666793823242,17.133333206176758,12.237340927124023,31500.0,BRITANNIA.NS
1997-06-04,17.19333267211914,17.333332061767578,17.19333267211914,17.216665267944336,12.296863555908203,12000.0,BRITANNIA.NS
1997-06-05,17.329999923706055,17.600000381469727,17.266666412353516,17.309999465942383,12.36352252960205,30000.0,BRITANNIA.NS
1997-06-06,16.466665267944336,17.459999084472656,16.466665267944336,17.336666107177734,12.38257122039795,27000.0,BRITANNIA.NS
1997-06-09,17.00666618347168,17.253332138061523,17.0,17.066665649414062,12.189725875854492,18000.0,BRITANNIA.NS
1997-06-10,17.0,17.066665649414062,16.889999389648438,17.030000686645508,12.163535118103027,30000.0,BRITANNIA.NS
1997-06-11,17.016666412353516,17.19333267211914,17.016666412353516,17.19333267211914,12.280195236206055,15000.0,BRITANNIA.NS
1997-06-12,16.866666793823242,17.3266658782959,16.866666793823242,17.200000762939453,12.284958839416504,13500.0,BRITANNIA.NS
1997-06-13,17.26333236694336,17.266666412353516,17.06999969482422,17.06999969482422,12.192106246948242,25500.0,BRITANNIA.NS
1997-06-16,17.3266658782959,17.333332061767578,17.00666618347168,17.200000762939453,12.284958839416504,18000.0,BRITANNIA.NS
1997-06-17,17.15999984741211,17.15999984741211,16.799999237060547,17.06333351135254,12.187347412109375,15000.0,BRITANNIA.NS
1997-06-18,16.66666603088379,17.333332061767578,16.66666603088379,17.066665649414062,12.189725875854492,24000.0,BRITANNIA.NS
1997-06-19,17.066665649414062,17.066665649414062,16.866666793823242,16.97333335876465,12.123062133789062,31500.0,BRITANNIA.NS
1997-06-20,16.799999237060547,16.799999237060547,16.536666870117188,16.593332290649414,11.851651191711426,70500.0,BRITANNIA.NS
1997-06-23,16.799999237060547,17.06333351135254,16.53333282470703,17.04666519165039,12.17544174194336,39000.0,BRITANNIA.NS
1997-06-24,16.933332443237305,16.99333381652832,16.866666793823242,16.899999618530273,12.070686340332031,18000.0,BRITANNIA.NS
1997-06-25,16.966665267944336,17.200000762939453,16.75,17.06999969482422,12.192106246948242,148500.0,BRITANNIA.NS
1997-06-26,17.16666603088379,17.260000228881836,17.133333206176758,17.133333206176758,12.237340927124023,18000.0,BRITANNIA.NS
1997-06-27,17.0,17.16666603088379,17.0,17.0,12.142108917236328,25500.0,BRITANNIA.NS
1997-06-30,17.0,17.133333206176758,16.933332443237305,17.126665115356445,12.23257827758789,28500.0,BRITANNIA.NS
1997-07-01,17.133333206176758,17.133333206176758,16.683332443237305,16.976665496826172,12.125442504882812,72000.0,BRITANNIA.NS
1997-07-02,17.266666412353516,17.399999618530273,17.200000762939453,17.266666412353516,12.332575798034668,40500.0,BRITANNIA.NS
1997-07-03,17.200000762939453,17.200000762939453,17.0,17.0,12.142108917236328,31500.0,BRITANNIA.NS
1997-07-04,17.260000228881836,17.399999618530273,17.100000381469727,17.399999618530273,12.427807807922363,61500.0,BRITANNIA.NS
1997-07-07,17.600000381469727,18.6200008392334,17.53333282470703,18.6200008392334,13.299182891845703,168000.0,BRITANNIA.NS
1997-07-08,19.0,19.92333221435547,18.66666603088379,19.920000076293945,14.227692604064941,132000.0,BRITANNIA.NS
1997-07-09,20.66666603088379,21.316665649414062,20.66666603088379,21.316665649414062,15.225252151489258,160500.0,BRITANNIA.NS
1997-07-10,22.0,22.0,20.66666603088379,21.149999618530273,15.106215476989746,261000.0,BRITANNIA.NS
1997-07-11,20.333332061767578,22.0,20.333332061767578,21.466665267944336,15.332390785217285,355500.0,BRITANNIA.NS
1997-07-14,20.799999237060547,21.333332061767578,20.0,21.290000915527344,15.206205368041992,190500.0,BRITANNIA.NS
1997-07-15,21.633333206176758,21.66666603088379,20.816665649414062,21.350000381469727,15.249062538146973,801000.0,BRITANNIA.NS
1997-07-16,21.866666793823242,21.966665267944336,21.200000762939453,21.280000686645508,15.199068069458008,48000.0,BRITANNIA.NS
1997-07-17,21.200000762939453,21.440000534057617,21.066665649414062,21.3700008392334,15.263344764709473,51000.0,BRITANNIA.NS
1997-07-18,21.3700008392334,21.3700008392334,21.3700008392334,21.3700008392334,15.263344764709473,0.0,BRITANNIA.NS
1997-07-21,20.933332443237305,21.433332443237305,20.28333282470703,21.383333206176758,15.272871017456055,126000.0,BRITANNIA.NS
1997-07-22,21.31333351135254,21.399999618530273,20.803333282470703,20.933332443237305,14.951461791992188,40500.0,BRITANNIA.NS
1997-07-23,21.99333381652832,22.399999618530273,21.933332443237305,22.399999618530273,15.999025344848633,502500.0,BRITANNIA.NS
1997-07-24,22.626665115356445,23.399999618530273,22.626665115356445,22.84666633605957,16.318044662475586,393000.0,BRITANNIA.NS
1997-07-25,22.933332443237305,22.99333381652832,22.466665267944336,22.643333435058594,16.172815322875977,157500.0,BRITANNIA.NS
1997-07-28,23.19333267211914,23.200000762939453,22.53333282470703,22.690000534057617,16.20615005493164,105000.0,BRITANNIA.NS
1997-07-29,22.99333381652832,22.99333381652832,22.600000381469727,22.863332748413086,16.329946517944336,147000.0,BRITANNIA.NS
1997-07-30,22.933332443237305,23.066665649414062,22.78333282470703,22.809999465942383,16.291852951049805,258000.0,BRITANNIA.NS
1997-07-31,22.739999771118164,22.90999984741211,22.733333587646484,22.81333351135254,16.294235229492188,94500.0,BRITANNIA.NS
1997-08-01,22.799999237060547,22.799999237060547,22.600000381469727,22.610000610351562,16.149003982543945,73500.0,BRITANNIA.NS
1997-08-04,22.8266658782959,22.833332061767578,22.700000762939453,22.766666412353516,16.260900497436523,82500.0,BRITANNIA.NS
1997-08-05,22.739999771118164,23.100000381469727,22.739999771118164,23.0,16.42756462097168,103500.0,BRITANNIA.NS
1997-08-06,23.133333206176758,23.133333206176758,22.799999237060547,23.086666107177734,16.48946189880371,91500.0,BRITANNIA.NS
1997-08-07,22.866666793823242,23.190000534057617,22.703332901000977,22.75666618347168,16.25376319885254,205500.0,BRITANNIA.NS
1997-08-08,23.133333206176758,23.133333206176758,22.549999237060547,22.68000030517578,16.19900131225586,132000.0,BRITANNIA.NS
1997-08-11,22.510000228881836,22.733333587646484,22.50666618347168,22.706666946411133,16.21805191040039,111000.0,BRITANNIA.NS
1997-08-12,23.03333282470703,23.03333282470703,22.739999771118164,22.77666664123535,16.268041610717773,112500.0,BRITANNIA.NS
1997-08-13,22.600000381469727,22.66666603088379,22.483333587646484,22.593332290649414,16.13710594177246,78000.0,BRITANNIA.NS
1997-08-14,22.086666107177734,22.733333587646484,22.086666107177734,22.530000686645508,16.091869354248047,301500.0,BRITANNIA.NS
1997-08-15,22.530000686645508,22.530000686645508,22.530000686645508,22.530000686645508,16.091869354248047,0.0,BRITANNIA.NS
1997-08-18,23.116666793823242,23.116666793823242,22.399999618530273,22.719999313354492,16.22757339477539,115500.0,BRITANNIA.NS
1997-08-19,22.766666412353516,22.766666412353516,21.206666946411133,21.556665420532227,15.3966703414917,883500.0,BRITANNIA.NS
1997-08-20,21.606666564941406,21.833332061767578,21.266666412353516,21.799999237060547,15.570476531982422,330000.0,BRITANNIA.NS
1997-08-21,21.516666412353516,21.566665649414062,21.266666412353516,21.530000686645508,15.377626419067383,42000.0,BRITANNIA.NS
1997-08-22,21.200000762939453,21.200000762939453,21.100000381469727,21.17333221435547,15.122878074645996,13500.0,BRITANNIA.NS
1997-08-25,20.966665267944336,21.266666412353516,20.933332443237305,21.18666648864746,15.132403373718262,21000.0,BRITANNIA.NS
1997-08-26,21.260000228881836,21.799999237060547,20.833332061767578,21.280000686645508,15.199068069458008,63000.0,BRITANNIA.NS
1997-08-27,21.600000381469727,21.600000381469727,21.333332061767578,21.5,15.35619831085205,21000.0,BRITANNIA.NS
1997-08-28,21.233333587646484,21.233333587646484,21.066665649414062,21.066665649414062,15.046690940856934,12000.0,BRITANNIA.NS
1997-08-29,21.0,21.0,20.273332595825195,20.656665802001953,14.753850936889648,49500.0,BRITANNIA.NS
1997-09-01,20.933332443237305,21.066665649414062,20.799999237060547,20.833332061767578,14.880035400390625,27000.0,BRITANNIA.NS
1997-09-02,20.799999237060547,21.0,20.799999237060547,20.94333267211914,14.958602905273438,18000.0,BRITANNIA.NS
1997-09-03,21.0,21.520000457763672,21.0,21.399999618530273,15.284771919250488,21000.0,BRITANNIA.NS
1997-09-04,21.333332061767578,21.866666793823242,21.333332061767578,21.833332061767578,15.594277381896973,27000.0,BRITANNIA.NS
1997-09-05,21.99333381652832,22.593332290649414,21.799999237060547,22.52666664123535,16.089488983154297,33000.0,BRITANNIA.NS
1997-09-08,22.66666603088379,22.66666603088379,22.38666534423828,22.38666534423828,15.989489555358887,9000.0,BRITANNIA.NS
1997-09-09,22.229999542236328,22.646665573120117,21.676666259765625,22.143333435058594,15.815695762634277,22500.0,BRITANNIA.NS
1997-09-10,22.200000762939453,22.200000762939453,21.866666793823242,21.866666793823242,15.618086814880371,3000.0,BRITANNIA.NS
1997-09-11,21.66666603088379,21.66666603088379,21.566665649414062,21.566665649414062,15.403813362121582,4500.0,BRITANNIA.NS
1997-09-12,21.333332061767578,21.66666603088379,21.333332061767578,21.66666603088379,15.475235939025879,9000.0,BRITANNIA.NS
1997-09-15,22.333332061767578,22.53333282470703,22.066665649414062,22.110000610351562,15.791888236999512,9000.0,BRITANNIA.NS
1997-09-16,22.0,22.266666412353516,22.0,22.13666534423828,15.810927391052246,6000.0,BRITANNIA.NS
1997-09-17,22.200000762939453,22.200000762939453,22.200000762939453,22.200000762939453,15.856169700622559,1500.0,BRITANNIA.NS
1997-09-18,21.333332061767578,21.66666603088379,21.333332061767578,21.639999389648438,15.456191062927246,15000.0,BRITANNIA.NS
1997-09-19,21.616666793823242,21.683332443237305,21.616666793823242,21.670000076293945,15.477620124816895,39000.0,BRITANNIA.NS
1997-09-22,21.583332061767578,21.729999542236328,21.503332138061523,21.729999542236328,15.52047348022461,21000.0,BRITANNIA.NS
1997-09-23,21.866666793823242,21.866666793823242,21.549999237060547,21.549999237060547,15.391905784606934,10500.0,BRITANNIA.NS
1997-09-24,21.72333335876465,21.863332748413086,21.66666603088379,21.66666603088379,15.475235939025879,12000.0,BRITANNIA.NS
1997-09-25,21.866666793823242,21.866666793823242,21.60333251953125,21.733333587646484,15.522852897644043,34500.0,BRITANNIA.NS
1997-09-26,21.733333587646484,21.733333587646484,21.733333587646484,21.733333587646484,15.522852897644043,1500.0,BRITANNIA.NS
1997-09-29,22.066665649414062,22.200000762939453,21.866666793823242,22.200000762939453,15.856169700622559,9000.0,BRITANNIA.NS
1997-09-30,21.733333587646484,21.733333587646484,21.350000381469727,21.583332061767578,15.415719985961914,25500.0,BRITANNIA.NS
1997-10-01,21.466665267944336,21.633333206176758,21.466665267944336,21.549999237060547,15.391905784606934,3000.0,BRITANNIA.NS
1997-10-02,21.549999237060547,21.549999237060547,21.549999237060547,21.549999237060547,15.391905784606934,0.0,BRITANNIA.NS
1997-10-03,21.549999237060547,21.549999237060547,21.549999237060547,21.549999237060547,15.391905784606934,0.0,BRITANNIA.NS
1997-10-06,21.549999237060547,21.549999237060547,21.549999237060547,21.549999237060547,15.391905784606934,0.0,BRITANNIA.NS
1997-10-07,21.549999237060547,21.549999237060547,21.549999237060547,21.549999237060547,15.391905784606934,0.0,BRITANNIA.NS
1997-10-08,21.549999237060547,21.549999237060547,21.549999237060547,21.549999237060547,15.391905784606934,0.0,BRITANNIA.NS
1997-10-09,22.066665649414062,22.399999618530273,22.066665649414062,22.139999389648438,15.813310623168945,15000.0,BRITANNIA.NS
1997-10-10,22.200000762939453,22.66666603088379,22.133333206176758,22.606666564941406,16.146625518798828,112500.0,BRITANNIA.NS
1997-10-13,22.733333587646484,22.733333587646484,22.133333206176758,22.566665649414062,16.118059158325195,78000.0,BRITANNIA.NS
1997-10-14,22.333332061767578,22.53333282470703,22.13666534423828,22.399999618530273,15.999025344848633,138000.0,BRITANNIA.NS
1997-10-15,22.66666603088379,22.733333587646484,22.40333366394043,22.733333587646484,16.23709487915039,21000.0,BRITANNIA.NS
1997-10-16,22.66666603088379,24.0,22.66666603088379,23.773332595825195,16.97990608215332,93000.0,BRITANNIA.NS
1997-10-17,24.0,24.65999984741211,24.0,24.093332290649414,17.208467483520508,142500.0,BRITANNIA.NS
1997-10-20,24.133333206176758,24.266666412353516,23.966665267944336,24.163333892822266,17.258464813232422,57000.0,BRITANNIA.NS
1997-10-21,24.3266658782959,24.433332443237305,23.266666412353516,23.47333335876465,16.7656307220459,127500.0,BRITANNIA.NS
1997-10-22,23.469999313354492,23.799999237060547,23.466665267944336,23.633333206176758,16.879915237426758,43500.0,BRITANNIA.NS
1997-10-23,23.540000915527344,23.66666603088379,23.333332061767578,23.520000457763672,16.798967361450195,58500.0,BRITANNIA.NS
1997-10-24,23.399999618530273,23.53333282470703,23.213333129882812,23.5,16.78468132019043,493500.0,BRITANNIA.NS
1997-10-27,23.549999237060547,23.78333282470703,23.53333282470703,23.540000915527344,16.813255310058594,37500.0,BRITANNIA.NS
1997-10-28,23.329999923706055,23.466665267944336,22.600000381469727,22.979999542236328,16.41326904296875,556500.0,BRITANNIA.NS
1997-10-29,23.933332443237305,23.933332443237305,23.209999084472656,23.753332138061523,16.965620040893555,66000.0,BRITANNIA.NS
1997-10-30,23.66666603088379,23.99333381652832,23.333332061767578,23.866666793823242,17.046571731567383,24000.0,BRITANNIA.NS
1997-10-31,23.866666793823242,23.866666793823242,23.866666793823242,23.866666793823242,17.046571731567383,0.0,BRITANNIA.NS
1997-11-03,24.0,24.0,23.600000381469727,23.600000381469727,16.856107711791992,16500.0,BRITANNIA.NS
1997-11-04,23.469999313354492,24.0,23.466665267944336,23.649999618530273,16.891817092895508,64500.0,BRITANNIA.NS
1997-11-05,23.366666793823242,23.66666603088379,23.360000610351562,23.66666603088379,16.903718948364258,27000.0,BRITANNIA.NS
1997-11-06,23.766666412353516,23.78333282470703,23.399999618530273,23.78333282470703,16.987051010131836,27000.0,BRITANNIA.NS
1997-11-07,24.003332138061523,25.66666603088379,24.0,25.399999618530273,18.14174461364746,229500.0,BRITANNIA.NS
1997-11-10,25.34000015258789,25.34000015258789,24.600000381469727,24.896665573120117,17.78223419189453,108000.0,BRITANNIA.NS
1997-11-11,25.123332977294922,25.133333206176758,24.66666603088379,25.020000457763672,17.870332717895508,175500.0,BRITANNIA.NS
1997-11-12,24.10333251953125,25.176666259765625,24.10333251953125,24.989999771118164,17.848901748657227,216000.0,BRITANNIA.NS
1997-11-13,24.66666603088379,25.059999465942383,24.333332061767578,25.036666870117188,17.88223648071289,226500.0,BRITANNIA.NS
1997-11-14,25.036666870117188,25.036666870117188,25.036666870117188,25.036666870117188,17.88223648071289,0.0,BRITANNIA.NS
1997-11-17,25.450000762939453,26.583332061767578,25.200000762939453,26.18666648864746,18.703611373901367,252000.0,BRITANNIA.NS
1997-11-18,25.899999618530273,25.966665267944336,25.0,25.163333892822266,17.972705841064453,232500.0,BRITANNIA.NS
1997-11-19,23.866666793823242,24.53333282470703,23.836666107177734,24.143333435058594,17.244176864624023,229500.0,BRITANNIA.NS
1997-11-20,23.60333251953125,24.260000228881836,23.60333251953125,24.100000381469727,17.21323013305664,85500.0,BRITANNIA.NS
1997-11-21,24.18000030517578,25.66666603088379,24.18000030517578,25.253332138061523,18.036985397338867,147000.0,BRITANNIA.NS
1997-11-24,25.16666603088379,25.183332443237305,24.866666793823242,24.986665725708008,17.846525192260742,49500.0,BRITANNIA.NS
1997-11-25,24.803333282470703,26.200000762939453,24.803333282470703,25.920000076293945,18.513145446777344,385500.0,BRITANNIA.NS
1997-11-26,25.66666603088379,26.133333206176758,25.496665954589844,25.84666633605957,18.46076774597168,141000.0,BRITANNIA.NS
1997-11-27,26.633333206176758,27.19333267211914,26.0766658782959,26.823333740234375,19.158344268798828,238500.0,BRITANNIA.NS
1997-11-28,26.53333282470703,26.66666603088379,25.8700008392334,26.190000534057617,18.70599365234375,190500.0,BRITANNIA.NS
1997-12-01,26.133333206176758,27.049999237060547,26.133333206176758,26.753332138061523,19.108346939086914,225000.0,BRITANNIA.NS
1997-12-02,26.799999237060547,27.0,26.483333587646484,26.700000762939453,19.07025718688965,192000.0,BRITANNIA.NS
1997-12-03,26.66666603088379,28.383333206176758,26.56999969482422,27.50666618347168,19.64640998840332,276000.0,BRITANNIA.NS
1997-12-04,27.99333381652832,28.56333351135254,27.133333206176758,27.510000228881836,19.648792266845703,612000.0,BRITANNIA.NS
1997-12-05,27.350000381469727,28.399999618530273,27.350000381469727,28.260000228881836,20.184473037719727,361500.0,BRITANNIA.NS
1997-12-08,29.0,29.466665267944336,28.683332443237305,29.0766658782959,20.767770767211914,931500.0,BRITANNIA.NS
1997-12-09,28.799999237060547,29.523332595825195,27.67333221435547,28.06999969482422,20.04876708984375,655500.0,BRITANNIA.NS
1997-12-10,27.733333587646484,27.983333587646484,27.399999618530273,27.59000015258789,19.705928802490234,346500.0,BRITANNIA.NS
1997-12-11,27.303333282470703,27.66666603088379,26.799999237060547,27.459999084472656,19.61307716369629,321000.0,BRITANNIA.NS
1997-12-12,27.399999618530273,27.920000076293945,27.333332061767578,27.450000762939453,19.605941772460938,144000.0,BRITANNIA.NS
1997-12-15,27.66666603088379,27.713333129882812,27.25,27.65333366394043,19.751169204711914,112500.0,BRITANNIA.NS
1997-12-16,27.766666412353516,28.0,27.466665267944336,27.81999969482422,19.870203018188477,219000.0,BRITANNIA.NS
1997-12-17,28.066665649414062,28.066665649414062,27.66666603088379,27.790000915527344,19.84877586364746,141000.0,BRITANNIA.NS
1997-12-18,27.966665267944336,28.66666603088379,27.733333587646484,27.76333236694336,19.829730987548828,229500.0,BRITANNIA.NS
1997-12-19,27.866666793823242,28.066665649414062,27.333332061767578,27.663333892822266,19.758310317993164,169500.0,BRITANNIA.NS
1997-12-22,27.799999237060547,27.933332443237305,27.466665267944336,27.466665267944336,19.61783790588379,99000.0,BRITANNIA.NS
1997-12-23,27.333332061767578,27.79666519165039,26.799999237060547,27.036666870117188,19.310714721679688,235500.0,BRITANNIA.NS
1997-12-24,27.656665802001953,27.65999984741211,26.809999465942383,27.253332138061523,19.46546745300293,69000.0,BRITANNIA.NS
1997-12-25,27.253332138061523,27.253332138061523,27.253332138061523,27.253332138061523,19.46546745300293,0.0,BRITANNIA.NS
1997-12-26,27.329999923706055,27.466665267944336,26.466665267944336,26.623332977294922,19.0154972076416,442500.0,BRITANNIA.NS
1997-12-29,26.66666603088379,26.866666793823242,26.406665802001953,26.649999618530273,19.0345401763916,130500.0,BRITANNIA.NS
1997-12-30,26.66666603088379,27.066665649414062,26.43666648864746,26.940000534057617,19.24167251586914,234000.0,BRITANNIA.NS
1997-12-31,27.200000762939453,27.649999618530273,27.003332138061523,27.133333206176758,19.3797607421875,126000.0,BRITANNIA.NS
1998-01-01,27.25,27.266666412353516,26.803333282470703,26.860000610351562,19.18453598022461,103500.0,BRITANNIA.NS
1998-01-02,26.540000915527344,27.266666412353516,26.540000915527344,26.706666946411133,19.07501792907715,478500.0,BRITANNIA.NS
1998-01-05,27.200000762939453,27.663333892822266,27.16666603088379,27.216665267944336,19.439279556274414,265500.0,BRITANNIA.NS
1998-01-06,27.073333740234375,27.360000610351562,26.733333587646484,26.823333740234375,19.158344268798828,142500.0,BRITANNIA.NS
1998-01-07,27.200000762939453,27.593332290649414,26.906665802001953,27.1200008392334,19.370243072509766,180000.0,BRITANNIA.NS
1998-01-08,26.899999618530273,27.030000686645508,26.600000381469727,26.696666717529297,19.06787109375,129000.0,BRITANNIA.NS
1998-01-09,25.333332061767578,26.593332290649414,25.333332061767578,26.06999969482422,18.620283126831055,117000.0,BRITANNIA.NS
1998-01-12,25.66666603088379,25.766666412353516,25.233333587646484,25.56333351135254,18.25840187072754,57000.0,BRITANNIA.NS
1998-01-13,26.200000762939453,26.38666534423828,25.600000381469727,26.093332290649414,18.63694953918457,157500.0,BRITANNIA.NS
1998-01-14,26.78333282470703,26.78333282470703,26.13666534423828,26.366666793823242,18.832170486450195,54000.0,BRITANNIA.NS
1998-01-15,26.266666412353516,26.333332061767578,25.66666603088379,26.229999542236328,18.734560012817383,64500.0,BRITANNIA.NS
1998-01-16,26.133333206176758,26.399999618530273,26.0,26.280000686645508,18.770275115966797,70500.0,BRITANNIA.NS
1998-01-19,26.323333740234375,27.16666603088379,26.323333740234375,26.989999771118164,19.277385711669922,157500.0,BRITANNIA.NS
1998-01-20,27.0,27.066665649414062,26.549999237060547,26.67333221435547,19.051210403442383,123000.0,BRITANNIA.NS
1998-01-21,26.600000381469727,26.700000762939453,26.433332443237305,26.583332061767578,18.986923217773438,25500.0,BRITANNIA.NS
1998-01-22,26.40333366394043,26.5,26.366666793823242,26.44333267211914,18.886930465698242,18000.0,BRITANNIA.NS
1998-01-23,26.299999237060547,26.333332061767578,26.266666412353516,26.333332061767578,18.808364868164062,22500.0,BRITANNIA.NS
1998-01-26,26.333332061767578,26.333332061767578,26.333332061767578,26.333332061767578,18.808364868164062,0.0,BRITANNIA.NS
1998-01-27,26.200000762939453,26.200000762939453,25.72333335876465,25.92333221435547,18.515527725219727,22500.0,BRITANNIA.NS
1998-01-28,25.860000610351562,25.866666793823242,25.540000915527344,25.540000915527344,18.241741180419922,22500.0,BRITANNIA.NS
1998-01-29,25.200000762939453,25.466665267944336,25.200000762939453,25.466665267944336,18.18935203552246,364500.0,BRITANNIA.NS
1998-01-30,25.600000381469727,25.799999237060547,25.600000381469727,25.799999237060547,18.427433013916016,10500.0,BRITANNIA.NS
1998-02-02,25.799999237060547,26.200000762939453,25.799999237060547,26.200000762939453,18.713132858276367,13500.0,BRITANNIA.NS
1998-02-03,26.299999237060547,26.933332443237305,26.066665649414062,26.216665267944336,18.725034713745117,81000.0,BRITANNIA.NS
1998-02-04,26.53333282470703,26.66666603088379,26.03333282470703,26.03333282470703,18.594093322753906,37500.0,BRITANNIA.NS
1998-02-05,26.16666603088379,26.200000762939453,26.100000381469727,26.100000381469727,18.641706466674805,10500.0,BRITANNIA.NS
1998-02-06,25.469999313354492,26.26333236694336,25.469999313354492,25.966665267944336,18.54647445678711,10500.0,BRITANNIA.NS
1998-02-09,25.67333221435547,25.866666793823242,25.67333221435547,25.856666564941406,18.46790885925293,7500.0,BRITANNIA.NS
1998-02-10,25.66666603088379,25.75,25.600000381469727,25.709999084472656,18.3631534576416,48000.0,BRITANNIA.NS
1998-02-11,25.549999237060547,25.549999237060547,25.549999237060547,25.549999237060547,18.248876571655273,1500.0,BRITANNIA.NS
1998-02-12,25.336666107177734,25.53333282470703,25.333332061767578,25.399999618530273,18.14174461364746,15000.0,BRITANNIA.NS
1998-02-13,25.399999618530273,25.466665267944336,25.399999618530273,25.433332443237305,18.16554832458496,10500.0,BRITANNIA.NS
1998-02-16,25.433332443237305,25.433332443237305,25.433332443237305,25.433332443237305,18.16554832458496,0.0,BRITANNIA.NS
1998-02-17,26.066665649414062,26.333332061767578,25.866666793823242,26.139999389648438,18.670276641845703,37500.0,BRITANNIA.NS
1998-02-18,26.333332061767578,26.600000381469727,26.233333587646484,26.280000686645508,18.770275115966797,25500.0,BRITANNIA.NS
1998-02-19,26.13666534423828,26.266666412353516,26.066665649414062,26.100000381469727,18.641706466674805,7500.0,BRITANNIA.NS
1998-02-20,26.406665802001953,27.25,26.3266658782959,26.873332977294922,19.194059371948242,136500.0,BRITANNIA.NS
1998-02-23,27.18666648864746,27.866666793823242,26.899999618530273,27.389999389648438,19.563087463378906,357000.0,BRITANNIA.NS
1998-02-24,27.543333053588867,28.266666412353516,27.336666107177734,27.780000686645508,19.841630935668945,255000.0,BRITANNIA.NS
1998-02-25,28.396665573120117,28.899999618530273,28.133333206176758,28.760000228881836,20.541593551635742,370500.0,BRITANNIA.NS
1998-02-26,28.733333587646484,28.979999542236328,28.303333282470703,28.543333053588867,20.386842727661133,325500.0,BRITANNIA.NS
1998-02-27,28.133333206176758,30.19333267211914,28.133333206176758,29.56999969482422,21.120132446289062,1008000.0,BRITANNIA.NS
1998-03-02,29.600000381469727,29.84666633605957,28.5,28.67333221435547,20.47968864440918,439500.0,BRITANNIA.NS
1998-03-03,28.333332061767578,28.333332061767578,26.66666603088379,27.336666107177734,19.52499008178711,414000.0,BRITANNIA.NS
1998-03-04,28.399999618530273,28.91666603088379,28.170000076293945,28.670000076293945,20.477312088012695,499500.0,BRITANNIA.NS
1998-03-05,28.66666603088379,29.983333587646484,28.66666603088379,28.850000381469727,20.605873107910156,312000.0,BRITANNIA.NS
1998-03-06,28.99333381652832,29.066665649414062,28.483333587646484,28.703332901000977,20.501123428344727,510000.0,BRITANNIA.NS
1998-03-09,28.806665420532227,29.19333267211914,28.536666870117188,28.65999984741211,20.470170974731445,555000.0,BRITANNIA.NS
1998-03-10,28.469999313354492,29.16666603088379,28.273332595825195,28.736665725708008,20.524927139282227,951000.0,BRITANNIA.NS
1998-03-11,29.333332061767578,29.733333587646484,28.53333282470703,28.793333053588867,20.565397262573242,103500.0,BRITANNIA.NS
1998-03-12,28.67333221435547,28.780000686645508,28.469999313354492,28.53333282470703,20.379701614379883,54000.0,BRITANNIA.NS
1998-03-13,28.53333282470703,28.53333282470703,28.53333282470703,28.53333282470703,20.379701614379883,0.0,BRITANNIA.NS
1998-03-16,28.66666603088379,29.016666412353516,28.66666603088379,28.946666717529297,20.674917221069336,150000.0,BRITANNIA.NS
1998-03-17,28.733333587646484,28.733333587646484,28.16666603088379,28.376665115356445,20.267799377441406,190500.0,BRITANNIA.NS
1998-03-18,28.866666793823242,29.933332443237305,28.753332138061523,29.54666519165039,21.10346221923828,552000.0,BRITANNIA.NS
1998-03-19,29.649999618530273,32.39666748046875,29.649999618530273,31.989999771118164,22.848594665527344,982500.0,BRITANNIA.NS
1998-03-20,31.733333587646484,32.86666488647461,31.333332061767578,32.290000915527344,23.0628662109375,778500.0,BRITANNIA.NS
1998-03-23,31.806665420532227,32.25,31.806665420532227,32.18666458129883,22.989063262939453,34500.0,BRITANNIA.NS
1998-03-24,31.333332061767578,32.46666717529297,30.733333587646484,31.03333282470703,22.16530418395996,676500.0,BRITANNIA.NS
1998-03-25,32.400001525878906,32.400001525878906,31.566665649414062,31.74333381652832,22.672414779663086,139500.0,BRITANNIA.NS
1998-03-26,31.733333587646484,31.866666793823242,31.203332901000977,31.34000015258789,22.384340286254883,94500.0,BRITANNIA.NS
1998-03-27,31.133333206176758,31.52666664123535,31.133333206176758,31.200000762939453,22.284339904785156,48000.0,BRITANNIA.NS
1998-03-30,31.200000762939453,31.733333587646484,31.15333366394043,31.333332061767578,22.379579544067383,115500.0,BRITANNIA.NS
1998-03-31,31.233333587646484,31.530000686645508,30.866666793823242,31.183332443237305,22.27243995666504,244500.0,BRITANNIA.NS
1998-04-01,31.799999237060547,34.3033332824707,31.799999237060547,34.29999923706055,24.498493194580078,739500.0,BRITANNIA.NS
1998-04-02,34.3033332824707,34.666664123535156,33.33333206176758,33.52000045776367,23.94138526916504,327000.0,BRITANNIA.NS
1998-04-03,33.33333206176758,33.666664123535156,33.28333282470703,33.51333236694336,23.93661880493164,189000.0,BRITANNIA.NS
1998-04-06,33.79999923706055,34.33333206176758,33.483333587646484,34.24333190917969,24.458019256591797,190500.0,BRITANNIA.NS
1998-04-07,34.666664123535156,34.93333435058594,33.599998474121094,33.79666519165039,24.138988494873047,387000.0,BRITANNIA.NS
1998-04-08,33.79666519165039,33.79666519165039,33.79666519165039,33.79666519165039,24.138988494873047,0.0,BRITANNIA.NS
1998-04-09,34.7400016784668,35.766666412353516,34.666664123535156,35.06999969482422,25.048458099365234,289500.0,BRITANNIA.NS
1998-04-10,35.266666412353516,35.266666412353516,34.33333206176758,34.39666748046875,24.567541122436523,156000.0,BRITANNIA.NS
1998-04-13,33.33333206176758,34.666664123535156,33.06666564941406,34.290000915527344,24.491357803344727,345000.0,BRITANNIA.NS
1998-04-14,34.290000915527344,34.290000915527344,34.290000915527344,34.290000915527344,24.491357803344727,0.0,BRITANNIA.NS
1998-04-15,35.266666412353516,37.720001220703125,35.266666412353516,37.336666107177734,26.66740608215332,903000.0,BRITANNIA.NS
1998-04-16,37.33333206176758,37.79999923706055,36.06666564941406,36.356666564941406,25.967453002929688,201000.0,BRITANNIA.NS
1998-04-17,36.46666717529297,37.24333190917969,36.223331451416016,37.0,26.42694854736328,306000.0,BRITANNIA.NS
1998-04-20,37.20000076293945,38.33333206176758,36.849998474121094,37.2400016784668,26.598365783691406,682500.0,BRITANNIA.NS
1998-04-21,37.46666717529297,40.0,37.46666717529297,39.733333587646484,28.37920379638672,483000.0,BRITANNIA.NS
1998-04-22,41.666664123535156,41.666664123535156,38.46666717529297,38.58000183105469,27.555450439453125,448500.0,BRITANNIA.NS
1998-04-23,37.400001525878906,38.9900016784668,37.33333206176758,37.926666259765625,27.08881378173828,229500.0,BRITANNIA.NS
1998-04-24,38.0,39.0,36.133331298828125,38.6533317565918,27.607824325561523,279000.0,BRITANNIA.NS
1998-04-27,39.20000076293945,40.33333206176758,38.83333206176758,38.996665954589844,27.853055953979492,412500.0,BRITANNIA.NS
1998-04-28,38.666664123535156,38.666664123535156,36.80666732788086,37.349998474121094,26.67692756652832,376500.0,BRITANNIA.NS
1998-04-29,40.0,40.0,37.47666549682617,38.09666442871094,27.21022605895996,162000.0,BRITANNIA.NS
1998-04-30,37.666664123535156,38.9900016784668,37.0,38.77666473388672,27.69591522216797,195000.0,BRITANNIA.NS
1998-05-01,38.77666473388672,38.77666473388672,38.77666473388672,38.77666473388672,27.69591522216797,0.0,BRITANNIA.NS
1998-05-04,39.46666717529297,40.85333251953125,39.00666427612305,40.393333435058594,28.850601196289062,373500.0,BRITANNIA.NS
1998-05-05,40.459999084472656,40.733333587646484,39.46666717529297,40.47666549682617,28.910125732421875,370500.0,BRITANNIA.NS
1998-05-06,41.0,42.33333206176758,39.666664123535156,40.689998626708984,29.06249237060547,780000.0,BRITANNIA.NS
1998-05-07,40.689998626708984,40.689998626708984,40.689998626708984,40.689998626708984,29.06249237060547,0.0,BRITANNIA.NS
1998-05-08,39.996665954589844,40.96666717529297,39.46666717529297,39.99333190917969,28.564912796020508,355500.0,BRITANNIA.NS
1998-05-11,39.77000045776367,40.0,39.336666107177734,39.99333190917969,28.564912796020508,183000.0,BRITANNIA.NS
1998-05-12,39.33333206176758,39.33333206176758,35.996665954589844,37.86000061035156,27.041194915771484,688500.0,BRITANNIA.NS
1998-05-13,35.0,38.166664123535156,34.99333190917969,35.59333419799805,25.4222469329834,613500.0,BRITANNIA.NS
1998-05-14,35.666664123535156,37.666664123535156,35.133331298828125,37.41999816894531,26.726919174194336,429000.0,BRITANNIA.NS
1998-05-15,37.20000076293945,37.86666488647461,36.666664123535156,36.93000030517578,26.3769474029541,132000.0,BRITANNIA.NS
1998-05-18,37.53333282470703,39.97999954223633,37.53333282470703,39.02000045776367,27.869718551635742,403500.0,BRITANNIA.NS
1998-05-19,39.33333206176758,41.0,39.06999969482422,40.356666564941406,28.824417114257812,319500.0,BRITANNIA.NS
1998-05-20,41.33333206176758,41.33333206176758,40.53333282470703,41.043331146240234,29.31486701965332,310500.0,BRITANNIA.NS
1998-05-21,40.53333282470703,40.733333587646484,39.0,39.95000076293945,28.53396224975586,238500.0,BRITANNIA.NS
1998-05-22,39.79999923706055,39.79999923706055,39.35333251953125,39.439998626708984,28.169700622558594,123000.0,BRITANNIA.NS
1998-05-25,39.1966667175293,40.0,39.1966667175293,39.85333251953125,28.464916229248047,141000.0,BRITANNIA.NS
1998-05-26,39.666664123535156,40.20000076293945,39.53333282470703,40.03666687011719,28.595863342285156,348000.0,BRITANNIA.NS
1998-05-27,40.0,40.33333206176758,39.58333206176758,40.01333236694336,28.579191207885742,162000.0,BRITANNIA.NS
1998-05-28,39.666664123535156,40.400001525878906,39.46666717529297,39.7400016784668,28.38397216796875,108000.0,BRITANNIA.NS
1998-05-29,39.33333206176758,39.996665954589844,37.93333435058594,39.71666717529297,28.367305755615234,96000.0,BRITANNIA.NS
1998-06-01,40.266666412353516,40.666664123535156,39.0,39.25666427612305,28.038745880126953,117000.0,BRITANNIA.NS
1998-06-02,38.20000076293945,39.0,37.916664123535156,38.426666259765625,27.44593048095703,238500.0,BRITANNIA.NS
1998-06-03,38.53333282470703,40.0,37.900001525878906,39.9466667175293,28.531572341918945,148500.0,BRITANNIA.NS
1998-06-04,40.06666564941406,41.86666488647461,40.06666564941406,40.47999954223633,28.912506103515625,240000.0,BRITANNIA.NS
1998-06-05,40.33333206176758,40.33333206176758,38.33333206176758,38.61666488647461,27.581628799438477,85500.0,BRITANNIA.NS
1998-06-08,38.53333282470703,38.53333282470703,35.099998474121094,35.96333312988281,25.686513900756836,156000.0,BRITANNIA.NS
1998-06-09,35.86666488647461,39.5533332824707,35.41999816894531,39.5533332824707,28.25063705444336,196500.0,BRITANNIA.NS
1998-06-10,38.86666488647461,39.0,35.86666488647461,36.40999984741211,26.00554847717285,388500.0,BRITANNIA.NS
1998-06-11,36.0,36.65999984741211,33.54999923706055,36.23666763305664,25.881746292114258,403500.0,BRITANNIA.NS
1998-06-12,37.0,38.33333206176758,37.0,37.4033317565918,26.715017318725586,195000.0,BRITANNIA.NS
1998-06-15,36.93333435058594,36.93333435058594,35.073333740234375,36.0,25.71270751953125,267000.0,BRITANNIA.NS
1998-06-16,35.58333206176758,36.6533317565918,34.0,35.76333236694336,25.543664932250977,201000.0,BRITANNIA.NS
1998-06-17,37.133331298828125,37.86666488647461,37.133331298828125,37.540000915527344,26.81263542175293,39000.0,BRITANNIA.NS
1998-06-18,37.53333282470703,37.53333282470703,36.733333587646484,36.88999938964844,26.348371505737305,42000.0,BRITANNIA.NS
1998-06-19,36.666664123535156,36.86666488647461,34.70000076293945,34.97999954223633,24.98417854309082,76500.0,BRITANNIA.NS
1998-06-22,34.33333206176758,34.913333892822266,34.08333206176758,34.720001220703125,24.798479080200195,81000.0,BRITANNIA.NS
1998-06-23,34.666664123535156,34.666664123535156,34.0,34.130001068115234,24.3770694732666,52500.0,BRITANNIA.NS
1998-06-24,35.53333282470703,35.87333297729492,35.266666412353516,35.369998931884766,25.262727737426758,30000.0,BRITANNIA.NS
1998-06-25,35.35333251953125,38.20000076293945,35.349998474121094,36.9033317565918,26.357894897460938,99000.0,BRITANNIA.NS
1998-06-26,36.97999954223633,37.599998474121094,36.97999954223633,37.46333312988281,26.757884979248047,48000.0,BRITANNIA.NS
1998-06-29,38.0,40.49333190917969,37.413333892822266,39.27666473388672,28.05303382873535,165000.0,BRITANNIA.NS
1998-06-30,38.66999816894531,38.66999816894531,37.36000061035156,37.61666488647461,26.867389678955078,76500.0,BRITANNIA.NS
1998-07-01,37.266666412353516,38.43333435058594,36.733333587646484,38.11333465576172,27.222135543823242,72000.0,BRITANNIA.NS
1998-07-02,37.53333282470703,38.266666412353516,37.53333282470703,37.79666519165039,26.995954513549805,40500.0,BRITANNIA.NS
1998-07-03,37.65999984741211,37.93000030517578,37.166664123535156,37.66999816894531,26.905487060546875,192000.0,BRITANNIA.NS
1998-07-06,39.599998474121094,40.90999984741211,38.133331298828125,40.73666763305664,29.0958309173584,252000.0,BRITANNIA.NS
1998-07-07,40.33333206176758,41.33333206176758,40.01333236694336,40.30666732788086,28.78870964050293,238500.0,BRITANNIA.NS
1998-07-08,42.400001525878906,42.93333435058594,41.5,41.81666564941406,29.86720848083496,369000.0,BRITANNIA.NS
1998-07-09,41.53333282470703,42.133331298828125,41.25,41.70000076293945,29.783885955810547,312000.0,BRITANNIA.NS
1998-07-10,42.06666564941406,43.400001525878906,41.61000061035156,42.823333740234375,30.58620834350586,877500.0,BRITANNIA.NS
1998-07-13,43.599998474121094,43.599998474121094,42.20000076293945,42.349998474121094,30.248136520385742,315000.0,BRITANNIA.NS
1998-07-14,41.79999923706055,42.599998474121094,41.79999923706055,42.46333312988281,30.329078674316406,156000.0,BRITANNIA.NS
1998-07-15,42.599998474121094,42.733333587646484,42.0,42.08333206176758,30.057676315307617,121500.0,BRITANNIA.NS
1998-07-16,42.099998474121094,43.0,42.0,42.709999084472656,30.505260467529297,312000.0,BRITANNIA.NS
1998-07-17,42.99333190917969,43.0,42.400001525878906,42.573333740234375,30.646839141845703,112500.0,BRITANNIA.NS
1998-07-20,42.79999923706055,42.79999923706055,42.03333282470703,42.30666732788086,30.45488166809082,78000.0,BRITANNIA.NS
1998-07-21,42.133331298828125,42.79999923706055,42.03333282470703,42.560001373291016,30.63724708557129,234000.0,BRITANNIA.NS
1998-07-22,42.666664123535156,43.06666564941406,42.33333206176758,42.416664123535156,30.534069061279297,201000.0,BRITANNIA.NS
1998-07-23,42.233333587646484,42.32666778564453,41.71666717529297,41.83000183105469,30.111745834350586,204000.0,BRITANNIA.NS
1998-07-24,41.33333206176758,42.633331298828125,41.21333312988281,42.016666412353516,30.246112823486328,339000.0,BRITANNIA.NS
1998-07-27,41.73666763305664,42.133331298828125,41.666664123535156,41.79999923706055,30.090139389038086,237000.0,BRITANNIA.NS
1998-07-28,41.93333435058594,42.28666687011719,41.869998931884766,42.133331298828125,30.33009910583496,93000.0,BRITANNIA.NS
1998-07-29,42.19333267211914,42.96666717529297,42.16999816894531,42.68333435058594,30.726030349731445,211500.0,BRITANNIA.NS
1998-07-30,42.86666488647461,45.133331298828125,42.733333587646484,44.900001525878906,32.32171630859375,1113000.0,BRITANNIA.NS
1998-07-31,44.93333435058594,47.29999923706055,44.93333435058594,46.96333312988281,33.80702590942383,1437000.0,BRITANNIA.NS
1998-08-03,46.666664123535156,48.96666717529297,46.06666564941406,47.356666564941406,34.09016799926758,1783500.0,BRITANNIA.NS
1998-08-04,46.93333435058594,47.86666488647461,46.400001525878906,46.779998779296875,33.675048828125,648000.0,BRITANNIA.NS
1998-08-05,46.46666717529297,47.20000076293945,46.00666427612305,47.00666427612305,33.838218688964844,886500.0,BRITANNIA.NS
1998-08-06,47.12666702270508,47.133331298828125,46.27666473388672,46.40999984741211,33.40871047973633,391500.0,BRITANNIA.NS
1998-08-07,46.34000015258789,49.53333282470703,46.310001373291016,48.676666259765625,35.04037857055664,2706000.0,BRITANNIA.NS
1998-08-10,49.133331298828125,49.32666778564453,48.20000076293945,48.65999984741211,35.02839279174805,997500.0,BRITANNIA.NS
1998-08-11,48.46666717529297,51.599998474121094,48.336666107177734,50.72999954223633,36.518497467041016,2877000.0,BRITANNIA.NS
1998-08-12,48.79999923706055,48.79999923706055,46.67333221435547,46.67333221435547,33.598262786865234,1438500.0,BRITANNIA.NS
1998-08-13,45.753334045410156,45.79999923706055,44.003334045410156,45.246665954589844,32.571258544921875,1417500.0,BRITANNIA.NS
1998-08-14,45.133331298828125,46.856666564941406,44.86666488647461,46.10333251953125,33.18794250488281,1014000.0,BRITANNIA.NS
1998-08-17,46.400001525878906,46.86333465576172,44.753334045410156,44.94333267211914,32.3529167175293,648000.0,BRITANNIA.NS
1998-08-18,44.79999923706055,45.93333435058594,44.46666717529297,45.310001373291016,32.61685562133789,637500.0,BRITANNIA.NS
1998-08-19,44.666664123535156,44.996665954589844,43.666664123535156,44.643333435058594,32.13694763183594,486000.0,BRITANNIA.NS
1998-08-20,44.79999923706055,46.0,44.79999923706055,45.78666687011719,32.959991455078125,268500.0,BRITANNIA.NS
1998-08-21,45.79999923706055,48.733333587646484,45.33333206176758,47.143333435058594,33.93659973144531,951000.0,BRITANNIA.NS
1998-08-24,47.59666442871094,48.86666488647461,47.266666412353516,48.4900016784668,34.906005859375,462000.0,BRITANNIA.NS
1998-08-25,48.97999954223633,50.400001525878906,47.893333435058594,49.5,35.6330680847168,463500.0,BRITANNIA.NS
1998-08-26,49.5,49.5,49.5,49.5,35.6330680847168,0.0,BRITANNIA.NS
1998-08-27,49.33333206176758,49.33333206176758,48.266666412353516,48.34666442871094,34.802833557128906,183000.0,BRITANNIA.NS
1998-08-28,48.266666412353516,48.266666412353516,47.0,48.02666473388672,34.572471618652344,190500.0,BRITANNIA.NS
1998-08-31,48.20000076293945,48.22999954223633,47.336666107177734,47.83333206176758,34.43330383300781,70500.0,BRITANNIA.NS
1998-09-01,47.400001525878906,48.133331298828125,47.133331298828125,47.856666564941406,34.450103759765625,189000.0,BRITANNIA.NS
1998-09-02,47.53333282470703,47.96666717529297,45.79999923706055,45.89666748046875,33.03917694091797,348000.0,BRITANNIA.NS
1998-09-03,45.93333435058594,47.666664123535156,45.93333435058594,47.18000030517578,33.9630012512207,352500.0,BRITANNIA.NS
1998-09-04,47.20000076293945,47.723331451416016,47.20000076293945,47.65999984741211,34.308536529541016,157500.0,BRITANNIA.NS
1998-09-07,47.53333282470703,49.400001525878906,47.46666717529297,48.893333435058594,35.196353912353516,202500.0,BRITANNIA.NS
1998-09-08,48.46666717529297,49.79999923706055,48.43333435058594,49.176666259765625,35.40031051635742,249000.0,BRITANNIA.NS
1998-09-09,49.79999923706055,49.79999923706055,47.53333282470703,47.753334045410156,34.37571716308594,321000.0,BRITANNIA.NS
1998-09-10,47.666664123535156,48.0,47.473331451416016,47.650001525878906,34.301326751708984,135000.0,BRITANNIA.NS
1998-09-11,47.33333206176758,47.59333419799805,47.0,47.106666564941406,33.91020584106445,129000.0,BRITANNIA.NS
1998-09-14,47.926666259765625,47.926666259765625,47.133331298828125,47.26333236694336,34.02296829223633,133500.0,BRITANNIA.NS
1998-09-15,47.33333206176758,48.0,46.53333282470703,46.84666442871094,33.72304153442383,205500.0,BRITANNIA.NS
1998-09-16,46.93666458129883,47.400001525878906,46.93666458129883,47.016666412353516,33.84541320800781,88500.0,BRITANNIA.NS
1998-09-17,46.75,47.12666702270508,46.150001525878906,46.53333282470703,33.49748611450195,106500.0,BRITANNIA.NS
1998-09-18,46.633331298828125,46.86666488647461,46.133331298828125,46.29999923706055,33.32951736450195,93000.0,BRITANNIA.NS
1998-09-21,46.46666717529297,46.6533317565918,46.016666412353516,46.133331298828125,33.20954513549805,27000.0,BRITANNIA.NS
1998-09-22,46.06999969482422,46.793331146240234,45.68333435058594,46.599998474121094,33.545475006103516,109500.0,BRITANNIA.NS
1998-09-23,46.79999923706055,48.33333206176758,46.79999923706055,47.92333221435547,34.49809265136719,244500.0,BRITANNIA.NS
1998-09-24,48.33333206176758,49.0,48.133331298828125,48.6533317565918,35.023582458496094,262500.0,BRITANNIA.NS
1998-09-25,48.849998474121094,49.46666717529297,48.34000015258789,48.40666580200195,34.84602355957031,108000.0,BRITANNIA.NS
1998-09-28,48.733333587646484,49.233333587646484,48.4033317565918,49.04999923706055,35.30913543701172,229500.0,BRITANNIA.NS
1998-09-29,48.599998474121094,48.86666488647461,48.33333206176758,48.633331298828125,35.009193420410156,88500.0,BRITANNIA.NS
1998-09-30,47.72666549682617,47.72666549682617,47.133331298828125,47.49333190917969,34.18854522705078,16500.0,BRITANNIA.NS
1998-10-01,47.49333190917969,47.49333190917969,47.49333190917969,47.49333190917969,34.18854522705078,0.0,BRITANNIA.NS
1998-10-02,47.49333190917969,47.49333190917969,47.49333190917969,47.49333190917969,34.18854522705078,0.0,BRITANNIA.NS
1998-10-05,46.33333206176758,46.33333206176758,45.0,45.0,32.393699645996094,57000.0,BRITANNIA.NS
1998-10-06,45.0,46.266666412353516,44.0,45.81999969482422,32.98398208618164,124500.0,BRITANNIA.NS
1998-10-07,45.86666488647461,46.89666748046875,45.86666488647461,46.71666717529297,33.62945556640625,76500.0,BRITANNIA.NS
1998-10-08,47.0,47.0,46.02000045776367,46.65666580200195,33.58627700805664,84000.0,BRITANNIA.NS
1998-10-09,46.666664123535156,46.813331604003906,46.33333206176758,46.58000183105469,33.53108215332031,42000.0,BRITANNIA.NS
1998-10-12,46.470001220703125,48.18000030517578,46.470001220703125,46.93333435058594,33.78543472290039,105000.0,BRITANNIA.NS
1998-10-13,46.93333435058594,47.599998474121094,45.47666549682617,46.150001525878906,33.22153854370117,169500.0,BRITANNIA.NS
1998-10-14,47.0,47.266666412353516,46.20000076293945,46.459999084472656,33.4447021484375,55500.0,BRITANNIA.NS
1998-10-15,46.86666488647461,46.86666488647461,46.666664123535156,46.71666717529297,33.62945556640625,9000.0,BRITANNIA.NS
1998-10-16,46.733333587646484,46.733333587646484,46.133331298828125,46.20000076293945,33.257530212402344,24000.0,BRITANNIA.NS
1998-10-19,46.666664123535156,46.666664123535156,46.0,46.2400016784668,33.28632736206055,27000.0,BRITANNIA.NS
1998-10-20,45.67333221435547,46.099998474121094,44.66999816894531,45.66999816894531,32.87599563598633,66000.0,BRITANNIA.NS
1998-10-21,45.66999816894531,45.66999816894531,45.66999816894531,45.66999816894531,32.87599563598633,0.0,BRITANNIA.NS
1998-10-22,46.133331298828125,46.133331298828125,45.836666107177734,45.836666107177734,32.995975494384766,3000.0,BRITANNIA.NS
1998-10-23,46.133331298828125,47.20000076293945,46.133331298828125,46.733333587646484,33.64146041870117,49500.0,BRITANNIA.NS
1998-10-26,47.33333206176758,48.666664123535156,47.266666412353516,47.459999084472656,34.16455078125,112500.0,BRITANNIA.NS
1998-10-27,47.666664123535156,48.06666564941406,47.33333206176758,48.02333450317383,34.570072174072266,102000.0,BRITANNIA.NS
1998-10-28,47.900001525878906,47.93000030517578,47.599998474121094,47.709999084472656,34.34451675415039,36000.0,BRITANNIA.NS
1998-10-29,46.8033332824707,47.46333312988281,46.8033332824707,47.46333312988281,34.16695785522461,15000.0,BRITANNIA.NS
1998-10-30,47.33333206176758,47.666664123535156,47.0,47.27000045776367,34.027774810791016,76500.0,BRITANNIA.NS
1998-11-02,47.133331298828125,47.133331298828125,46.40999984741211,46.40999984741211,33.40871047973633,12000.0,BRITANNIA.NS
1998-11-03,46.336666107177734,47.060001373291016,46.336666107177734,46.83333206176758,33.713436126708984,33000.0,BRITANNIA.NS
1998-11-04,46.83333206176758,46.83333206176758,46.83333206176758,46.83333206176758,33.713436126708984,0.0,BRITANNIA.NS
1998-11-05,46.666664123535156,48.0,46.666664123535156,47.973331451416016,34.53407669067383,78000.0,BRITANNIA.NS
1998-11-06,47.80666732788086,48.0,47.666664123535156,47.666664123535156,34.31332015991211,18000.0,BRITANNIA.NS
1998-11-09,48.0,48.133331298828125,47.900001525878906,48.133331298828125,34.649269104003906,64500.0,BRITANNIA.NS
1998-11-10,48.33333206176758,49.32666778564453,48.133331298828125,49.223331451416016,35.43391418457031,88500.0,BRITANNIA.NS
1998-11-11,49.06666564941406,50.666664123535156,49.06666564941406,49.79999923706055,35.84903335571289,219000.0,BRITANNIA.NS
1998-11-12,49.666664123535156,49.93333435058594,49.33333206176758,49.72666549682617,35.796241760253906,76500.0,BRITANNIA.NS
1998-11-13,49.93333435058594,50.79999923706055,49.77333450317383,49.913333892822266,35.93061447143555,141000.0,BRITANNIA.NS
1998-11-16,50.266666412353516,50.293331146240234,49.79999923706055,50.02666473388672,36.01219177246094,64500.0,BRITANNIA.NS
1998-11-17,49.68333435058594,50.133331298828125,49.46666717529297,49.61666488647461,35.7170524597168,109500.0,BRITANNIA.NS
1998-11-18,50.06666564941406,50.2599983215332,49.86666488647461,50.0,35.99300003051758,34500.0,BRITANNIA.NS
1998-11-19,49.91999816894531,49.91999816894531,49.46666717529297,49.46666717529297,35.609066009521484,13500.0,BRITANNIA.NS
1998-11-20,49.400001525878906,49.400001525878906,49.0,49.06666564941406,35.32113265991211,58500.0,BRITANNIA.NS
1998-11-23,48.79999923706055,48.79999923706055,48.349998474121094,48.349998474121094,34.805233001708984,25500.0,BRITANNIA.NS
1998-11-24,48.06666564941406,48.86666488647461,48.06666564941406,48.733333587646484,35.081172943115234,72000.0,BRITANNIA.NS
1998-11-25,48.733333587646484,48.733333587646484,48.733333587646484,48.733333587646484,35.081172943115234,0.0,BRITANNIA.NS
1998-11-26,48.86666488647461,48.86666488647461,48.599998474121094,48.72666549682617,35.07637023925781,55500.0,BRITANNIA.NS
1998-11-27,48.46666717529297,49.5,48.0,49.5,35.6330680847168,100500.0,BRITANNIA.NS
1998-11-30,48.746665954589844,51.599998474121094,48.709999084472656,51.46666717529297,37.04879379272461,214500.0,BRITANNIA.NS
1998-12-01,51.599998474121094,51.599998474121094,50.53333282470703,50.86666488647461,36.61687088012695,123000.0,BRITANNIA.NS
1998-12-02,50.733333587646484,53.233333587646484,50.666664123535156,52.86666488647461,38.05659484863281,553500.0,BRITANNIA.NS
1998-12-03,53.099998474121094,54.45333480834961,52.70000076293945,53.06666564941406,38.200565338134766,613500.0,BRITANNIA.NS
1998-12-04,52.93333435058594,53.733333587646484,52.483333587646484,53.33333206176758,38.39253234863281,549000.0,BRITANNIA.NS
1998-12-07,53.400001525878906,54.0,53.166664123535156,54.0,38.87244415283203,253500.0,BRITANNIA.NS
1998-12-08,54.133331298828125,54.93333435058594,53.323333740234375,54.06666564941406,38.92042922973633,559500.0,BRITANNIA.NS
1998-12-09,53.996665954589844,54.400001525878906,53.53333282470703,53.53666687011719,38.53890609741211,127500.0,BRITANNIA.NS
1998-12-10,53.56666564941406,56.20000076293945,53.483333587646484,55.53333282470703,39.97622299194336,663000.0,BRITANNIA.NS
1998-12-11,55.86666488647461,57.46666717529297,55.53333282470703,57.46666717529297,41.36796188354492,855000.0,BRITANNIA.NS
1998-12-14,57.650001525878906,58.33333206176758,56.87333297729492,57.266666412353516,41.2239875793457,363000.0,BRITANNIA.NS
1998-12-15,56.900001525878906,58.06666564941406,56.733333587646484,57.20000076293945,41.175994873046875,487500.0,BRITANNIA.NS
1998-12-16,56.0,56.53333282470703,55.46666717529297,56.53333282470703,40.696083068847656,220500.0,BRITANNIA.NS
1998-12-17,56.02333450317383,56.4566650390625,55.666664123535156,55.666664123535156,40.072200775146484,126000.0,BRITANNIA.NS
1998-12-18,55.473331451416016,57.666664123535156,55.400001525878906,57.17333221435547,41.15679168701172,445500.0,BRITANNIA.NS
1998-12-21,58.266666412353516,60.32666778564453,57.336666107177734,59.56666564941406,42.87965774536133,316500.0,BRITANNIA.NS
1998-12-22,59.93333435058594,60.32666778564453,58.133331298828125,58.133331298828125,41.84785842895508,303000.0,BRITANNIA.NS
1998-12-23,59.0,59.64666748046875,58.46666717529297,58.46666717529297,42.08782196044922,108000.0,BRITANNIA.NS
1998-12-24,59.0,59.33333206176758,58.2066650390625,58.666664123535156,42.23179244995117,88500.0,BRITANNIA.NS
1998-12-25,58.666664123535156,58.666664123535156,58.666664123535156,58.666664123535156,42.23179244995117,0.0,BRITANNIA.NS
1998-12-28,59.20000076293945,59.20000076293945,58.266666412353516,58.666664123535156,42.23179244995117,64500.0,BRITANNIA.NS
1998-12-29,58.666664123535156,59.599998474121094,57.7400016784668,57.7400016784668,41.56471252441406,133500.0,BRITANNIA.NS
1998-12-30,58.666664123535156,58.93333435058594,58.400001525878906,58.400001525878906,42.039817810058594,45000.0,BRITANNIA.NS
1998-12-31,58.24333190917969,58.83333206176758,58.20000076293945,58.20333480834961,41.898258209228516,48000.0,BRITANNIA.NS
1999-01-01,58.37333297729492,58.416664123535156,58.133331298828125,58.233333587646484,41.91985321044922,42000.0,BRITANNIA.NS
1999-01-04,58.33333206176758,59.0,58.150001525878906,58.29666519165039,41.96543884277344,81000.0,BRITANNIA.NS
1999-01-05,58.133331298828125,58.996665954589844,57.79999923706055,58.20333480834961,41.898258209228516,120000.0,BRITANNIA.NS
1999-01-06,58.79999923706055,59.33333206176758,58.266666412353516,58.266666412353516,41.94384002685547,130500.0,BRITANNIA.NS
1999-01-07,58.34000015258789,59.86000061035156,58.33333206176758,58.79999923706055,42.327762603759766,156000.0,BRITANNIA.NS
1999-01-08,60.0,63.50666427612305,60.0,63.50666427612305,45.715911865234375,310500.0,BRITANNIA.NS
1999-01-11,65.84666442871094,68.58999633789062,65.33333587646484,68.58999633789062,49.37520217895508,487500.0,BRITANNIA.NS
1999-01-12,66.7300033569336,68.0,64.73332977294922,65.58333587646484,47.210811614990234,199500.0,BRITANNIA.NS
1999-01-13,65.40666961669922,65.93333435058594,64.33333587646484,64.33333587646484,46.31099319458008,127500.0,BRITANNIA.NS
1999-01-14,64.12999725341797,64.5999984741211,62.86666488647461,63.33333206176758,45.59113311767578,100500.0,BRITANNIA.NS
1999-01-15,61.0,63.900001525878906,61.0,62.86333465576172,45.25279998779297,90000.0,BRITANNIA.NS
1999-01-18,63.0,65.66666412353516,61.53333282470703,65.43333435058594,47.102840423583984,1099500.0,BRITANNIA.NS
1999-01-19,65.66666412353516,65.73332977294922,63.87333297729492,64.66666412353516,46.550941467285156,135000.0,BRITANNIA.NS
1999-01-20,64.66666412353516,64.66666412353516,64.66666412353516,64.66666412353516,46.550941467285156,0.0,BRITANNIA.NS
1999-01-21,65.0,69.83999633789062,65.0,69.83999633789062,50.275028228759766,673500.0,BRITANNIA.NS
1999-01-22,71.13333129882812,75.0,71.0,73.53333282470703,52.93370819091797,318000.0,BRITANNIA.NS
1999-01-25,71.0,78.0,71.0,75.66666412353516,54.469398498535156,351000.0,BRITANNIA.NS
1999-01-26,75.66666412353516,75.66666412353516,75.66666412353516,75.66666412353516,54.469398498535156,0.0,BRITANNIA.NS
1999-01-27,77.26666259765625,77.26666259765625,74.40666961669922,75.0,53.989501953125,193500.0,BRITANNIA.NS
1999-01-28,72.34333038330078,75.66666412353516,72.34333038330078,73.65666961669922,53.02250671386719,115500.0,BRITANNIA.NS
1999-01-29,72.73332977294922,73.53333282470703,72.53333282470703,73.06666564941406,52.5977668762207,207000.0,BRITANNIA.NS
1999-02-01,72.66666412353516,76.16666412353516,72.66666412353516,74.0,53.26963806152344,175500.0,BRITANNIA.NS
1999-02-02,74.66666412353516,74.99333190917969,73.06666564941406,74.96666717529297,53.96549987792969,97500.0,BRITANNIA.NS
1999-02-03,75.0,76.0,74.54000091552734,74.69999694824219,53.77354049682617,138000.0,BRITANNIA.NS
1999-02-04,75.76666259765625,75.76666259765625,74.0,74.33333587646484,53.509605407714844,87000.0,BRITANNIA.NS
1999-02-05,74.5999984741211,74.5999984741211,73.33333587646484,73.86666870117188,53.17367172241211,40500.0,BRITANNIA.NS
1999-02-08,74.93333435058594,76.0,74.19999694824219,75.03333282470703,54.01350402832031,54000.0,BRITANNIA.NS
1999-02-09,75.6500015258789,75.93333435058594,74.73332977294922,74.73332977294922,53.79753875732422,127500.0,BRITANNIA.NS
1999-02-10,76.26333618164062,79.06666564941406,75.93333435058594,78.80000305175781,56.72496795654297,447000.0,BRITANNIA.NS
1999-02-11,80.46666717529297,82.12333679199219,78.40333557128906,80.13333129882812,57.684783935546875,388500.0,BRITANNIA.NS
1999-02-12,80.86666870117188,81.0,80.4000015258789,80.5,57.94872283935547,70500.0,BRITANNIA.NS
1999-02-15,80.33333587646484,80.33333587646484,77.4800033569336,79.0,56.86894226074219,145500.0,BRITANNIA.NS
1999-02-16,78.98666381835938,79.4000015258789,78.41000366210938,78.53333282470703,56.53300857543945,132000.0,BRITANNIA.NS
1999-02-17,78.66666412353516,78.66666412353516,77.4000015258789,77.4000015258789,55.717166900634766,49500.0,BRITANNIA.NS
1999-02-18,77.0,78.1933364868164,76.66666412353516,76.66666412353516,55.18925094604492,78000.0,BRITANNIA.NS
1999-02-19,76.66666412353516,77.33333587646484,75.35333251953125,76.66666412353516,55.18925094604492,39000.0,BRITANNIA.NS
1999-02-22,76.0,76.33333587646484,75.4000015258789,75.4000015258789,54.277442932128906,51000.0,BRITANNIA.NS
1999-02-23,75.0,75.93000030517578,72.66666412353516,75.93000030517578,54.65895462036133,97500.0,BRITANNIA.NS
1999-02-24,74.69999694824219,75.66666412353516,74.33333587646484,75.33333587646484,54.22945022583008,42000.0,BRITANNIA.NS
1999-02-25,75.0,75.0,74.18333435058594,74.18333435058594,53.40161895751953,3000.0,BRITANNIA.NS
1999-02-26,73.33333587646484,74.4000015258789,73.33333587646484,73.33333587646484,52.789737701416016,19500.0,BRITANNIA.NS
1999-03-01,79.40666961669922,82.66666412353516,79.0,80.73332977294922,58.11669158935547,112500.0,BRITANNIA.NS
1999-03-02,80.73332977294922,80.73332977294922,80.73332977294922,80.73332977294922,58.11669158935547,0.0,BRITANNIA.NS
1999-03-03,85.0,85.663330078125,82.33333587646484,82.80000305175781,59.604400634765625,244500.0,BRITANNIA.NS
1999-03-04,82.00666809082031,82.4000015258789,79.86666870117188,80.25333404541016,57.77116775512695,48000.0,BRITANNIA.NS
1999-03-05,79.66666412353516,80.52666473388672,78.66666412353516,79.33333587646484,57.1088981628418,54000.0,BRITANNIA.NS
1999-03-08,82.0,83.19999694824219,77.86666870117188,78.4000015258789,56.4370231628418,79500.0,BRITANNIA.NS
1999-03-09,77.06666564941406,78.93333435058594,76.66666412353516,78.93333435058594,56.8209342956543,147000.0,BRITANNIA.NS
1999-03-10,79.66666412353516,79.66666412353516,78.26666259765625,78.5199966430664,56.52339172363281,79500.0,BRITANNIA.NS
1999-03-11,79.0,82.4000015258789,78.33333587646484,78.5999984741211,56.58098602294922,322500.0,BRITANNIA.NS
1999-03-12,78.06666564941406,78.92666625976562,77.06666564941406,77.13333129882812,55.525203704833984,51000.0,BRITANNIA.NS
1999-03-15,77.40666961669922,78.58999633789062,76.80000305175781,76.80000305175781,55.285247802734375,63000.0,BRITANNIA.NS
1999-03-16,72.06666564941406,78.33333587646484,72.06666564941406,78.33333587646484,56.3890495300293,216000.0,BRITANNIA.NS
1999-03-17,78.5,84.5999984741211,78.13999938964844,84.49333190917969,60.82335662841797,262500.0,BRITANNIA.NS
1999-03-18,84.66666412353516,90.26666259765625,84.66666412353516,89.46666717529297,64.40348052978516,291000.0,BRITANNIA.NS
1999-03-19,89.66000366210938,89.73332977294922,83.33333587646484,84.80000305175781,61.04412841796875,160500.0,BRITANNIA.NS
1999-03-22,85.26666259765625,85.33333587646484,79.02333068847656,83.93333435058594,60.42026138305664,96000.0,BRITANNIA.NS
1999-03-23,85.0,86.4000015258789,83.33333587646484,85.66666412353516,61.668006896972656,232500.0,BRITANNIA.NS
1999-03-24,86.9000015258789,88.33333587646484,84.33333587646484,85.30000305175781,61.40407180786133,117000.0,BRITANNIA.NS
1999-03-25,84.0,86.66666412353516,83.46666717529297,86.0,61.907962799072266,82500.0,BRITANNIA.NS
1999-03-26,85.76666259765625,85.76666259765625,83.86666870117188,84.01666259765625,60.480228424072266,72000.0,BRITANNIA.NS
1999-03-29,84.01666259765625,84.01666259765625,84.01666259765625,84.01666259765625,60.480228424072266,0.0,BRITANNIA.NS
1999-03-30,84.66666412353516,90.53333282470703,84.0,90.06999969482422,64.83777618408203,138000.0,BRITANNIA.NS
1999-03-31,95.913330078125,97.27666473388672,93.33333587646484,97.27666473388672,70.02557373046875,510000.0,BRITANNIA.NS
1999-04-01,97.47000122070312,102.53333282470703,93.73332977294922,99.73332977294922,71.7940444946289,321000.0,BRITANNIA.NS
1999-04-02,99.73332977294922,99.73332977294922,99.73332977294922,99.73332977294922,71.7940444946289,0.0,BRITANNIA.NS
1999-04-05,98.33333587646484,100.00333404541016,94.06666564941406,96.53666687011719,69.49288177490234,144000.0,BRITANNIA.NS
1999-04-06,96.33333587646484,96.99666595458984,94.93333435058594,96.01666259765625,69.1185531616211,135000.0,BRITANNIA.NS
1999-04-07,97.25,98.66666412353516,94.33333587646484,94.4000015258789,67.95478820800781,112500.0,BRITANNIA.NS
1999-04-08,94.4000015258789,94.4000015258789,87.0199966430664,87.33333587646484,62.867767333984375,256500.0,BRITANNIA.NS
1999-04-09,86.0,90.73332977294922,85.66666412353516,90.0,64.78739929199219,367500.0,BRITANNIA.NS
1999-04-12,91.33333587646484,95.66000366210938,87.50333404541016,93.68333435058594,67.43890380859375,181500.0,BRITANNIA.NS
1999-04-13,90.13333129882812,96.33333587646484,90.13333129882812,96.33333587646484,69.34651947021484,243000.0,BRITANNIA.NS
1999-04-14,96.33333587646484,96.33333587646484,96.33333587646484,96.33333587646484,69.34651947021484,0.0,BRITANNIA.NS
1999-04-15,89.73332977294922,95.33333587646484,88.80000305175781,94.86666870117188,68.29072570800781,324000.0,BRITANNIA.NS
1999-04-16,93.94999694824219,102.43333435058594,93.33666229248047,102.43333435058594,73.7376480102539,240000.0,BRITANNIA.NS
1999-04-19,94.0,100.52999877929688,94.0,99.93333435058594,71.93799591064453,76500.0,BRITANNIA.NS
1999-04-20,100.33333587646484,103.0,99.86666870117188,102.66666412353516,73.9056167602539,111000.0,BRITANNIA.NS
1999-04-21,102.33333587646484,110.0,102.26666259765625,106.13333129882812,76.40113067626953,501000.0,BRITANNIA.NS
1999-04-22,106.66666412353516,107.72333526611328,102.00666809082031,104.0,74.86544799804688,363000.0,BRITANNIA.NS
1999-04-23,102.13333129882812,105.86666870117188,102.0,102.93333435058594,74.09758758544922,186000.0,BRITANNIA.NS
1999-04-26,96.0,99.19999694824219,94.69999694824219,94.69999694824219,68.17073822021484,234000.0,BRITANNIA.NS
1999-04-27,94.69999694824219,94.69999694824219,94.69999694824219,94.69999694824219,68.17073822021484,0.0,BRITANNIA.NS
1999-04-28,91.66666412353516,95.33333587646484,89.33333587646484,95.33333587646484,68.62664794921875,435000.0,BRITANNIA.NS
1999-04-29,95.46666717529297,97.73332977294922,94.73332977294922,96.86666870117188,69.73045349121094,208500.0,BRITANNIA.NS
1999-04-30,99.64666748046875,100.46666717529297,98.0,99.80000305175781,71.84202575683594,97500.0,BRITANNIA.NS
1999-05-03,99.4000015258789,100.93333435058594,98.66666412353516,99.55000305175781,71.66207885742188,237000.0,BRITANNIA.NS
1999-05-04,100.0,105.19999694824219,100.0,103.83333587646484,74.74546813964844,304500.0,BRITANNIA.NS
1999-05-05,103.33333587646484,103.33333587646484,102.0,102.0,73.42572021484375,184500.0,BRITANNIA.NS
1999-05-06,101.35333251953125,101.93333435058594,94.06666564941406,96.0,69.10653686523438,475500.0,BRITANNIA.NS
1999-05-07,97.66666412353516,98.66666412353516,94.67333221435547,95.33333587646484,68.62664794921875,195000.0,BRITANNIA.NS
1999-05-10,96.0,96.26666259765625,94.33333587646484,95.73332977294922,68.91459655761719,91500.0,BRITANNIA.NS
1999-05-11,95.0,95.0,90.87333679199219,90.87999725341797,65.4208755493164,109500.0,BRITANNIA.NS
1999-05-12,93.33333587646484,95.66666412353516,91.66666412353516,92.3499984741211,66.47905731201172,172500.0,BRITANNIA.NS
1999-05-13,93.33333587646484,96.0,93.19999694824219,94.0,67.66683959960938,271500.0,BRITANNIA.NS
1999-05-14,94.73332977294922,95.24666595458984,92.53333282470703,92.66666412353516,66.70702362060547,523500.0,BRITANNIA.NS
1999-05-17,91.66666412353516,92.13333129882812,87.44000244140625,89.66666412353516,64.54743194580078,100500.0,BRITANNIA.NS
1999-05-18,90.33333587646484,90.33333587646484,88.06666564941406,89.0,64.06755065917969,177000.0,BRITANNIA.NS
1999-05-19,90.0,90.0,87.33333587646484,89.05999755859375,64.1107406616211,673500.0,BRITANNIA.NS
1999-05-20,89.86666870117188,96.1866683959961,89.66666412353516,93.66666412353516,67.42687225341797,624000.0,BRITANNIA.NS
1999-05-21,95.93333435058594,101.16000366210938,93.53333282470703,96.06666564941406,69.1545639038086,670500.0,BRITANNIA.NS
1999-05-24,97.26666259765625,97.26666259765625,90.33333587646484,94.33333587646484,67.90679168701172,390000.0,BRITANNIA.NS
1999-05-25,94.33333587646484,94.33333587646484,90.66666412353516,90.66666412353516,65.2673110961914,385500.0,BRITANNIA.NS
1999-05-26,96.66666412353516,96.66666412353516,86.66666412353516,88.66666412353516,63.82761001586914,755805.0,BRITANNIA.NS
1999-05-27,88.0,89.66666412353516,85.0,87.66666412353516,63.107730865478516,430605.0,BRITANNIA.NS
1999-05-28,87.06666564941406,89.33333587646484,85.33333587646484,88.5199966430664,63.72198486328125,380730.0,BRITANNIA.NS
1999-05-31,88.66666412353516,91.0,88.66666412353516,89.66666412353516,64.54743194580078,207540.0,BRITANNIA.NS
1999-06-01,89.66666412353516,90.0,85.81999969482422,86.13333129882812,62.00393295288086,270765.0,BRITANNIA.NS
1999-06-02,87.06666564941406,87.86666870117188,85.33333587646484,87.0,62.62782287597656,125580.0,BRITANNIA.NS
1999-06-03,88.5999984741211,88.5999984741211,86.66666412353516,87.88333129882812,63.263671875,148065.0,BRITANNIA.NS
1999-06-04,88.26666259765625,88.96333312988281,87.33333587646484,87.33333587646484,62.867767333984375,110520.0,BRITANNIA.NS
1999-06-07,87.4000015258789,88.0,86.19999694824219,86.66666412353516,62.38785934448242,48615.0,BRITANNIA.NS
1999-06-08,86.66666412353516,93.5999984741211,84.0,93.5999984741211,67.37886810302734,92955.0,BRITANNIA.NS
1999-06-09,86.4000015258789,86.66000366210938,86.11333465576172,86.2300033569336,62.073524475097656,58425.0,BRITANNIA.NS
1999-06-10,87.86666870117188,88.5999984741211,86.28333282470703,88.33999633789062,63.59242630004883,73260.0,BRITANNIA.NS
1999-06-11,88.33333587646484,88.33333587646484,85.33333587646484,87.63333129882812,63.0837287902832,60075.0,BRITANNIA.NS
1999-06-14,86.0,86.33333587646484,85.06666564941406,86.04000091552734,61.93674850463867,31635.0,BRITANNIA.NS
1999-06-15,87.19999694824219,87.19999694824219,85.0,85.05000305175781,61.22410583496094,92910.0,BRITANNIA.NS
1999-06-16,84.33333587646484,85.8566665649414,84.01333618164062,85.32333374023438,61.42084503173828,45795.0,BRITANNIA.NS
1999-06-17,85.33333587646484,87.80000305175781,85.33333587646484,86.22000122070312,62.06631088256836,46800.0,BRITANNIA.NS
1999-06-18,86.53333282470703,87.0,85.33333587646484,85.53666687011719,61.574424743652344,37365.0,BRITANNIA.NS
1999-06-21,84.9000015258789,86.19999694824219,84.87333679199219,85.03333282470703,61.21211242675781,77430.0,BRITANNIA.NS
1999-06-22,85.33333587646484,85.33333587646484,83.33333587646484,83.83333587646484,60.34828186035156,140310.0,BRITANNIA.NS
1999-06-23,86.0,86.0,81.66666412353516,81.92333221435547,58.97332000732422,166530.0,BRITANNIA.NS
1999-06-24,81.8066635131836,82.13333129882812,80.4000015258789,81.53333282470703,58.69257736206055,90120.0,BRITANNIA.NS
1999-06-25,82.0,82.4000015258789,80.80000305175781,81.57333374023438,58.72137451171875,86670.0,BRITANNIA.NS
1999-06-28,82.66666412353516,87.1933364868164,82.0,86.72000122070312,62.42626190185547,322950.0,BRITANNIA.NS
1999-06-29,86.66666412353516,87.26666259765625,84.66666412353516,85.19999694824219,61.332054138183594,262710.0,BRITANNIA.NS
1999-06-30,85.33999633789062,86.33333587646484,83.53666687011719,84.37999725341797,60.741790771484375,79575.0,BRITANNIA.NS
1999-07-01,84.06666564941406,84.75333404541016,83.33333587646484,83.43000030517578,60.057918548583984,43170.0,BRITANNIA.NS
1999-07-02,83.0999984741211,85.66666412353516,83.0999984741211,84.84333038330078,61.07533264160156,100200.0,BRITANNIA.NS
1999-07-05,85.63333129882812,86.5999984741211,85.0999984741211,86.49666595458984,62.26548767089844,53850.0,BRITANNIA.NS
1999-07-06,86.33333587646484,87.29666900634766,86.0,86.54666900634766,62.301490783691406,109995.0,BRITANNIA.NS
1999-07-07,87.19999694824219,88.33333587646484,85.80000305175781,86.17666625976562,62.03514099121094,226380.0,BRITANNIA.NS
1999-07-08,86.0,86.0,85.0,85.43333435058594,61.50004196166992,43395.0,BRITANNIA.NS
1999-07-09,87.66666412353516,87.66666412353516,84.19999694824219,85.67333221435547,61.672813415527344,187065.0,BRITANNIA.NS
1999-07-12,87.26666259765625,88.0,85.33333587646484,86.8499984741211,62.788578033447266,370320.0,BRITANNIA.NS
1999-07-13,87.33666229248047,88.33333587646484,86.06666564941406,86.37999725341797,62.44877243041992,208455.0,BRITANNIA.NS
1999-07-14,86.33333587646484,87.33333587646484,85.93333435058594,86.6866683959961,62.67047882080078,113880.0,BRITANNIA.NS
1999-07-15,88.0,91.66666412353516,86.73332977294922,87.97000122070312,63.598289489746094,317355.0,BRITANNIA.NS
1999-07-16,90.66666412353516,92.0,86.83333587646484,87.22666931152344,63.06087875366211,133110.0,BRITANNIA.NS
1999-07-19,88.26666259765625,88.33333587646484,86.81999969482422,87.09333038330078,62.964481353759766,118320.0,BRITANNIA.NS
1999-07-20,87.2066650390625,87.93333435058594,86.06666564941406,86.61333465576172,62.61745834350586,77745.0,BRITANNIA.NS
1999-07-21,84.0,92.06666564941406,83.33333587646484,91.31666564941406,66.01775360107422,423570.0,BRITANNIA.NS
1999-07-22,92.66666412353516,95.1500015258789,92.0,92.58666229248047,66.93590545654297,445800.0,BRITANNIA.NS
1999-07-23,91.46666717529297,93.64666748046875,90.06666564941406,91.26666259765625,65.98159790039062,140700.0,BRITANNIA.NS
1999-07-26,90.66666412353516,95.26000213623047,90.33333587646484,93.9366683959961,67.91190338134766,584970.0,BRITANNIA.NS
1999-07-27,94.46666717529297,94.66666412353516,86.42333221435547,87.72333526611328,63.41994857788086,578460.0,BRITANNIA.NS
1999-07-28,91.33333587646484,93.33333587646484,89.0,89.14666748046875,64.4489517211914,277770.0,BRITANNIA.NS
1999-07-29,90.0,90.0,88.33333587646484,88.83666229248047,64.22482299804688,90510.0,BRITANNIA.NS
1999-07-30,88.49333190917969,88.5999984741211,87.0,87.77999877929688,63.46092224121094,106605.0,BRITANNIA.NS
1999-08-02,87.33333587646484,87.33333587646484,84.80000305175781,85.8933334350586,62.096946716308594,99660.0,BRITANNIA.NS
1999-08-03,84.80000305175781,85.73332977294922,84.4000015258789,84.94999694824219,61.414939880371094,176655.0,BRITANNIA.NS
1999-08-04,86.66666412353516,90.33333587646484,86.66666412353516,89.37999725341797,64.61763000488281,164580.0,BRITANNIA.NS
1999-08-05,89.73332977294922,93.66666412353516,89.33333587646484,92.2933349609375,66.72383117675781,366420.0,BRITANNIA.NS
1999-08-06,92.66666412353516,99.0,92.66666412353516,97.45999908447266,70.45912170410156,349020.0,BRITANNIA.NS
1999-08-09,98.0,102.0,97.33333587646484,101.45999908447266,73.3509292602539,275055.0,BRITANNIA.NS
1999-08-10,100.74666595458984,103.33333587646484,100.06666564941406,102.0,73.74131774902344,181890.0,BRITANNIA.NS
1999-08-11,100.4000015258789,102.86666870117188,97.66666412353516,101.25666809082031,73.20392608642578,139125.0,BRITANNIA.NS
1999-08-12,101.0,101.0,100.0,100.29000091552734,72.50507354736328,112875.0,BRITANNIA.NS
1999-08-13,99.86666870117188,100.98332977294922,99.53333282470703,100.00666809082031,72.30024719238281,130605.0,BRITANNIA.NS
1999-08-16,101.33333587646484,102.66666412353516,100.19999694824219,101.42666625976562,73.32682037353516,100755.0,BRITANNIA.NS
1999-08-17,101.66666412353516,105.19999694824219,101.0199966430664,103.70999908447266,74.97756958007812,89445.0,BRITANNIA.NS
1999-08-18,103.66666412353516,105.33333587646484,102.5999984741211,103.02666473388672,74.48355865478516,134730.0,BRITANNIA.NS
1999-08-19,106.5999984741211,106.5999984741211,101.80000305175781,102.2300033569336,73.90760040283203,22395.0,BRITANNIA.NS
1999-08-20,102.96666717529297,103.06666564941406,101.0,102.67666625976562,74.23051452636719,35940.0,BRITANNIA.NS
1999-08-23,104.66666412353516,105.73332977294922,103.66666412353516,104.18000030517578,75.3173599243164,40890.0,BRITANNIA.NS
1999-08-24,106.53333282470703,106.53333282470703,102.73332977294922,105.38333129882812,76.18730926513672,45210.0,BRITANNIA.NS
1999-08-25,106.66666412353516,106.66666412353516,101.66666412353516,102.57666778564453,74.1582260131836,125610.0,BRITANNIA.NS
1999-08-26,105.33333587646484,105.33333587646484,102.73332977294922,103.29666900634766,74.67875671386719,71895.0,BRITANNIA.NS
1999-08-27,103.4000015258789,104.0,102.66666412353516,103.34333038330078,74.7125015258789,54510.0,BRITANNIA.NS
1999-08-30,102.20333099365234,104.53333282470703,101.66666412353516,102.51333618164062,74.11243438720703,17025.0,BRITANNIA.NS
1999-08-31,98.00333404541016,103.13333129882812,98.00333404541016,100.34666442871094,72.5460205078125,210945.0,BRITANNIA.NS
1999-09-01,101.53333282470703,101.53333282470703,96.66666412353516,97.73666381835938,70.65911865234375,78315.0,BRITANNIA.NS
1999-09-02,97.4000015258789,98.33333587646484,96.86666870117188,97.33333587646484,70.3675537109375,37530.0,BRITANNIA.NS
1999-09-03,100.66666412353516,100.66666412353516,96.31666564941406,96.8133316040039,69.99160766601562,42300.0,BRITANNIA.NS
1999-09-06,99.26666259765625,99.26666259765625,96.66666412353516,98.14666748046875,70.9555435180664,35115.0,BRITANNIA.NS
1999-09-07,98.0,99.66666412353516,97.33666229248047,99.1866683959961,71.7074203491211,58410.0,BRITANNIA.NS
1999-09-08,100.66666412353516,104.33333587646484,100.66666412353516,102.50666809082031,74.10762786865234,322215.0,BRITANNIA.NS
1999-09-09,102.93000030517578,103.0,100.8133316040039,101.93333435058594,73.69313049316406,43695.0,BRITANNIA.NS
1999-09-10,101.33666229248047,102.4000015258789,101.06666564941406,101.75666809082031,73.56539916992188,35325.0,BRITANNIA.NS
1999-09-13,101.75666809082031,101.75666809082031,101.75666809082031,101.75666809082031,73.56539916992188,0.0,BRITANNIA.NS
1999-09-14,103.26666259765625,103.26666259765625,100.40666961669922,100.83666229248047,72.90028381347656,118320.0,BRITANNIA.NS
1999-09-15,101.66666412353516,102.73332977294922,98.66666412353516,99.08666229248047,71.63511657714844,87645.0,BRITANNIA.NS
1999-09-16,100.0,100.46666717529297,98.66666412353516,99.42666625976562,71.88092041015625,43215.0,BRITANNIA.NS
1999-09-17,100.0,100.33333587646484,98.66666412353516,99.43000030517578,71.8833236694336,43200.0,BRITANNIA.NS
1999-09-20,100.0,101.32666778564453,98.66666412353516,98.95999908447266,71.54354858398438,161625.0,BRITANNIA.NS
1999-09-21,100.0,104.66666412353516,99.1066665649414,101.81666564941406,73.60877227783203,208635.0,BRITANNIA.NS
1999-09-22,73.26666259765625,73.3133316040039,71.66666412353516,73.3133316040039,53.00216293334961,134985.0,BRITANNIA.NS
1999-09-23,77.26666259765625,79.18000030517578,74.66666412353516,79.18000030517578,57.2435188293457,314385.0,BRITANNIA.NS
1999-09-24,120.0,126.4000015258789,112.0,114.82499694824219,83.01322174072266,244460.0,BRITANNIA.NS
1999-09-27,110.0999984741211,119.30000305175781,108.19999694824219,109.51499938964844,79.17433166503906,117520.0,BRITANNIA.NS
1999-09-28,107.5,109.0,104.0,105.29000091552734,76.1198501586914,146490.0,BRITANNIA.NS
1999-09-29,106.9000015258789,108.30000305175781,104.5,104.72000122070312,75.707763671875,98730.0,BRITANNIA.NS
1999-09-30,105.0,105.98999786376953,96.3499984741211,103.125,74.55465698242188,79190.0,BRITANNIA.NS
1999-10-01,101.4000015258789,103.38999938964844,100.6500015258789,101.44999694824219,73.34368896484375,50020.0,BRITANNIA.NS
1999-10-04,107.91000366210938,107.91000366210938,100.73999786376953,101.88500213623047,73.6581802368164,62640.0,BRITANNIA.NS
1999-10-05,101.5,102.5,100.73999786376953,102.28500366210938,73.9473648071289,63000.0,BRITANNIA.NS
1999-10-06,102.0,104.9000015258789,101.80000305175781,102.00499725341797,73.74492645263672,79320.0,BRITANNIA.NS
1999-10-07,104.5,105.0,101.5999984741211,103.31999969482422,74.69561004638672,117130.0,BRITANNIA.NS
1999-10-08,103.48999786376953,103.98999786376953,101.80500030517578,102.06500244140625,73.78831481933594,53650.0,BRITANNIA.NS
1999-10-11,102.19999694824219,102.4000015258789,98.20999908447266,98.94000244140625,71.52908325195312,109890.0,BRITANNIA.NS
1999-10-12,99.0,99.9000015258789,95.5250015258789,96.77999877929688,69.96749877929688,281280.0,BRITANNIA.NS
1999-10-13,98.0,99.88999938964844,95.00499725341797,95.48500061035156,69.03128051757812,151960.0,BRITANNIA.NS
1999-10-14,96.5999984741211,96.5999984741211,88.0,88.92500305175781,64.2886962890625,151050.0,BRITANNIA.NS
1999-10-15,87.5,88.9000015258789,85.0250015258789,85.97000122070312,62.1523551940918,85430.0,BRITANNIA.NS
1999-10-18,87.5,88.87000274658203,86.0999984741211,86.93499755859375,62.85000991821289,142590.0,BRITANNIA.NS
1999-10-19,86.93499755859375,86.93499755859375,86.93499755859375,86.93499755859375,62.85000991821289,0.0,BRITANNIA.NS
1999-10-20,90.0,93.5,82.0,84.36000061035156,60.988407135009766,135190.0,BRITANNIA.NS
1999-10-21,85.80000305175781,86.9000015258789,83.0,85.18499755859375,61.58485412597656,73610.0,BRITANNIA.NS
1999-10-22,85.0,85.0,84.0,84.56999969482422,61.140228271484375,67240.0,BRITANNIA.NS
1999-10-25,88.5,88.5,84.5,84.97000122070312,61.42941665649414,181460.0,BRITANNIA.NS
1999-10-26,86.0,86.0,84.2750015258789,84.6500015258789,61.19807052612305,209210.0,BRITANNIA.NS
1999-10-27,86.0,89.62000274658203,84.90499877929688,86.41999816894531,62.477691650390625,162250.0,BRITANNIA.NS
1999-10-28,87.5,87.5,84.0,84.68499755859375,61.223365783691406,76890.0,BRITANNIA.NS
1999-10-29,86.5,87.0,80.5,83.26000213623047,60.19316101074219,120130.0,BRITANNIA.NS
1999-11-01,84.0,84.5,81.19999694824219,82.3499984741211,59.53525924682617,299460.0,BRITANNIA.NS
1999-11-02,82.01000213623047,82.48999786376953,78.0999984741211,79.98500061035156,57.82549285888672,342580.0,BRITANNIA.NS
1999-11-03,81.5999984741211,85.98500061035156,73.58999633789062,75.54499816894531,54.615570068359375,122690.0,BRITANNIA.NS
1999-11-04,77.0,81.5,76.5,79.9749984741211,57.8182487487793,75850.0,BRITANNIA.NS
1999-11-05,81.0,81.49500274658203,79.5,80.94000244140625,58.51591110229492,142300.0,BRITANNIA.NS
1999-11-08,80.94000244140625,80.94000244140625,80.94000244140625,80.94000244140625,58.51591110229492,0.0,BRITANNIA.NS
1999-11-09,79.91000366210938,82.88999938964844,79.9000015258789,81.31500244140625,58.787010192871094,327900.0,BRITANNIA.NS
1999-11-10,82.80000305175781,85.0,81.80000305175781,84.57499694824219,61.14385986328125,33230.0,BRITANNIA.NS
1999-11-11,84.5,86.30000305175781,82.5,84.86499786376953,61.3535041809082,49740.0,BRITANNIA.NS
1999-11-12,83.5,85.5999984741211,83.3949966430664,85.33999633789062,61.69688415527344,23300.0,BRITANNIA.NS
1999-11-15,85.9000015258789,86.49500274658203,84.0,85.05000305175781,61.48726272583008,36750.0,BRITANNIA.NS
1999-11-16,85.25,85.51000213623047,84.0,84.75499725341797,61.27397918701172,33340.0,BRITANNIA.NS
1999-11-17,85.0,85.5999984741211,84.4000015258789,84.4000015258789,61.01732635498047,27150.0,BRITANNIA.NS
1999-11-18,84.0,84.625,84.0,84.4000015258789,61.01732635498047,11010.0,BRITANNIA.NS
1999-11-19,84.0,84.9000015258789,83.80000305175781,83.875,60.63777160644531,31080.0,BRITANNIA.NS
1999-11-22,83.5,85.0,83.5,84.38999938964844,61.01009750366211,52500.0,BRITANNIA.NS
1999-11-23,84.38999938964844,84.38999938964844,84.38999938964844,84.38999938964844,61.01009750366211,0.0,BRITANNIA.NS
1999-11-24,86.0,86.0,84.0,84.36499786376953,60.99203872680664,32580.0,BRITANNIA.NS
1999-11-25,84.79000091552734,84.80000305175781,82.5,83.71499633789062,60.522117614746094,100580.0,BRITANNIA.NS
1999-11-26,82.0,84.5,81.69999694824219,82.00499725341797,59.28584671020508,232310.0,BRITANNIA.NS
1999-11-29,82.19999694824219,82.6500015258789,80.0,80.77999877929688,58.400230407714844,80810.0,BRITANNIA.NS
1999-11-30,80.0,81.5,79.76000213623047,80.72000122070312,58.35686492919922,64040.0,BRITANNIA.NS
1999-12-01,80.69999694824219,81.4000015258789,79.94999694824219,80.11000061035156,57.915855407714844,176390.0,BRITANNIA.NS
1999-12-02,80.99500274658203,81.3499984741211,80.30000305175781,81.11499786376953,58.642425537109375,126750.0,BRITANNIA.NS
1999-12-03,83.69999694824219,84.0,79.90499877929688,80.3550033569336,58.09296798706055,144120.0,BRITANNIA.NS
1999-12-06,81.0999984741211,83.0,81.0999984741211,82.01499938964844,59.293087005615234,113610.0,BRITANNIA.NS
1999-12-07,82.5,84.0,82.5,82.94999694824219,59.96903610229492,90800.0,BRITANNIA.NS
1999-12-08,83.5999984741211,85.0,81.11000061035156,81.86499786376953,59.18463897705078,105220.0,BRITANNIA.NS
1999-12-09,82.5,83.19999694824219,81.01000213623047,82.68000030517578,59.77384948730469,43560.0,BRITANNIA.NS
1999-12-10,80.57499694824219,82.80000305175781,80.0999984741211,80.4800033569336,58.183353424072266,146160.0,BRITANNIA.NS
1999-12-13,79.21499633789062,80.25,78.0,79.0250015258789,57.13145065307617,46330.0,BRITANNIA.NS
1999-12-14,78.0999984741211,78.0999984741211,75.30000305175781,75.98999786376953,54.937278747558594,43820.0,BRITANNIA.NS
1999-12-15,76.0,77.3949966430664,72.0250015258789,73.72000122070312,53.29617691040039,171680.0,BRITANNIA.NS
1999-12-16,74.0,74.99500274658203,73.69999694824219,74.45500183105469,53.82755661010742,190480.0,BRITANNIA.NS
1999-12-17,74.9000015258789,75.9000015258789,73.5,74.36499786376953,53.762474060058594,303800.0,BRITANNIA.NS
1999-12-20,74.5,74.5,73.0,73.9800033569336,53.48414611816406,133850.0,BRITANNIA.NS
1999-12-21,70.4000015258789,73.5,70.4000015258789,71.88500213623047,51.96955871582031,243450.0,BRITANNIA.NS
1999-12-22,74.0,74.80000305175781,72.01000213623047,72.51499938964844,52.42502212524414,89160.0,BRITANNIA.NS
1999-12-23,74.4000015258789,74.4000015258789,73.0999984741211,73.81500244140625,53.36486053466797,34130.0,BRITANNIA.NS
1999-12-24,73.0,73.47000122070312,71.0,71.41500091552734,51.62977600097656,116470.0,BRITANNIA.NS
1999-12-27,70.5,71.5,70.0,71.16500091552734,51.449039459228516,30150.0,BRITANNIA.NS
1999-12-28,70.0999984741211,71.80000305175781,70.0,71.23999786376953,51.50325393676758,55700.0,BRITANNIA.NS
1999-12-29,70.0,72.37999725341797,70.0,70.49500274658203,50.96466064453125,49120.0,BRITANNIA.NS
1999-12-30,72.4000015258789,72.4000015258789,69.19999694824219,70.32499694824219,50.84174728393555,63180.0,BRITANNIA.NS
1999-12-31,70.32499694824219,70.32499694824219,70.32499694824219,70.32499694824219,50.84174728393555,0.0,BRITANNIA.NS
2000-01-03,70.5,75.94999694824219,70.5,75.69000244140625,54.72038650512695,75120.0,BRITANNIA.NS
2000-01-04,71.0,77.0,71.0,75.45500183105469,54.550506591796875,81350.0,BRITANNIA.NS
2000-01-05,75.5,75.9000015258789,70.5,73.52999877929688,53.1588249206543,60950.0,BRITANNIA.NS
2000-01-06,74.0,79.41500091552734,74.0,78.56500244140625,56.798892974853516,196970.0,BRITANNIA.NS
2000-01-07,80.80000305175781,84.8499984741211,79.80000305175781,84.8499984741211,61.342655181884766,331070.0,BRITANNIA.NS
2000-01-10,90.0,91.63999938964844,86.5,91.22000122070312,65.94788360595703,295750.0,BRITANNIA.NS
2000-01-11,92.0,92.0,83.92500305175781,85.375,61.72218704223633,206350.0,BRITANNIA.NS
2000-01-12,90.0,90.0,86.05500030517578,88.2699966430664,63.81517791748047,93120.0,BRITANNIA.NS
2000-01-13,89.0,92.0,87.5,88.13999938964844,63.72116470336914,195260.0,BRITANNIA.NS
2000-01-14,87.25,88.0,86.4000015258789,86.96499633789062,62.87169647216797,156750.0,BRITANNIA.NS
2000-01-17,88.0,89.0,87.0,87.59500122070312,63.32716369628906,71250.0,BRITANNIA.NS
2000-01-18,87.01000213623047,89.9000015258789,86.80000305175781,88.1050033569336,63.69587326049805,125260.0,BRITANNIA.NS
2000-01-19,88.9000015258789,91.0999984741211,88.9000015258789,90.08499908447266,65.12732696533203,141080.0,BRITANNIA.NS
2000-01-20,90.69999694824219,91.98999786376953,89.3550033569336,89.56999969482422,64.75498962402344,56710.0,BRITANNIA.NS
2000-01-21,89.79000091552734,89.79000091552734,88.5250015258789,88.82499694824219,64.21640014648438,18880.0,BRITANNIA.NS
2000-01-24,88.0,89.5,85.0999984741211,88.4749984741211,63.963356018066406,63510.0,BRITANNIA.NS
2000-01-25,87.0999984741211,89.0,87.0,88.125,63.7103271484375,68590.0,BRITANNIA.NS
2000-01-26,88.125,88.125,88.125,88.125,63.7103271484375,0.0,BRITANNIA.NS
2000-01-27,86.58999633789062,88.5,81.07499694824219,83.02999877929688,60.02688217163086,146780.0,BRITANNIA.NS
2000-01-28,80.0,81.5,78.19999694824219,79.24500274658203,57.29049301147461,64180.0,BRITANNIA.NS
2000-01-31,77.86499786376953,78.80000305175781,72.92500305175781,74.67500305175781,53.986610412597656,54160.0,BRITANNIA.NS
2000-02-01,75.0999984741211,75.9000015258789,72.0999984741211,73.1500015258789,52.884098052978516,73470.0,BRITANNIA.NS
2000-02-02,74.0,75.19999694824219,70.0,73.1050033569336,52.8515625,49390.0,BRITANNIA.NS
2000-02-03,75.0,75.0,69.5,71.41500091552734,51.62977600097656,116190.0,BRITANNIA.NS
2000-02-04,72.0,72.0,70.5999984741211,71.3499984741211,51.58278274536133,131470.0,BRITANNIA.NS
2000-02-07,70.0999984741211,71.69999694824219,70.0,70.16999816894531,50.729698181152344,71950.0,BRITANNIA.NS
2000-02-08,70.4000015258789,70.4000015258789,68.0,68.55000305175781,49.55850601196289,150830.0,BRITANNIA.NS
2000-02-09,71.4000015258789,74.03500366210938,69.5,70.73999786376953,51.14177322387695,233570.0,BRITANNIA.NS
2000-02-10,71.9000015258789,73.0,70.69999694824219,71.20999908447266,51.481563568115234,113410.0,BRITANNIA.NS
2000-02-11,72.30000305175781,72.9000015258789,70.0,70.41500091552734,50.90681076049805,207950.0,BRITANNIA.NS
2000-02-14,71.0,71.0999984741211,69.0,69.05999755859375,49.92720413208008,77650.0,BRITANNIA.NS
2000-02-15,68.0999984741211,68.0999984741211,64.0,65.33000183105469,47.230587005615234,186220.0,BRITANNIA.NS
2000-02-16,67.0,68.0,66.19999694824219,67.47000122070312,48.777706146240234,108760.0,BRITANNIA.NS
2000-02-17,67.0,69.80000305175781,67.0,67.69999694824219,48.94398498535156,89260.0,BRITANNIA.NS
2000-02-18,67.0,69.48999786376953,66.0999984741211,66.70500183105469,48.22466278076172,114600.0,BRITANNIA.NS
2000-02-21,67.5,69.0,65.5,66.56999969482422,48.127052307128906,79930.0,BRITANNIA.NS
2000-02-22,67.0,67.0,65.5,65.74500274658203,47.5306282043457,111420.0,BRITANNIA.NS
2000-02-23,65.80000305175781,68.0,65.5,66.56500244140625,48.12345504760742,57930.0,BRITANNIA.NS
2000-02-24,67.5,67.69999694824219,64.19999694824219,66.20999908447266,47.866798400878906,82050.0,BRITANNIA.NS
2000-02-25,67.4000015258789,67.4000015258789,64.0,64.18499755859375,46.40280532836914,63460.0,BRITANNIA.NS
2000-02-28,64.0,65.5999984741211,60.915000915527344,63.584999084472656,45.96902847290039,90710.0,BRITANNIA.NS
2000-02-29,65.0,65.98500061035156,60.5,61.150001525878906,44.20864486694336,161830.0,BRITANNIA.NS
2000-03-01,62.5,62.5,56.2599983215332,56.2599983215332,40.67340087890625,93030.0,BRITANNIA.NS
2000-03-02,52.70000076293945,53.0,51.7599983215332,51.7599983215332,37.42011260986328,87030.0,BRITANNIA.NS
2000-03-03,47.619998931884766,54.54499816894531,47.619998931884766,50.459999084472656,36.48026657104492,263060.0,BRITANNIA.NS
2000-03-06,52.5,52.5,46.42499923706055,47.529998779296875,34.36199951171875,186090.0,BRITANNIA.NS
2000-03-07,47.9900016784668,49.0,46.20000076293945,46.935001373291016,33.93185043334961,178340.0,BRITANNIA.NS
2000-03-08,48.79999923706055,50.64500045776367,46.5099983215332,48.939998626708984,35.38136291503906,393170.0,BRITANNIA.NS
2000-03-09,50.0,50.0,47.5,49.96500015258789,36.122398376464844,349100.0,BRITANNIA.NS
2000-03-10,50.0,51.790000915527344,47.0,48.6150016784668,35.14641189575195,369350.0,BRITANNIA.NS
2000-03-13,50.0,52.0,48.70000076293945,51.20000076293945,37.015254974365234,136050.0,BRITANNIA.NS
2000-03-14,51.0,53.0,49.0,51.994998931884766,37.59000015258789,303860.0,BRITANNIA.NS
2000-03-15,52.0,56.154998779296875,52.0,54.0099983215332,39.046756744384766,166050.0,BRITANNIA.NS
2000-03-16,54.7599983215332,55.98500061035156,52.0,54.3650016784668,39.30340576171875,98790.0,BRITANNIA.NS
2000-03-17,54.3650016784668,54.3650016784668,54.3650016784668,54.3650016784668,39.30340576171875,0.0,BRITANNIA.NS
2000-03-20,54.3650016784668,54.3650016784668,54.3650016784668,54.3650016784668,39.30340576171875,0.0,BRITANNIA.NS
2000-03-21,55.0,55.494998931884766,53.5099983215332,54.48500061035156,39.39015197753906,227650.0,BRITANNIA.NS
2000-03-22,56.29999923706055,58.70000076293945,55.79999923706055,57.32500076293945,41.4433479309082,193180.0,BRITANNIA.NS
2000-03-23,59.0,59.5,57.224998474121094,57.94499969482422,41.891571044921875,190810.0,BRITANNIA.NS
2000-03-24,58.099998474121094,61.29999923706055,58.099998474121094,59.93000030517578,43.326637268066406,105170.0,BRITANNIA.NS
2000-03-27,60.900001525878906,64.19999694824219,59.5,63.65999984741211,46.023258209228516,141600.0,BRITANNIA.NS
2000-03-28,64.01000213623047,65.0999984741211,62.224998474121094,62.959999084472656,45.51719284057617,125430.0,BRITANNIA.NS
2000-03-29,65.4000015258789,67.5,62.5,64.36499786376953,46.867923736572266,190000.0,BRITANNIA.NS
2000-03-30,62.5,63.5,60.5,62.119998931884766,45.233211517333984,131170.0,BRITANNIA.NS
2000-03-31,62.400001525878906,62.9900016784668,60.5,61.97999954223633,45.131256103515625,96110.0,BRITANNIA.NS
2000-04-03,61.20000076293945,61.79999923706055,57.154998779296875,60.1349983215332,43.787811279296875,67240.0,BRITANNIA.NS
2000-04-04,57.5,58.900001525878906,55.5,56.779998779296875,41.3448371887207,146610.0,BRITANNIA.NS
2000-04-05,56.0,59.0,56.0,57.880001068115234,42.14581298828125,46330.0,BRITANNIA.NS
2000-04-06,58.10499954223633,60.0,56.60499954223633,59.04999923706055,42.997764587402344,85860.0,BRITANNIA.NS
2000-04-07,60.5,61.0,58.0,59.73500061035156,43.496559143066406,90080.0,BRITANNIA.NS
2000-04-10,60.099998474121094,60.790000915527344,57.220001220703125,58.14500045776367,42.338775634765625,80210.0,BRITANNIA.NS
2000-04-11,57.220001220703125,58.79999923706055,57.0,57.790000915527344,42.08028030395508,96960.0,BRITANNIA.NS
2000-04-12,58.400001525878906,58.400001525878906,56.599998474121094,57.119998931884766,41.592411041259766,47650.0,BRITANNIA.NS
2000-04-13,55.5099983215332,57.5,55.5099983215332,57.185001373291016,41.63974380493164,73220.0,BRITANNIA.NS
2000-04-14,57.185001373291016,57.185001373291016,57.185001373291016,57.185001373291016,41.63974380493164,0.0,BRITANNIA.NS
2000-04-17,56.0,56.0,52.61000061035156,52.61000061035156,38.30841827392578,76240.0,BRITANNIA.NS
2000-04-18,53.20000076293945,53.900001525878906,49.11000061035156,50.54999923706055,36.80842590332031,205520.0,BRITANNIA.NS
2000-04-19,53.9900016784668,53.9900016784668,51.0,52.119998931884766,37.95162582397461,52840.0,BRITANNIA.NS
2000-04-20,52.5,54.79999923706055,50.30500030517578,53.01499938964844,38.60332107543945,79040.0,BRITANNIA.NS
2000-04-21,53.01499938964844,53.01499938964844,53.01499938964844,53.01499938964844,38.60332107543945,0.0,BRITANNIA.NS
2000-04-24,52.79999923706055,52.79999923706055,50.5,50.595001220703125,36.84117889404297,67880.0,BRITANNIA.NS
2000-04-25,50.5,52.0,50.5,50.89500045776367,37.059635162353516,162360.0,BRITANNIA.NS
2000-04-26,51.9900016784668,52.400001525878906,51.20000076293945,52.06999969482422,37.91520690917969,97040.0,BRITANNIA.NS
2000-04-27,51.099998474121094,52.0,50.70000076293945,51.01499938964844,37.14700698852539,48090.0,BRITANNIA.NS
2000-04-28,52.0,52.0,50.5,50.54499816894531,36.80476760864258,94430.0,BRITANNIA.NS
2000-05-01,50.54499816894531,50.54499816894531,50.54499816894531,50.54499816894531,36.80476760864258,0.0,BRITANNIA.NS
2000-05-02,50.20000076293945,51.39500045776367,49.5,50.54499816894531,36.80476760864258,109620.0,BRITANNIA.NS
2000-05-03,49.20500183105469,50.5,48.5,49.584999084472656,36.105735778808594,79940.0,BRITANNIA.NS
2000-05-04,52.0,54.599998474121094,50.599998474121094,53.33000183105469,38.83269500732422,81140.0,BRITANNIA.NS
2000-05-05,54.0,58.900001525878906,52.79999923706055,57.86000061035156,42.13125228881836,283720.0,BRITANNIA.NS
2000-05-08,59.0,60.79999923706055,58.025001525878906,59.040000915527344,42.990474700927734,194170.0,BRITANNIA.NS
2000-05-09,57.900001525878906,59.5,56.5,58.97999954223633,42.946800231933594,90580.0,BRITANNIA.NS
2000-05-10,60.79999923706055,60.79999923706055,58.0,59.01499938964844,42.97227478027344,85610.0,BRITANNIA.NS
2000-05-11,58.400001525878906,60.994998931884766,55.150001525878906,59.380001068115234,43.23805236816406,157550.0,BRITANNIA.NS
2000-05-12,59.5,60.0,56.5,57.01499938964844,41.51595687866211,148420.0,BRITANNIA.NS
2000-05-15,55.5,55.79999923706055,52.505001068115234,54.01499938964844,39.331478118896484,200100.0,BRITANNIA.NS
2000-05-16,53.099998474121094,54.5,50.51499938964844,51.59000015258789,37.565704345703125,289340.0,BRITANNIA.NS
2000-05-17,53.0,54.0,48.79999923706055,51.20000076293945,37.28171920776367,247270.0,BRITANNIA.NS
2000-05-18,51.375,51.494998931884766,50.20000076293945,51.06999969482422,37.187049865722656,28750.0,BRITANNIA.NS
2000-05-19,49.099998474121094,51.19499969482422,48.5,50.185001373291016,36.54263687133789,54960.0,BRITANNIA.NS
2000-05-22,48.11000061035156,50.27000045776367,48.11000061035156,49.904998779296875,36.3387565612793,45290.0,BRITANNIA.NS
2000-05-23,50.0,50.47999954223633,49.29999923706055,49.96500015258789,36.3824348449707,226840.0,BRITANNIA.NS
2000-05-24,49.5,50.790000915527344,49.0,50.17499923706055,36.53535461425781,57530.0,BRITANNIA.NS
2000-05-25,50.099998474121094,53.5,50.099998474121094,50.9900016784668,37.12881088256836,101670.0,BRITANNIA.NS
2000-05-26,51.0,55.06999969482422,50.41999816894531,54.95500183105469,40.015953063964844,304640.0,BRITANNIA.NS
2000-05-29,55.900001525878906,59.0,55.0,58.41999816894531,42.53901672363281,236930.0,BRITANNIA.NS
2000-05-30,59.494998931884766,60.5,57.20000076293945,59.84000015258789,43.5730094909668,177740.0,BRITANNIA.NS
2000-05-31,60.0,63.5,59.25,62.025001525878906,45.16403579711914,243620.0,BRITANNIA.NS
2000-06-01,60.0,61.43000030517578,60.0,60.71500015258789,44.210147857666016,98680.0,BRITANNIA.NS
2000-06-02,60.0,62.70000076293945,59.0,61.994998931884766,45.142189025878906,117150.0,BRITANNIA.NS
2000-06-05,62.900001525878906,64.69999694824219,61.0,61.279998779296875,44.62154769897461,77520.0,BRITANNIA.NS
2000-06-06,61.20000076293945,61.904998779296875,60.025001525878906,61.29999923706055,44.636112213134766,62710.0,BRITANNIA.NS
2000-06-07,60.599998474121094,61.0,59.79999923706055,60.21500015258789,43.8460693359375,54700.0,BRITANNIA.NS
2000-06-08,60.400001525878906,60.400001525878906,58.400001525878906,59.15999984741211,43.07786178588867,48390.0,BRITANNIA.NS
2000-06-09,58.599998474121094,60.29999923706055,58.5,58.900001525878906,42.8885383605957,35240.0,BRITANNIA.NS
2000-06-12,59.400001525878906,59.400001525878906,58.29999923706055,58.6150016784668,42.68101119995117,20570.0,BRITANNIA.NS
2000-06-13,60.0,60.0,57.5,58.4900016784668,42.589996337890625,45250.0,BRITANNIA.NS
2000-06-14,59.5,63.0,59.099998474121094,61.970001220703125,45.123992919921875,169460.0,BRITANNIA.NS
2000-06-15,60.5,62.20000076293945,60.099998474121094,61.31999969482422,44.65068435668945,85920.0,BRITANNIA.NS
2000-06-16,61.900001525878906,61.900001525878906,60.79999923706055,60.95500183105469,44.38490676879883,36750.0,BRITANNIA.NS
2000-06-19,61.5,62.099998474121094,59.5,60.39500045776367,43.97713088989258,51920.0,BRITANNIA.NS
2000-06-20,60.900001525878906,60.900001525878906,59.5,59.96500015258789,43.66402053833008,40350.0,BRITANNIA.NS
2000-06-21,59.005001068115234,61.0,58.5,58.935001373291016,42.91402816772461,132830.0,BRITANNIA.NS
2000-06-22,59.439998626708984,59.67499923706055,57.25,59.255001068115234,43.14703369140625,54510.0,BRITANNIA.NS
2000-06-23,58.900001525878906,59.0,57.79999923706055,58.03499984741211,42.2586784362793,24420.0,BRITANNIA.NS
2000-06-26,58.20000076293945,58.20000076293945,56.5,57.2400016784668,41.67979049682617,294690.0,BRITANNIA.NS
2000-06-27,57.0,58.53499984741211,57.0,57.654998779296875,41.98197555541992,80440.0,BRITANNIA.NS
2000-06-28,58.5,59.29999923706055,58.0099983215332,59.1349983215332,43.059661865234375,19920.0,BRITANNIA.NS
2000-06-29,59.20000076293945,61.349998474121094,59.11000061035156,60.900001525878906,44.344852447509766,74480.0,BRITANNIA.NS
2000-06-30,60.900001525878906,60.900001525878906,59.45000076293945,59.685001373291016,43.46015548706055,49220.0,BRITANNIA.NS
2000-07-03,61.5,62.0,60.400001525878906,61.27000045776367,44.61427307128906,80470.0,BRITANNIA.NS
2000-07-04,59.20000076293945,62.5,59.20000076293945,61.904998779296875,45.07665252685547,96770.0,BRITANNIA.NS
2000-07-05,62.0,62.92499923706055,61.255001068115234,61.790000915527344,44.992916107177734,40290.0,BRITANNIA.NS
2000-07-06,61.099998474121094,61.599998474121094,60.0,60.900001525878906,44.344852447509766,37940.0,BRITANNIA.NS
2000-07-07,60.005001068115234,61.79999923706055,60.005001068115234,61.494998931884766,44.77811050415039,146060.0,BRITANNIA.NS
2000-07-10,60.92499923706055,63.0,60.92499923706055,61.724998474121094,44.94558334350586,93520.0,BRITANNIA.NS
2000-07-11,61.5,63.97999954223633,61.0,62.8650016784668,45.77568817138672,106540.0,BRITANNIA.NS
2000-07-12,64.0,65.9000015258789,63.5,64.375,46.875205993652344,181750.0,BRITANNIA.NS
2000-07-13,65.19999694824219,65.30000305175781,63.79999923706055,64.99500274658203,47.3266716003418,344260.0,BRITANNIA.NS
2000-07-14,65.48999786376953,68.9000015258789,64.91999816894531,67.05500030517578,48.82666778564453,1047630.0,BRITANNIA.NS
2000-07-17,68.0,68.38999938964844,66.0,67.83000183105469,49.3909912109375,300770.0,BRITANNIA.NS
2000-07-18,68.0,68.0,66.5199966430664,67.61000061035156,49.230804443359375,223860.0,BRITANNIA.NS
2000-07-19,67.80000305175781,67.80000305175781,66.5,67.29000091552734,48.9977912902832,119000.0,BRITANNIA.NS
2000-07-20,67.19999694824219,67.19999694824219,66.30000305175781,66.6050033569336,48.49900436401367,80070.0,BRITANNIA.NS
2000-07-21,66.0,66.5,65.0,65.16500091552734,47.4504508972168,74990.0,BRITANNIA.NS
2000-07-24,64.2300033569336,64.5,62.599998474121094,63.70000076293945,46.383697509765625,108550.0,BRITANNIA.NS
2000-07-25,62.5,66.4000015258789,62.005001068115234,65.48500061035156,47.68346405029297,94260.0,BRITANNIA.NS
2000-07-26,67.4000015258789,68.0,65.80000305175781,67.21499633789062,48.94317626953125,175110.0,BRITANNIA.NS
2000-07-27,67.69999694824219,67.7249984741211,66.19999694824219,67.20500183105469,48.93589401245117,125010.0,BRITANNIA.NS
2000-07-28,67.0,67.9000015258789,66.5,67.55000305175781,49.18710708618164,775290.0,BRITANNIA.NS
2000-07-31,67.80000305175781,72.4000015258789,67.3499984741211,71.50499725341797,52.06698226928711,263940.0,BRITANNIA.NS
2000-08-01,71.0,71.5,68.5,69.95500183105469,50.938323974609375,152290.0,BRITANNIA.NS
2000-08-02,68.9000015258789,69.0,65.70500183105469,67.99500274658203,49.51115417480469,96470.0,BRITANNIA.NS
2000-08-03,68.19999694824219,68.19999694824219,67.0999984741211,67.58000183105469,49.20895767211914,26630.0,BRITANNIA.NS
2000-08-04,67.0999984741211,68.0,66.5,67.88500213623047,49.43105697631836,59890.0,BRITANNIA.NS
2000-08-07,67.1050033569336,67.4000015258789,66.69999694824219,67.13500213623047,48.884918212890625,23040.0,BRITANNIA.NS
2000-08-08,66.9000015258789,69.0,66.5999984741211,68.6449966430664,49.98442840576172,61450.0,BRITANNIA.NS
2000-08-09,68.9000015258789,71.0,67.5999984741211,69.75499725341797,50.79269790649414,147840.0,BRITANNIA.NS
2000-08-10,70.0,70.47000122070312,68.5,68.76499938964844,50.07181930541992,42760.0,BRITANNIA.NS
2000-08-11,69.4000015258789,69.4000015258789,68.01000213623047,68.86000061035156,50.1409912109375,34000.0,BRITANNIA.NS
2000-08-14,69.0,70.9000015258789,68.19999694824219,70.30500030517578,51.19318771362305,103930.0,BRITANNIA.NS
2000-08-15,70.30500030517578,70.30500030517578,70.30500030517578,70.30500030517578,51.19318771362305,0.0,BRITANNIA.NS
2000-08-16,69.5,70.5,68.01000213623047,70.21499633789062,51.12765121459961,84210.0,BRITANNIA.NS
2000-08-17,69.19999694824219,69.69000244140625,68.5,68.95999908447266,50.213809967041016,48790.0,BRITANNIA.NS
2000-08-18,68.61000061035156,69.44999694824219,68.0,69.0,50.24292755126953,39080.0,BRITANNIA.NS
2000-08-21,68.625,69.0999984741211,68.5,68.93000030517578,50.19196701049805,20210.0,BRITANNIA.NS
2000-08-22,69.0,69.05000305175781,67.5,68.19000244140625,49.65312957763672,49870.0,BRITANNIA.NS
2000-08-23,68.80000305175781,68.80000305175781,67.5999984741211,67.90499877929688,49.44561004638672,32520.0,BRITANNIA.NS
2000-08-24,67.6500015258789,67.98999786376953,66.5,67.37999725341797,49.06332778930664,27970.0,BRITANNIA.NS
2000-08-25,66.51000213623047,68.0,66.51000213623047,67.62000274658203,49.23809051513672,76250.0,BRITANNIA.NS
2000-08-28,68.80000305175781,69.0,67.0,67.4000015258789,49.077880859375,38500.0,BRITANNIA.NS
2000-08-29,66.0999984741211,68.0999984741211,66.0999984741211,67.9749984741211,49.4965705871582,38380.0,BRITANNIA.NS
2000-08-30,68.30000305175781,68.30000305175781,67.19999694824219,67.50499725341797,49.15433883666992,39830.0,BRITANNIA.NS
2000-08-31,67.05000305175781,67.05000305175781,66.5999984741211,66.8499984741211,48.67739486694336,45030.0,BRITANNIA.NS
2000-09-01,66.8499984741211,66.8499984741211,66.8499984741211,66.8499984741211,48.67739486694336,0.0,BRITANNIA.NS
2000-09-04,67.01000213623047,67.3499984741211,65.0999984741211,66.18000030517578,48.18952941894531,111430.0,BRITANNIA.NS
2000-09-05,66.80000305175781,66.80000305175781,65.19999694824219,65.9800033569336,48.04390335083008,24570.0,BRITANNIA.NS
2000-09-06,67.0,67.9000015258789,65.00499725341797,66.45999908447266,48.39341735839844,143740.0,BRITANNIA.NS
2000-09-07,67.0999984741211,67.0999984741211,66.0,66.12000274658203,48.145843505859375,142450.0,BRITANNIA.NS
2000-09-08,64.1500015258789,66.3949966430664,64.00499725341797,64.98999786376953,47.32301712036133,171860.0,BRITANNIA.NS
2000-09-11,65.0,65.0,63.61000061035156,64.6050033569336,47.04267501831055,78860.0,BRITANNIA.NS
2000-09-12,63.400001525878906,64.5999984741211,62.5,62.61000061035156,45.59000778198242,69110.0,BRITANNIA.NS
2000-09-13,63.79999923706055,63.95000076293945,63.0,63.209999084472656,46.02690505981445,206390.0,BRITANNIA.NS
2000-09-14,63.875,64.9800033569336,63.40999984741211,64.26499938964844,46.79510498046875,65960.0,BRITANNIA.NS
2000-09-15,64.9800033569336,64.9800033569336,63.345001220703125,63.650001525878906,46.347286224365234,32440.0,BRITANNIA.NS
2000-09-18,64.0,65.5,62.70000076293945,64.43000030517578,46.91524887084961,136650.0,BRITANNIA.NS
2000-09-19,64.48999786376953,66.5999984741211,63.11000061035156,65.78500366210938,47.901920318603516,122670.0,BRITANNIA.NS
2000-09-20,67.5,71.0,66.55000305175781,68.9000015258789,50.17012405395508,146970.0,BRITANNIA.NS
2000-09-21,70.0999984741211,70.8499984741211,68.19999694824219,69.37999725341797,50.51962661743164,154300.0,BRITANNIA.NS
2000-09-22,67.0,68.4000015258789,66.30000305175781,67.8499984741211,49.40556716918945,70350.0,BRITANNIA.NS
2000-09-25,67.0,69.4000015258789,65.50499725341797,67.83999633789062,49.39826965332031,84110.0,BRITANNIA.NS
2000-09-26,67.19999694824219,67.5,66.5,67.03500366210938,48.81210708618164,76990.0,BRITANNIA.NS
2000-09-27,65.3499984741211,67.0,65.3499984741211,66.77999877929688,48.626426696777344,49800.0,BRITANNIA.NS
2000-09-28,69.5,69.5,66.0,66.06999969482422,48.10943603515625,26170.0,BRITANNIA.NS
2000-09-29,67.5999984741211,67.5999984741211,65.51000213623047,65.98500061035156,48.047542572021484,32940.0,BRITANNIA.NS
2000-10-02,65.98500061035156,65.98500061035156,65.98500061035156,65.98500061035156,48.047542572021484,0.0,BRITANNIA.NS
2000-10-03,65.0999984741211,66.98999786376953,65.0999984741211,65.30999755859375,47.556026458740234,37270.0,BRITANNIA.NS
2000-10-04,65.0,66.98999786376953,65.0,66.31500244140625,48.28783416748047,36760.0,BRITANNIA.NS
2000-10-05,66.69999694824219,69.5,66.01000213623047,68.11499786376953,49.5985107421875,61640.0,BRITANNIA.NS
2000-10-06,68.5,69.5,67.66000366210938,68.58499908447266,49.94075393676758,82010.0,BRITANNIA.NS
2000-10-09,68.80000305175781,70.69999694824219,68.11000061035156,70.19000244140625,51.10945510864258,108920.0,BRITANNIA.NS
2000-10-10,69.19999694824219,70.0,69.19999694824219,69.81500244140625,50.83638381958008,186490.0,BRITANNIA.NS
2000-10-11,71.0,71.62000274658203,67.5999984741211,69.88500213623047,50.88736343383789,240490.0,BRITANNIA.NS
2000-10-12,69.19999694824219,71.0,69.1500015258789,70.6449966430664,51.440757751464844,161540.0,BRITANNIA.NS
2000-10-13,70.0,76.30000305175781,69.7249984741211,74.70999908447266,54.400733947753906,402110.0,BRITANNIA.NS
2000-10-16,77.44999694824219,78.0,75.125,76.91000366210938,56.002685546875,351980.0,BRITANNIA.NS
2000-10-17,77.0,77.0,74.0,76.2699966430664,55.536651611328125,278220.0,BRITANNIA.NS
2000-10-18,74.5,76.19999694824219,72.19999694824219,75.2699966430664,54.808502197265625,200290.0,BRITANNIA.NS
2000-10-19,75.0,75.5,73.66000366210938,74.69499969482422,54.389808654785156,54530.0,BRITANNIA.NS
2000-10-20,73.0999984741211,80.58999633789062,73.0999984741211,74.58000183105469,54.30606460571289,173640.0,BRITANNIA.NS
2000-10-23,73.5999984741211,75.5,73.5999984741211,74.4749984741211,54.2296028137207,81530.0,BRITANNIA.NS
2000-10-24,73.69999694824219,77.5,73.69999694824219,75.93000030517578,55.289066314697266,121360.0,BRITANNIA.NS
2000-10-25,75.8499984741211,76.00499725341797,74.61000061035156,75.01499938964844,54.62281036376953,137480.0,BRITANNIA.NS
2000-10-26,75.5999984741211,75.80000305175781,75.19999694824219,75.29000091552734,54.82305908203125,18150.0,BRITANNIA.NS
2000-10-27,74.5,81.29000091552734,74.5,75.16500091552734,54.73203659057617,63880.0,BRITANNIA.NS
2000-10-30,75.0999984741211,77.0,75.0999984741211,75.94499969482422,55.30000305175781,99600.0,BRITANNIA.NS
2000-10-31,75.30000305175781,76.25,75.30000305175781,75.63500213623047,55.07426834106445,104480.0,BRITANNIA.NS
2000-11-01,77.4000015258789,79.19999694824219,76.51000213623047,77.63500213623047,56.53059005737305,358140.0,BRITANNIA.NS
2000-11-02,78.4000015258789,80.80000305175781,78.0,80.41000366210938,58.551231384277344,774340.0,BRITANNIA.NS
2000-11-03,80.9000015258789,81.5999984741211,79.80000305175781,80.33999633789062,58.5002555847168,274450.0,BRITANNIA.NS
2000-11-06,80.0,81.5,79.9000015258789,80.05000305175781,58.289093017578125,115620.0,BRITANNIA.NS
2000-11-07,81.0,81.0,80.0,80.40499877929688,58.5475959777832,137970.0,BRITANNIA.NS
2000-11-08,80.19999694824219,82.0,80.0999984741211,80.94999694824219,58.944419860839844,159740.0,BRITANNIA.NS
2000-11-09,80.05000305175781,80.94999694824219,80.0,80.07499694824219,58.30729675292969,51500.0,BRITANNIA.NS
2000-11-10,80.5999984741211,80.5999984741211,79.91000366210938,80.30999755859375,58.47842025756836,154970.0,BRITANNIA.NS
2000-11-13,80.0,80.5,79.375,79.78500366210938,58.09612274169922,572710.0,BRITANNIA.NS
2000-11-14,79.41999816894531,81.0,79.0,80.43000030517578,58.56577682495117,152640.0,BRITANNIA.NS
2000-11-15,80.69999694824219,80.69999694824219,79.1500015258789,79.36000061035156,57.78667068481445,53000.0,BRITANNIA.NS
2000-11-16,79.19999694824219,80.11000061035156,78.48999786376953,79.91500091552734,58.19078826904297,74930.0,BRITANNIA.NS
2000-11-17,80.0,81.80000305175781,80.0,81.4749984741211,59.32670974731445,225350.0,BRITANNIA.NS
2000-11-20,81.5,81.9000015258789,81.05000305175781,81.58000183105469,59.403167724609375,73420.0,BRITANNIA.NS
2000-11-21,81.19999694824219,81.9000015258789,81.0,81.5999984741211,59.4177360534668,103580.0,BRITANNIA.NS
2000-11-22,80.19999694824219,81.0,80.0,80.1449966430664,58.3582763671875,150940.0,BRITANNIA.NS
2000-11-23,80.0,80.8499984741211,79.80000305175781,80.70999908447266,58.769683837890625,69090.0,BRITANNIA.NS
2000-11-24,81.0999984741211,81.23999786376953,80.21499633789062,81.0250015258789,58.99903869628906,93450.0,BRITANNIA.NS
2000-11-27,80.7249984741211,83.16500091552734,80.7249984741211,81.96499633789062,59.68351745605469,216350.0,BRITANNIA.NS
2000-11-28,82.30000305175781,82.69999694824219,82.0999984741211,82.5999984741211,60.14590072631836,123920.0,BRITANNIA.NS
2000-11-29,80.3499984741211,83.0,80.3499984741211,82.16000366210938,59.82549285888672,126710.0,BRITANNIA.NS
2000-11-30,83.48999786376953,83.48999786376953,81.8499984741211,83.06500244140625,60.4844970703125,183760.0,BRITANNIA.NS
2000-12-01,82.0,83.49500274658203,81.5999984741211,82.01000213623047,59.71627426147461,120510.0,BRITANNIA.NS
2000-12-04,80.5,81.9749984741211,78.56999969482422,78.88999938964844,57.44443130493164,220130.0,BRITANNIA.NS
2000-12-05,79.0,80.0,78.5,79.38500213623047,57.80485534667969,164200.0,BRITANNIA.NS
2000-12-06,79.4000015258789,80.5,78.50499725341797,78.8949966430664,57.448081970214844,107730.0,BRITANNIA.NS
2000-12-07,78.9000015258789,79.37000274658203,78.19999694824219,78.77999877929688,57.36431884765625,46690.0,BRITANNIA.NS
2000-12-08,78.30000305175781,79.4000015258789,78.30000305175781,79.27999877929688,57.72840118408203,78870.0,BRITANNIA.NS
2000-12-11,79.48999786376953,79.5,78.51000213623047,78.95500183105469,57.49176025390625,45950.0,BRITANNIA.NS
2000-12-12,78.82499694824219,79.3949966430664,78.80000305175781,78.95999908447266,57.49540710449219,61600.0,BRITANNIA.NS
2000-12-13,75.11499786376953,79.5,75.11499786376953,79.18499755859375,57.65924072265625,22670.0,BRITANNIA.NS
2000-12-14,78.61000061035156,79.30999755859375,78.6050033569336,78.7750015258789,57.3607063293457,111800.0,BRITANNIA.NS
2000-12-15,79.0,79.0,77.5,77.58999633789062,56.497825622558594,65640.0,BRITANNIA.NS
2000-12-18,75.0,78.0,72.55500030517578,77.05000305175781,56.104618072509766,234030.0,BRITANNIA.NS
2000-12-19,77.9000015258789,77.9000015258789,75.00499725341797,76.15499877929688,55.45291519165039,182990.0,BRITANNIA.NS
2000-12-20,75.19999694824219,77.28500366210938,75.19999694824219,77.13500213623047,56.1665153503418,24670.0,BRITANNIA.NS
2000-12-21,77.5999984741211,77.5999984741211,75.0,75.93499755859375,55.29271697998047,156850.0,BRITANNIA.NS
2000-12-22,76.19999694824219,76.38999938964844,75.0,75.61000061035156,55.056060791015625,38760.0,BRITANNIA.NS
2000-12-25,75.61000061035156,75.61000061035156,75.61000061035156,75.61000061035156,55.056060791015625,0.0,BRITANNIA.NS
2000-12-26,79.0,79.0,75.0,75.82499694824219,55.212615966796875,49580.0,BRITANNIA.NS
2000-12-27,76.69999694824219,78.0,76.56500244140625,77.50499725341797,56.43593215942383,53380.0,BRITANNIA.NS
2000-12-28,76.9000015258789,79.78500366210938,76.8499984741211,78.94000244140625,57.480838775634766,83600.0,BRITANNIA.NS
2000-12-29,80.0,80.66500091552734,78.0199966430664,80.23999786376953,58.427452087402344,68090.0,BRITANNIA.NS
2001-01-01,82.0,82.4000015258789,79.21499633789062,79.875,58.16165542602539,61410.0,BRITANNIA.NS
2001-01-02,79.5,81.55000305175781,79.0999984741211,79.99500274658203,58.249046325683594,58780.0,BRITANNIA.NS
2001-01-03,80.4800033569336,81.0999984741211,79.0,80.70999908447266,58.769683837890625,75760.0,BRITANNIA.NS
2001-01-04,81.4000015258789,81.4000015258789,79.0,79.31500244140625,57.75387954711914,81330.0,BRITANNIA.NS
2001-01-05,79.19999694824219,80.69999694824219,79.19999694824219,80.30500030517578,58.47475814819336,88850.0,BRITANNIA.NS
2001-01-08,80.69999694824219,81.5999984741211,80.19999694824219,81.38500213623047,59.26118469238281,232240.0,BRITANNIA.NS
2001-01-09,81.98999786376953,81.98999786376953,80.0,80.43000030517578,58.56577682495117,48250.0,BRITANNIA.NS
2001-01-10,81.5,81.5,79.0999984741211,79.5199966430664,57.90317916870117,67070.0,BRITANNIA.NS
2001-01-11,77.5,80.0999984741211,77.5,79.69999694824219,58.03423309326172,119580.0,BRITANNIA.NS
2001-01-12,78.3499984741211,79.875,78.3499984741211,78.62999725341797,57.25510025024414,138030.0,BRITANNIA.NS
2001-01-15,78.0,79.0,77.30000305175781,78.78500366210938,57.367984771728516,21540.0,BRITANNIA.NS
2001-01-16,78.98999786376953,79.0,77.5,77.71499633789062,56.588844299316406,58370.0,BRITANNIA.NS
2001-01-17,78.5,78.5,76.0,78.21499633789062,56.952919006347656,17230.0,BRITANNIA.NS
2001-01-18,76.81500244140625,78.24500274658203,76.80000305175781,77.23500061035156,56.23933410644531,19480.0,BRITANNIA.NS
2001-01-19,77.0,81.0,76.5250015258789,79.97000122070312,58.230838775634766,449070.0,BRITANNIA.NS
2001-01-22,78.0,80.0,78.0,78.11499786376953,56.880104064941406,34720.0,BRITANNIA.NS
2001-01-23,78.0,78.3949966430664,76.0999984741211,76.83999633789062,55.95170593261719,42610.0,BRITANNIA.NS
2001-01-24,76.05000305175781,78.5,76.05000305175781,76.77999877929688,55.908023834228516,101230.0,BRITANNIA.NS
2001-01-25,76.5999984741211,77.29000091552734,76.0,76.36000061035156,55.60219192504883,87200.0,BRITANNIA.NS
2001-01-26,76.36000061035156,76.36000061035156,76.36000061035156,76.36000061035156,55.60219192504883,0.0,BRITANNIA.NS
2001-01-29,77.5,77.5,75.0,76.13999938964844,55.441993713378906,50300.0,BRITANNIA.NS
2001-01-30,72.80000305175781,78.0,72.80000305175781,77.45999908447266,56.40316390991211,128580.0,BRITANNIA.NS
2001-01-31,79.5,80.0,77.0,79.75499725341797,58.07427215576172,168030.0,BRITANNIA.NS
2001-02-01,79.98999786376953,80.00499725341797,78.69999694824219,79.50499725341797,57.892234802246094,221970.0,BRITANNIA.NS
2001-02-02,79.5,80.0,79.19999694824219,79.6500015258789,57.997825622558594,38450.0,BRITANNIA.NS
2001-02-05,80.30000305175781,80.30000305175781,77.0999984741211,77.5199966430664,56.44684982299805,495390.0,BRITANNIA.NS
2001-02-06,76.6050033569336,78.5,76.5250015258789,77.38500213623047,56.348548889160156,68280.0,BRITANNIA.NS
2001-02-07,71.61000061035156,79.30000305175781,71.61000061035156,76.875,55.97718811035156,54100.0,BRITANNIA.NS
2001-02-08,77.98999786376953,78.5,76.0999984741211,78.05500030517578,56.83641815185547,74960.0,BRITANNIA.NS
2001-02-09,76.5,78.80000305175781,76.5,77.3499984741211,56.32307434082031,34710.0,BRITANNIA.NS
2001-02-12,78.4000015258789,80.75,77.0999984741211,79.79499816894531,58.103416442871094,288410.0,BRITANNIA.NS
2001-02-13,80.79000091552734,80.79000091552734,79.0,79.625,57.9796257019043,389830.0,BRITANNIA.NS
2001-02-14,80.5,82.30000305175781,79.7249984741211,80.7699966430664,58.8133544921875,533510.0,BRITANNIA.NS
2001-02-15,81.4000015258789,81.69000244140625,80.5,81.26000213623047,59.17017364501953,477380.0,BRITANNIA.NS
2001-02-16,80.0999984741211,81.4000015258789,80.0999984741211,80.70999908447266,58.769683837890625,115590.0,BRITANNIA.NS
2001-02-19,79.80000305175781,81.30000305175781,79.5,81.03500366210938,59.0063362121582,82360.0,BRITANNIA.NS
2001-02-20,80.5999984741211,81.0999984741211,80.0,80.0999984741211,58.32550048828125,80490.0,BRITANNIA.NS
2001-02-21,78.0999984741211,80.55000305175781,78.0999984741211,79.48999786376953,57.881309509277344,27590.0,BRITANNIA.NS
2001-02-22,78.9000015258789,80.4800033569336,78.55999755859375,79.0250015258789,57.54273223876953,46230.0,BRITANNIA.NS
2001-02-23,78.80999755859375,79.19999694824219,77.5999984741211,78.16000366210938,56.912872314453125,52700.0,BRITANNIA.NS
2001-02-26,77.0199966430664,78.0,72.80000305175781,77.4000015258789,56.35947036743164,56610.0,BRITANNIA.NS
2001-02-27,76.30500030517578,79.5,76.30500030517578,77.92500305175781,56.74175262451172,58750.0,BRITANNIA.NS
2001-02-28,72.0,80.0,72.0,73.37000274658203,53.42498779296875,166120.0,BRITANNIA.NS
2001-03-01,72.1500015258789,72.48999786376953,68.0999984741211,70.79000091552734,51.54634475708008,604000.0,BRITANNIA.NS
2001-03-02,73.30000305175781,73.30000305175781,69.0250015258789,71.79000091552734,52.27450180053711,153390.0,BRITANNIA.NS
2001-03-05,70.9000015258789,72.5,70.80000305175781,71.75,52.2453727722168,150990.0,BRITANNIA.NS
2001-03-06,71.75,71.75,71.75,71.75,52.2453727722168,0.0,BRITANNIA.NS
2001-03-07,71.75499725341797,72.0,70.01000213623047,70.7750015258789,51.535430908203125,69320.0,BRITANNIA.NS
2001-03-08,71.98500061035156,71.98500061035156,68.1050033569336,69.95500183105469,50.938323974609375,55820.0,BRITANNIA.NS
2001-03-09,68.5,74.9000015258789,67.125,69.51000213623047,50.614315032958984,53980.0,BRITANNIA.NS
2001-03-12,67.5,70.375,67.5,68.5,49.87885665893555,15080.0,BRITANNIA.NS
2001-03-13,67.5999984741211,73.5,64.5,66.18499755859375,48.19317626953125,57240.0,BRITANNIA.NS
2001-03-14,65.9000015258789,69.9000015258789,65.9000015258789,67.1500015258789,48.895843505859375,23670.0,BRITANNIA.NS
2001-03-15,69.48999786376953,69.48999786376953,66.19999694824219,68.41999816894531,49.82059860229492,9800.0,BRITANNIA.NS
2001-03-16,68.0,68.5,66.55000305175781,66.84500122070312,48.67376708984375,12740.0,BRITANNIA.NS
2001-03-19,66.0,68.30000305175781,65.5999984741211,66.81500244140625,48.651920318603516,6800.0,BRITANNIA.NS
2001-03-20,68.0999984741211,68.0999984741211,65.2300033569336,66.63999938964844,48.52448654174805,22100.0,BRITANNIA.NS
2001-03-21,66.9000015258789,67.0,66.0999984741211,66.93499755859375,48.739295959472656,3170.0,BRITANNIA.NS
2001-03-22,67.0999984741211,69.80000305175781,66.80000305175781,68.75,50.06089401245117,47380.0,BRITANNIA.NS
2001-03-23,68.0,68.4000015258789,67.0,67.13500213623047,48.884918212890625,28350.0,BRITANNIA.NS
2001-03-26,69.0,69.0,65.25,66.56500244140625,48.469886779785156,6370.0,BRITANNIA.NS
2001-03-27,65.0999984741211,68.0,65.0999984741211,67.59500122070312,49.219879150390625,19660.0,BRITANNIA.NS
2001-03-28,72.98999786376953,72.98999786376953,67.44999694824219,69.45500183105469,50.57424545288086,72220.0,BRITANNIA.NS
2001-03-29,67.30000305175781,69.9000015258789,67.30000305175781,69.48999786376953,50.599727630615234,182910.0,BRITANNIA.NS
2001-03-30,71.5,72.9000015258789,68.02999877929688,69.90499877929688,50.90192794799805,84640.0,BRITANNIA.NS
2001-04-02,68.0,69.5,67.30000305175781,68.25499725341797,49.70045852661133,43630.0,BRITANNIA.NS
2001-04-03,65.69999694824219,69.30000305175781,65.69999694824219,68.69499969482422,50.0208625793457,81420.0,BRITANNIA.NS
2001-04-04,67.5999984741211,69.0,67.5999984741211,68.59500122070312,49.94804000854492,81410.0,BRITANNIA.NS
2001-04-05,68.59500122070312,68.59500122070312,68.59500122070312,68.59500122070312,49.94804000854492,0.0,BRITANNIA.NS
2001-04-06,66.3550033569336,68.77999877929688,66.3550033569336,67.11000061035156,48.866729736328125,5800.0,BRITANNIA.NS
2001-04-09,67.42500305175781,70.9800033569336,66.03500366210938,68.66999816894531,50.00263214111328,32130.0,BRITANNIA.NS
2001-04-10,68.0,68.69999694824219,66.19999694824219,67.94000244140625,49.47109603881836,14730.0,BRITANNIA.NS
2001-04-11,67.80000305175781,67.80000305175781,65.55500030517578,66.34500122070312,48.30967712402344,15680.0,BRITANNIA.NS
2001-04-12,63.19499969482422,68.4000015258789,63.19499969482422,67.33999633789062,49.03419494628906,37450.0,BRITANNIA.NS
2001-04-13,67.33999633789062,67.33999633789062,67.33999633789062,67.33999633789062,49.03419494628906,0.0,BRITANNIA.NS
2001-04-16,68.4000015258789,68.4000015258789,65.83999633789062,67.08999633789062,48.85214614868164,41800.0,BRITANNIA.NS
2001-04-17,68.0,68.5,66.5250015258789,68.20500183105469,49.6640510559082,64300.0,BRITANNIA.NS
2001-04-18,67.5,68.80000305175781,67.5,68.50499725341797,49.88249588012695,69780.0,BRITANNIA.NS
2001-04-19,67.69999694824219,70.0,67.69999694824219,69.44499969482422,50.56696701049805,90820.0,BRITANNIA.NS
2001-04-20,67.5,69.55999755859375,64.0,69.32499694824219,50.479591369628906,80200.0,BRITANNIA.NS
2001-04-23,69.0,69.5999984741211,68.01000213623047,69.40499877929688,50.537837982177734,50020.0,BRITANNIA.NS
2001-04-24,68.9000015258789,69.4749984741211,68.69999694824219,69.41000366210938,50.541481018066406,15320.0,BRITANNIA.NS
2001-04-25,64.01000213623047,71.48999786376953,64.01000213623047,68.69000244140625,50.01721954345703,12070.0,BRITANNIA.NS
2001-04-26,69.5,70.0999984741211,69.00499725341797,70.0,50.97109603881836,270530.0,BRITANNIA.NS
2001-04-27,69.0,69.87999725341797,67.5,69.54499816894531,50.639793395996094,25200.0,BRITANNIA.NS
2001-04-30,68.32499694824219,69.55000305175781,68.32499694824219,69.4749984741211,50.588809967041016,96710.0,BRITANNIA.NS
2001-05-01,69.4749984741211,69.4749984741211,69.4749984741211,69.4749984741211,50.588809967041016,0.0,BRITANNIA.NS
2001-05-02,66.5,69.5,66.5,68.65499877929688,49.99172592163086,211750.0,BRITANNIA.NS
2001-05-03,68.01000213623047,69.19999694824219,68.01000213623047,68.8949966430664,50.166481018066406,13580.0,BRITANNIA.NS
2001-05-04,69.0,69.0,67.5999984741211,68.125,49.605796813964844,9270.0,BRITANNIA.NS
2001-05-07,67.69999694824219,68.38999938964844,67.69999694824219,68.0250015258789,49.532989501953125,12300.0,BRITANNIA.NS
2001-05-08,68.02999877929688,68.46499633789062,67.30500030517578,67.45999908447266,49.12157440185547,5420.0,BRITANNIA.NS
2001-05-09,67.73500061035156,68.38999938964844,67.2249984741211,67.41000366210938,49.085182189941406,113460.0,BRITANNIA.NS
2001-05-10,67.0999984741211,67.44999694824219,67.0,67.38999938964844,49.07060241699219,2630.0,BRITANNIA.NS
2001-05-11,66.45500183105469,67.69999694824219,66.45500183105469,66.88999938964844,48.70652770996094,5890.0,BRITANNIA.NS
2001-05-14,67.5,67.5999984741211,66.33999633789062,66.3499984741211,48.313323974609375,16300.0,BRITANNIA.NS
2001-05-15,67.69499969482422,68.0999984741211,64.1050033569336,64.8499984741211,47.22107696533203,28770.0,BRITANNIA.NS
2001-05-16,66.80000305175781,66.80000305175781,64.69999694824219,65.06999969482422,47.38127517700195,27250.0,BRITANNIA.NS
2001-05-17,65.48500061035156,65.80000305175781,64.5999984741211,64.7699966430664,47.16283416748047,27280.0,BRITANNIA.NS
2001-05-18,65.19999694824219,65.79000091552734,63.5,63.76499938964844,46.431034088134766,287570.0,BRITANNIA.NS
2001-05-21,65.5,67.4000015258789,62.79999923706055,64.9749984741211,47.31209182739258,82190.0,BRITANNIA.NS
2001-05-22,65.0999984741211,65.44999694824219,63.150001525878906,65.01499938964844,47.341224670410156,71160.0,BRITANNIA.NS
2001-05-23,65.19999694824219,65.80000305175781,65.0999984741211,65.41500091552734,47.63248825073242,13450.0,BRITANNIA.NS
2001-05-24,65.5999984741211,65.75,65.4000015258789,65.4800033569336,47.67981719970703,10350.0,BRITANNIA.NS
2001-05-25,64.06999969482422,65.08999633789062,64.06999969482422,64.25499725341797,46.78782272338867,48570.0,BRITANNIA.NS
2001-05-28,64.69999694824219,64.9000015258789,63.70000076293945,63.79999923706055,46.456520080566406,107510.0,BRITANNIA.NS
2001-05-29,64.49500274658203,64.49500274658203,63.0,63.915000915527344,46.540252685546875,54790.0,BRITANNIA.NS
2001-05-30,64.9749984741211,66.19999694824219,63.63999938964844,64.13500213623047,46.7004508972168,188830.0,BRITANNIA.NS
2001-05-31,65.19499969482422,65.19499969482422,63.5,64.22000122070312,46.76234817504883,32220.0,BRITANNIA.NS
2001-06-01,64.69999694824219,65.0,63.79999923706055,64.12999725341797,46.696807861328125,26650.0,BRITANNIA.NS
2001-06-04,64.0,64.0,63.599998474121094,63.79999923706055,46.456520080566406,39880.0,BRITANNIA.NS
2001-06-05,63.20000076293945,63.29999923706055,59.255001068115234,61.96500015258789,45.12034606933594,92900.0,BRITANNIA.NS
2001-06-06,60.599998474121094,63.599998474121094,60.599998474121094,61.595001220703125,44.85092544555664,26620.0,BRITANNIA.NS
2001-06-07,61.970001220703125,61.970001220703125,60.0,60.69499969482422,44.19557571411133,43550.0,BRITANNIA.NS
2001-06-08,61.05500030517578,63.150001525878906,60.67499923706055,62.81999969482422,45.742919921875,97320.0,BRITANNIA.NS
2001-06-11,62.5,63.345001220703125,61.52000045776367,61.83000183105469,45.02204132080078,40570.0,BRITANNIA.NS
2001-06-12,63.0,63.0,61.0,62.45000076293945,45.473506927490234,169780.0,BRITANNIA.NS
2001-06-13,67.44499969482422,67.44499969482422,64.0,64.3499984741211,46.85700225830078,663210.0,BRITANNIA.NS
2001-06-14,64.5,65.9000015258789,64.5,65.20999908447266,47.483219146728516,393580.0,BRITANNIA.NS
2001-06-15,65.9000015258789,66.63999938964844,64.0,64.5999984741211,47.039039611816406,278980.0,BRITANNIA.NS
2001-06-18,63.79999923706055,64.0,62.369998931884766,62.70500183105469,45.65917205810547,199730.0,BRITANNIA.NS
2001-06-19,62.20000076293945,63.0,62.20000076293945,62.505001068115234,45.513553619384766,217490.0,BRITANNIA.NS
2001-06-20,63.400001525878906,63.400001525878906,62.5,62.82500076293945,45.74655532836914,34750.0,BRITANNIA.NS
2001-06-21,62.5099983215332,63.0,62.5,62.54999923706055,45.546321868896484,17980.0,BRITANNIA.NS
2001-06-22,62.5,62.599998474121094,62.005001068115234,62.404998779296875,45.44072723388672,25440.0,BRITANNIA.NS
2001-06-25,62.5,62.970001220703125,62.025001525878906,62.400001525878906,45.43708801269531,227840.0,BRITANNIA.NS
2001-06-26,63.5,63.79999923706055,61.5,62.375,45.418888092041016,150620.0,BRITANNIA.NS
2001-06-27,64.9000015258789,64.9000015258789,61.02000045776367,61.470001220703125,44.759910583496094,23680.0,BRITANNIA.NS
2001-06-28,61.5,61.970001220703125,60.20500183105469,61.314998626708984,44.64704132080078,32520.0,BRITANNIA.NS
2001-06-29,61.790000915527344,61.790000915527344,60.849998474121094,61.35499954223633,44.67616271972656,23280.0,BRITANNIA.NS
2001-07-02,61.005001068115234,62.79999923706055,61.005001068115234,62.11000061035156,45.63500213623047,321230.0,BRITANNIA.NS
2001-07-03,61.0,63.79999923706055,61.0,62.19499969482422,45.697471618652344,300880.0,BRITANNIA.NS
2001-07-04,67.98999786376953,67.98999786376953,61.42499923706055,61.529998779296875,45.208858489990234,109560.0,BRITANNIA.NS
2001-07-05,62.20000076293945,62.20000076293945,61.0,61.40999984741211,45.12068557739258,426440.0,BRITANNIA.NS
2001-07-06,62.0,62.0,60.599998474121094,61.10499954223633,44.89659118652344,9950.0,BRITANNIA.NS
2001-07-09,67.5,67.5,60.29999923706055,60.90999984741211,44.75331115722656,96490.0,BRITANNIA.NS
2001-07-10,60.0,62.0,60.0,61.1349983215332,44.91863250732422,17940.0,BRITANNIA.NS
2001-07-11,60.70000076293945,61.29999923706055,60.599998474121094,60.80500030517578,44.67616653442383,8210.0,BRITANNIA.NS
2001-07-12,60.70000076293945,61.599998474121094,60.0,60.10499954223633,44.16184616088867,164350.0,BRITANNIA.NS
2001-07-13,60.380001068115234,60.79999923706055,59.0,59.88999938964844,44.00387191772461,39300.0,BRITANNIA.NS
2001-07-16,58.29999923706055,60.59000015258789,58.29999923706055,58.95000076293945,43.31321334838867,18880.0,BRITANNIA.NS
2001-07-17,59.29999923706055,61.20000076293945,58.5,60.89500045776367,44.74229431152344,18040.0,BRITANNIA.NS
2001-07-18,60.69499969482422,60.69499969482422,59.5,59.654998779296875,43.831207275390625,12160.0,BRITANNIA.NS
2001-07-19,59.5,59.79999923706055,59.224998474121094,59.650001525878906,43.827545166015625,6700.0,BRITANNIA.NS
2001-07-20,59.70000076293945,59.70000076293945,58.0,58.35499954223633,42.87603759765625,66500.0,BRITANNIA.NS
2001-07-23,58.375,60.5,58.0,58.185001373291016,42.75113296508789,25400.0,BRITANNIA.NS
2001-07-24,59.5,59.5,58.5,58.78499984741211,43.19198226928711,3680.0,BRITANNIA.NS
2001-07-25,59.5,59.5,56.665000915527344,57.334999084472656,42.12660598754883,311120.0,BRITANNIA.NS
2001-07-26,61.900001525878906,61.900001525878906,55.5,56.90999984741211,41.81433868408203,55310.0,BRITANNIA.NS
2001-07-27,57.900001525878906,59.0,57.400001525878906,57.97999954223633,42.60050582885742,33040.0,BRITANNIA.NS
2001-07-30,59.45000076293945,59.5,57.79999923706055,58.18000030517578,42.74746322631836,61150.0,BRITANNIA.NS
2001-07-31,58.5,59.0,57.279998779296875,58.09000015258789,42.681339263916016,32330.0,BRITANNIA.NS
2001-08-01,57.20500183105469,58.5,57.20500183105469,57.665000915527344,42.36907196044922,10590.0,BRITANNIA.NS
2001-08-02,58.95000076293945,58.95000076293945,56.654998779296875,58.06999969482422,42.66664123535156,11760.0,BRITANNIA.NS
2001-08-03,58.494998931884766,58.75,58.209999084472656,58.61000061035156,43.06340408325195,16720.0,BRITANNIA.NS
2001-08-06,57.5,58.79999923706055,57.5,58.3650016784668,42.88339614868164,10540.0,BRITANNIA.NS
2001-08-07,58.0,58.599998474121094,57.75,58.45000076293945,42.94583511352539,8600.0,BRITANNIA.NS
2001-08-08,58.29999923706055,58.875,58.150001525878906,58.59000015258789,43.048709869384766,62500.0,BRITANNIA.NS
2001-08-09,58.400001525878906,58.48500061035156,57.0,57.04499816894531,41.91352081298828,12610.0,BRITANNIA.NS
2001-08-10,56.0,57.689998626708984,56.0,56.72999954223633,41.68208312988281,16960.0,BRITANNIA.NS
2001-08-13,55.20000076293945,57.099998474121094,55.20000076293945,56.15999984741211,41.26327896118164,10030.0,BRITANNIA.NS
2001-08-14,57.0,57.0,55.505001068115234,55.959999084472656,41.116329193115234,8930.0,BRITANNIA.NS
2001-08-15,55.959999084472656,55.959999084472656,55.959999084472656,55.959999084472656,41.116329193115234,0.0,BRITANNIA.NS
2001-08-16,55.70000076293945,55.89500045776367,54.5,54.57500076293945,40.09870910644531,49430.0,BRITANNIA.NS
2001-08-17,54.599998474121094,55.20000076293945,54.5,54.97999954223633,40.39628601074219,33980.0,BRITANNIA.NS
2001-08-20,55.790000915527344,55.790000915527344,54.83000183105469,54.970001220703125,40.38893508911133,15270.0,BRITANNIA.NS
2001-08-21,55.099998474121094,55.20000076293945,54.529998779296875,54.845001220703125,40.29708480834961,10800.0,BRITANNIA.NS
2001-08-22,54.845001220703125,54.845001220703125,54.845001220703125,54.845001220703125,40.29708480834961,0.0,BRITANNIA.NS
2001-08-23,54.79999923706055,55.599998474121094,54.79999923706055,55.130001068115234,40.50648498535156,18070.0,BRITANNIA.NS
2001-08-24,55.0,55.400001525878906,54.80500030517578,55.14500045776367,40.517520904541016,9590.0,BRITANNIA.NS
2001-08-27,54.79999923706055,55.3849983215332,54.525001525878906,54.92499923706055,40.355865478515625,12010.0,BRITANNIA.NS
2001-08-28,55.064998626708984,55.064998626708984,54.5,54.779998779296875,40.24932861328125,20790.0,BRITANNIA.NS
2001-08-29,55.0,55.900001525878906,54.5,55.099998474121094,40.48445129394531,26020.0,BRITANNIA.NS
2001-08-30,55.900001525878906,55.900001525878906,54.95000076293945,55.71500015258789,40.936317443847656,105020.0,BRITANNIA.NS
2001-08-31,55.97999954223633,56.790000915527344,55.29999923706055,56.36000061035156,41.410221099853516,58170.0,BRITANNIA.NS
2001-09-03,56.0099983215332,56.70000076293945,55.400001525878906,56.31999969482422,41.380836486816406,64040.0,BRITANNIA.NS
2001-09-04,56.5,57.494998931884766,55.79999923706055,56.005001068115234,41.14939498901367,123370.0,BRITANNIA.NS
2001-09-05,46.849998474121094,56.79999923706055,46.849998474121094,55.994998931884766,41.14204406738281,93960.0,BRITANNIA.NS
2001-09-06,57.900001525878906,57.900001525878906,55.5,55.880001068115234,41.05754852294922,22870.0,BRITANNIA.NS
2001-09-07,57.0,57.0,55.625,55.80500030517578,41.00244903564453,29950.0,BRITANNIA.NS
2001-09-10,57.3849983215332,57.38999938964844,55.70000076293945,56.0,41.145721435546875,162200.0,BRITANNIA.NS
2001-09-11,56.0,56.5,56.0,56.314998626708984,41.37716293334961,12540.0,BRITANNIA.NS
2001-09-12,54.5,56.875,53.0,56.39500045776367,41.435943603515625,377350.0,BRITANNIA.NS
2001-09-13,56.099998474121094,56.099998474121094,55.0,55.6150016784668,40.86284255981445,10920.0,BRITANNIA.NS
2001-09-14,55.0,55.900001525878906,54.0,54.27000045776367,39.87461853027344,2588070.0,BRITANNIA.NS
2001-09-17,53.0099983215332,54.5,51.125,52.5,38.5741081237793,69300.0,BRITANNIA.NS
2001-09-18,53.66999816894531,53.66999816894531,49.5,50.79499816894531,37.32136535644531,91160.0,BRITANNIA.NS
2001-09-19,51.0,51.400001525878906,50.79999923706055,50.80500030517578,37.32871627807617,234010.0,BRITANNIA.NS
2001-09-20,51.9900016784668,51.9900016784668,49.79999923706055,49.994998931884766,36.73357391357422,186740.0,BRITANNIA.NS
2001-09-21,50.0,51.900001525878906,49.099998474121094,49.619998931884766,36.458045959472656,537980.0,BRITANNIA.NS
2001-09-24,48.5,51.5,46.0,51.0,37.471988677978516,32980.0,BRITANNIA.NS
2001-09-25,49.29999923706055,52.9900016784668,49.29999923706055,50.689998626708984,37.24421691894531,29200.0,BRITANNIA.NS
2001-09-26,49.70000076293945,52.0,49.70000076293945,50.6349983215332,37.20381546020508,36920.0,BRITANNIA.NS
2001-09-27,50.099998474121094,51.70000076293945,49.5,50.935001373291016,37.42422866821289,59260.0,BRITANNIA.NS
2001-09-28,50.5,51.0,50.0099983215332,50.4900016784668,37.09727478027344,20420.0,BRITANNIA.NS
2001-10-01,50.0,52.44499969482422,49.90999984741211,50.17499923706055,36.865821838378906,26040.0,BRITANNIA.NS
2001-10-02,50.17499923706055,50.17499923706055,50.17499923706055,50.17499923706055,36.865821838378906,0.0,BRITANNIA.NS
2001-10-03,50.28499984741211,50.48500061035156,49.61000061035156,50.064998626708984,36.785011291503906,6890.0,BRITANNIA.NS
2001-10-04,50.775001525878906,50.775001525878906,50.0,50.04499816894531,36.77031707763672,10880.0,BRITANNIA.NS
2001-10-05,50.11000061035156,50.66999816894531,50.11000061035156,50.5,37.1046257019043,5830.0,BRITANNIA.NS
2001-10-08,50.5,50.89500045776367,50.0,50.57500076293945,37.159732818603516,17440.0,BRITANNIA.NS
2001-10-09,50.154998779296875,50.880001068115234,50.154998779296875,50.61000061035156,37.18544387817383,9140.0,BRITANNIA.NS
2001-10-10,51.0,51.0,50.2599983215332,50.80500030517578,37.32871627807617,8480.0,BRITANNIA.NS
2001-10-11,50.04999923706055,51.150001525878906,50.04999923706055,50.845001220703125,37.35810852050781,17030.0,BRITANNIA.NS
2001-10-12,50.20500183105469,51.650001525878906,50.11000061035156,50.6150016784668,37.189125061035156,34800.0,BRITANNIA.NS
2001-10-15,50.79999923706055,51.20000076293945,50.79999923706055,50.8650016784668,37.372802734375,22050.0,BRITANNIA.NS
2001-10-16,50.70000076293945,51.18000030517578,50.5,51.040000915527344,37.50139236450195,5760.0,BRITANNIA.NS
2001-10-17,51.18000030517578,51.18000030517578,50.11000061035156,50.810001373291016,37.332393646240234,25600.0,BRITANNIA.NS
2001-10-18,50.154998779296875,50.79999923706055,50.154998779296875,50.625,37.19646453857422,8890.0,BRITANNIA.NS
2001-10-19,50.60499954223633,51.0,50.099998474121094,50.290000915527344,36.9503288269043,19630.0,BRITANNIA.NS
2001-10-22,50.70000076293945,50.9900016784668,50.5,50.720001220703125,37.266258239746094,2540.0,BRITANNIA.NS
2001-10-23,51.0,51.400001525878906,50.900001525878906,51.0,37.471988677978516,12760.0,BRITANNIA.NS
2001-10-24,51.45500183105469,51.45500183105469,50.5,50.85499954223633,37.365455627441406,12150.0,BRITANNIA.NS
2001-10-25,47.5099983215332,52.0,47.5099983215332,51.599998474121094,37.912845611572266,16760.0,BRITANNIA.NS
2001-10-26,51.599998474121094,51.599998474121094,51.599998474121094,51.599998474121094,37.912845611572266,0.0,BRITANNIA.NS
2001-10-29,55.20000076293945,55.20000076293945,50.20000076293945,51.72999954223633,38.00836181640625,138010.0,BRITANNIA.NS
2001-10-30,52.0,52.38999938964844,51.79999923706055,52.0,38.20673370361328,266130.0,BRITANNIA.NS
2001-10-31,51.525001525878906,55.20000076293945,51.525001525878906,52.904998779296875,38.87167739868164,44130.0,BRITANNIA.NS
2001-11-01,52.349998474121094,54.0,52.349998474121094,53.505001068115234,39.31254196166992,70620.0,BRITANNIA.NS
2001-11-02,53.599998474121094,56.5,53.599998474121094,56.029998779296875,41.16776657104492,105750.0,BRITANNIA.NS
2001-11-05,55.79999923706055,55.95000076293945,54.70000076293945,54.86000061035156,40.30810546875,96830.0,BRITANNIA.NS
2001-11-06,54.70500183105469,55.5,54.70500183105469,55.15999984741211,40.52853012084961,124680.0,BRITANNIA.NS
2001-11-07,55.20000076293945,56.4900016784668,54.11000061035156,55.5,40.778343200683594,16520.0,BRITANNIA.NS
2001-11-08,55.79999923706055,56.900001525878906,55.5,56.43000030517578,41.46165466308594,62310.0,BRITANNIA.NS
2001-11-09,56.400001525878906,56.79999923706055,55.73500061035156,56.52000045776367,41.52777862548828,24040.0,BRITANNIA.NS
2001-11-12,57.0,59.0,56.75,58.1349983215332,42.71440124511719,63180.0,BRITANNIA.NS
2001-11-13,59.4900016784668,59.4900016784668,57.0,57.005001068115234,41.8841438293457,103380.0,BRITANNIA.NS
2001-11-14,57.5,58.4900016784668,57.20500183105469,57.994998931884766,42.611534118652344,6130.0,BRITANNIA.NS
2001-11-15,58.48500061035156,58.48500061035156,57.30500030517578,57.689998626708984,42.3874397277832,4140.0,BRITANNIA.NS
2001-11-16,57.689998626708984,57.689998626708984,57.689998626708984,57.689998626708984,42.3874397277832,0.0,BRITANNIA.NS
2001-11-19,57.5,58.20000076293945,57.0,57.5,42.24783706665039,32940.0,BRITANNIA.NS
2001-11-20,57.5,57.5,52.0099983215332,54.53499984741211,40.0693244934082,56970.0,BRITANNIA.NS
2001-11-21,56.400001525878906,56.88999938964844,55.5099983215332,56.5,41.513092041015625,38060.0,BRITANNIA.NS
2001-11-22,57.0,57.5,56.5,56.54999923706055,41.54983139038086,31580.0,BRITANNIA.NS
2001-11-23,57.599998474121094,57.70000076293945,56.70500183105469,56.845001220703125,41.766571044921875,16450.0,BRITANNIA.NS
2001-11-26,56.33000183105469,57.20000076293945,56.33000183105469,56.92499923706055,41.82535171508789,14330.0,BRITANNIA.NS
2001-11-27,56.29999923706055,57.39500045776367,56.29999923706055,56.650001525878906,41.6233024597168,24190.0,BRITANNIA.NS
2001-11-28,57.400001525878906,57.400001525878906,53.505001068115234,56.64500045776367,41.61962890625,41480.0,BRITANNIA.NS
2001-11-29,57.0,57.70000076293945,56.5,57.52000045776367,42.26253128051758,20540.0,BRITANNIA.NS
2001-11-30,57.52000045776367,57.52000045776367,57.52000045776367,57.52000045776367,42.26253128051758,0.0,BRITANNIA.NS
2001-12-03,57.54999923706055,61.4900016784668,57.54999923706055,60.974998474121094,44.80106735229492,78330.0,BRITANNIA.NS
2001-12-04,60.5099983215332,64.30000305175781,60.0,62.790000915527344,46.134639739990234,73600.0,BRITANNIA.NS
2001-12-05,63.400001525878906,63.5,61.38999938964844,62.95500183105469,46.25587463378906,36930.0,BRITANNIA.NS
2001-12-06,61.0,63.0,60.400001525878906,62.1349983215332,45.65337371826172,13840.0,BRITANNIA.NS
2001-12-07,62.400001525878906,62.400001525878906,60.0,61.599998474121094,45.26028823852539,25480.0,BRITANNIA.NS
2001-12-10,61.79999923706055,61.79999923706055,60.599998474121094,61.34000015258789,45.06924819946289,14540.0,BRITANNIA.NS
2001-12-11,60.650001525878906,61.849998474121094,60.650001525878906,61.275001525878906,45.02150344848633,23890.0,BRITANNIA.NS
2001-12-12,60.29999923706055,61.5,60.29999923706055,60.35499954223633,44.34553146362305,8630.0,BRITANNIA.NS
2001-12-13,59.599998474121094,60.779998779296875,58.5,59.625,43.80915832519531,80690.0,BRITANNIA.NS
2001-12-14,61.400001525878906,61.400001525878906,59.099998474121094,59.459999084472656,43.68793487548828,9530.0,BRITANNIA.NS
2001-12-17,59.459999084472656,59.459999084472656,59.459999084472656,59.459999084472656,43.68793487548828,0.0,BRITANNIA.NS
2001-12-18,60.39500045776367,60.400001525878906,58.0,59.119998931884766,43.43811798095703,19510.0,BRITANNIA.NS
2001-12-19,58.5,59.790000915527344,58.5,58.505001068115234,42.98625183105469,13580.0,BRITANNIA.NS
2001-12-20,58.0,59.70000076293945,57.5099983215332,58.06999969482422,42.66664123535156,69860.0,BRITANNIA.NS
2001-12-21,59.0,59.0,57.525001525878906,58.814998626708984,43.214019775390625,50560.0,BRITANNIA.NS
2001-12-24,59.0,60.0,57.6150016784668,58.0099983215332,42.62255096435547,20000.0,BRITANNIA.NS
2001-12-25,58.0099983215332,58.0099983215332,58.0099983215332,58.0099983215332,42.62255096435547,0.0,BRITANNIA.NS
2001-12-26,58.599998474121094,59.0,57.5099983215332,58.630001068115234,43.078094482421875,10680.0,BRITANNIA.NS
2001-12-27,57.94499969482422,60.0,57.5,57.540000915527344,42.27722930908203,11230.0,BRITANNIA.NS
2001-12-28,59.994998931884766,59.994998931884766,56.7400016784668,57.48500061035156,42.23681640625,54880.0,BRITANNIA.NS
2001-12-31,58.5,63.0,56.5099983215332,60.9900016784668,44.812095642089844,37360.0,BRITANNIA.NS
2002-01-01,59.5,61.400001525878906,59.0,59.92499923706055,44.029598236083984,22380.0,BRITANNIA.NS
2002-01-02,59.79999923706055,60.0,58.650001525878906,59.33000183105469,43.59242248535156,14200.0,BRITANNIA.NS
2002-01-03,60.38999938964844,60.5,59.60499954223633,59.98500061035156,44.07368087768555,16980.0,BRITANNIA.NS
2002-01-04,59.5,59.689998626708984,59.099998474121094,59.349998474121094,43.60710525512695,5660.0,BRITANNIA.NS
2002-01-07,59.29999923706055,60.900001525878906,59.0,59.880001068115234,43.99652862548828,11870.0,BRITANNIA.NS
2002-01-08,58.0,60.0,58.0,59.3849983215332,43.632816314697266,12720.0,BRITANNIA.NS
2002-01-09,59.29999923706055,60.0,58.5,58.88999938964844,43.26913070678711,21240.0,BRITANNIA.NS
2002-01-10,58.505001068115234,60.400001525878906,58.0,58.650001525878906,43.09278869628906,10640.0,BRITANNIA.NS
2002-01-11,58.0,60.0,58.0,59.779998779296875,43.92304992675781,23580.0,BRITANNIA.NS
2002-01-14,60.5,60.5,59.5,59.650001525878906,43.827545166015625,5110.0,BRITANNIA.NS
2002-01-15,60.380001068115234,60.38999938964844,58.0,58.349998474121094,42.872371673583984,25560.0,BRITANNIA.NS
2002-01-16,58.0,59.64500045776367,57.5,58.375,42.89073944091797,27570.0,BRITANNIA.NS
2002-01-17,59.5,60.5,58.11000061035156,59.20500183105469,43.50058364868164,61110.0,BRITANNIA.NS
2002-01-18,60.28499984741211,60.28499984741211,58.70000076293945,59.630001068115234,43.81284713745117,13770.0,BRITANNIA.NS
2002-01-21,59.70000076293945,59.900001525878906,59.20000076293945,59.415000915527344,43.654869079589844,17480.0,BRITANNIA.NS
2002-01-22,59.5,59.5,59.0,59.30500030517578,43.57405090332031,5670.0,BRITANNIA.NS
2002-01-23,58.625,59.494998931884766,58.099998474121094,58.505001068115234,42.98625183105469,75740.0,BRITANNIA.NS
2002-01-24,58.70000076293945,59.099998474121094,58.099998474121094,58.32500076293945,42.854000091552734,9250.0,BRITANNIA.NS
2002-01-25,57.70000076293945,58.9900016784668,57.599998474121094,58.52000045776367,42.99727249145508,15040.0,BRITANNIA.NS
2002-01-28,61.0,61.0,58.20000076293945,58.28499984741211,42.82461166381836,9410.0,BRITANNIA.NS
2002-01-29,59.400001525878906,59.400001525878906,57.55500030517578,58.01499938964844,42.626220703125,12690.0,BRITANNIA.NS
2002-01-30,57.79999923706055,59.09000015258789,57.505001068115234,57.72999954223633,42.416831970214844,10880.0,BRITANNIA.NS
2002-01-31,58.0,58.20000076293945,56.79999923706055,57.05500030517578,41.920875549316406,163980.0,BRITANNIA.NS
2002-02-01,59.70000076293945,59.79999923706055,57.70000076293945,57.959999084472656,42.58582305908203,154840.0,BRITANNIA.NS
2002-02-04,57.224998474121094,58.20000076293945,53.60499954223633,57.64500045776367,42.354373931884766,22840.0,BRITANNIA.NS
2002-02-05,58.9900016784668,58.9900016784668,57.029998779296875,57.65999984741211,42.36539077758789,4170.0,BRITANNIA.NS
2002-02-06,57.599998474121094,58.5,56.70000076293945,57.20000076293945,42.02741241455078,51490.0,BRITANNIA.NS
2002-02-07,56.310001373291016,57.8650016784668,55.400001525878906,56.16999816894531,41.270626068115234,43050.0,BRITANNIA.NS
2002-02-08,56.20000076293945,57.5,56.099998474121094,57.209999084472656,42.034767150878906,20250.0,BRITANNIA.NS
2002-02-11,57.0,58.47999954223633,56.79999923706055,58.08000183105469,42.673980712890625,30670.0,BRITANNIA.NS
2002-02-12,58.349998474121094,58.82500076293945,57.529998779296875,57.630001068115234,42.343353271484375,39820.0,BRITANNIA.NS
2002-02-13,57.52000045776367,58.20000076293945,57.099998474121094,57.2599983215332,42.071502685546875,34720.0,BRITANNIA.NS
2002-02-14,57.20500183105469,58.0,57.20500183105469,57.88999938964844,42.534385681152344,8250.0,BRITANNIA.NS
2002-02-15,58.04999923706055,58.349998474121094,56.849998474121094,57.1150016784668,41.964962005615234,57950.0,BRITANNIA.NS
2002-02-18,56.79999923706055,59.0,56.20000076293945,57.125,41.97230529785156,54710.0,BRITANNIA.NS
2002-02-19,56.82500076293945,56.82500076293945,56.10499954223633,56.51499938964844,41.524112701416016,102690.0,BRITANNIA.NS
2002-02-20,56.70000076293945,57.07500076293945,56.25,56.5,41.513092041015625,117420.0,BRITANNIA.NS
2002-02-21,56.099998474121094,57.0,56.0,56.224998474121094,41.311038970947266,93890.0,BRITANNIA.NS
2002-02-22,56.494998931884766,56.5,55.52000045776367,56.09000015258789,41.21185302734375,21360.0,BRITANNIA.NS
2002-02-25,56.400001525878906,56.9900016784668,56.20000076293945,56.625,41.60493469238281,33110.0,BRITANNIA.NS
2002-02-26,56.5,57.900001525878906,56.5,57.505001068115234,42.25151062011719,79570.0,BRITANNIA.NS
2002-02-27,57.084999084472656,58.95000076293945,57.084999084472656,58.599998474121094,43.05605697631836,129600.0,BRITANNIA.NS
2002-02-28,58.97999954223633,59.75,55.5,56.64500045776367,41.61962890625,145210.0,BRITANNIA.NS
2002-03-01,56.5,57.0,55.025001525878906,55.25,40.59465789794922,59000.0,BRITANNIA.NS
2002-03-04,55.5099983215332,58.38999938964844,54.5,55.09000015258789,40.47709655761719,46110.0,BRITANNIA.NS
2002-03-05,55.0,55.900001525878906,54.400001525878906,54.595001220703125,40.113399505615234,162050.0,BRITANNIA.NS
2002-03-06,53.599998474121094,55.38999938964844,53.599998474121094,54.904998779296875,40.3411750793457,122970.0,BRITANNIA.NS
2002-03-07,54.0,55.775001525878906,54.0,55.14500045776367,40.517520904541016,14210.0,BRITANNIA.NS
2002-03-08,54.20000076293945,55.5,54.20000076293945,55.255001068115234,40.59833526611328,9620.0,BRITANNIA.NS
2002-03-11,54.2599983215332,56.0,53.61000061035156,53.81999969482422,39.543975830078125,151140.0,BRITANNIA.NS
2002-03-12,53.099998474121094,54.4900016784668,52.70000076293945,53.165000915527344,39.06271743774414,115560.0,BRITANNIA.NS
2002-03-13,53.5,54.599998474121094,53.099998474121094,53.540000915527344,39.3382453918457,121840.0,BRITANNIA.NS
2002-03-14,53.505001068115234,54.0,53.45500183105469,53.83000183105469,39.55131149291992,19390.0,BRITANNIA.NS
2002-03-15,53.310001373291016,54.79999923706055,53.310001373291016,54.73500061035156,40.21626281738281,34870.0,BRITANNIA.NS
2002-03-18,55.79999923706055,55.79999923706055,52.79999923706055,54.44499969482422,40.00319290161133,164950.0,BRITANNIA.NS
2002-03-19,53.20000076293945,54.494998931884766,53.20000076293945,53.564998626708984,39.35661697387695,14370.0,BRITANNIA.NS
2002-03-20,53.599998474121094,54.38999938964844,53.20000076293945,53.564998626708984,39.35661697387695,127780.0,BRITANNIA.NS
2002-03-21,54.0,54.0,53.0099983215332,53.345001220703125,39.194969177246094,73960.0,BRITANNIA.NS
2002-03-22,53.5,54.5,53.0,54.07500076293945,39.73133850097656,96080.0,BRITANNIA.NS
2002-03-25,54.07500076293945,54.07500076293945,54.07500076293945,54.07500076293945,39.73133850097656,0.0,BRITANNIA.NS
2002-03-26,53.5,54.68000030517578,53.470001220703125,53.505001068115234,39.31254196166992,179940.0,BRITANNIA.NS
2002-03-27,54.0,54.900001525878906,54.0,54.20500183105469,39.82685470581055,50900.0,BRITANNIA.NS
2002-03-28,52.099998474121094,54.9900016784668,52.099998474121094,54.38999938964844,39.9627799987793,34140.0,BRITANNIA.NS
2002-03-29,54.38999938964844,54.38999938964844,54.38999938964844,54.38999938964844,39.9627799987793,0.0,BRITANNIA.NS
2002-04-01,55.0,55.4900016784668,54.0,54.685001373291016,40.17953109741211,27170.0,BRITANNIA.NS
2002-04-02,55.400001525878906,55.5,54.20000076293945,54.45000076293945,40.00685501098633,26530.0,BRITANNIA.NS
2002-04-03,55.0,55.189998626708984,54.005001068115234,54.29499816894531,39.892974853515625,32040.0,BRITANNIA.NS
2002-04-04,55.0,55.0,54.165000915527344,54.20000076293945,39.82317352294922,22510.0,BRITANNIA.NS
2002-04-05,54.400001525878906,55.19499969482422,54.165000915527344,54.185001373291016,39.81216049194336,41500.0,BRITANNIA.NS
2002-04-08,54.0,54.494998931884766,53.82500076293945,54.10499954223633,39.753379821777344,10080.0,BRITANNIA.NS
2002-04-09,54.20000076293945,54.29999923706055,53.5,53.83000183105469,39.55131149291992,11050.0,BRITANNIA.NS
2002-04-10,54.0,54.5,52.400001525878906,52.685001373291016,38.71004104614258,49770.0,BRITANNIA.NS
2002-04-11,53.20000076293945,54.099998474121094,52.275001525878906,53.060001373291016,38.98556900024414,161250.0,BRITANNIA.NS
2002-04-12,53.79999923706055,53.875,53.11000061035156,53.279998779296875,39.147212982177734,35000.0,BRITANNIA.NS
2002-04-15,53.505001068115234,54.5,53.5,53.875,39.584388732910156,15090.0,BRITANNIA.NS
2002-04-16,54.20000076293945,54.20000076293945,52.5,54.0,39.676239013671875,28410.0,BRITANNIA.NS
2002-04-17,52.5099983215332,54.400001525878906,52.5099983215332,53.900001525878906,39.602752685546875,105980.0,BRITANNIA.NS
2002-04-18,53.10499954223633,53.994998931884766,53.10499954223633,53.5,39.30885696411133,16020.0,BRITANNIA.NS
2002-04-19,53.10499954223633,54.439998626708984,52.599998474121094,54.02000045776367,39.69091796875,27110.0,BRITANNIA.NS
2002-04-22,54.0,54.900001525878906,53.029998779296875,54.1150016784668,39.76072692871094,25780.0,BRITANNIA.NS
2002-04-23,53.67499923706055,54.130001068115234,53.65999984741211,53.90999984741211,39.61009979248047,8700.0,BRITANNIA.NS
2002-04-24,53.5099983215332,54.400001525878906,53.5099983215332,53.689998626708984,39.44845962524414,17960.0,BRITANNIA.NS
2002-04-25,53.40999984741211,54.400001525878906,53.40999984741211,54.2400016784668,39.852561950683594,23700.0,BRITANNIA.NS
2002-04-26,53.79999923706055,54.599998474121094,53.79999923706055,54.06999969482422,39.727657318115234,40190.0,BRITANNIA.NS
2002-04-29,53.61000061035156,54.494998931884766,53.59000015258789,54.150001525878906,39.78643035888672,11370.0,BRITANNIA.NS
2002-04-30,55.0,55.0,53.79999923706055,53.8650016784668,39.57704162597656,6530.0,BRITANNIA.NS
2002-05-01,53.8650016784668,53.8650016784668,53.8650016784668,53.8650016784668,39.57704162597656,0.0,BRITANNIA.NS
2002-05-02,52.55500030517578,55.275001525878906,52.55500030517578,54.08000183105469,39.73500442504883,51900.0,BRITANNIA.NS
2002-05-03,54.42499923706055,54.45000076293945,53.81999969482422,54.189998626708984,39.81582260131836,20330.0,BRITANNIA.NS
2002-05-06,54.099998474121094,54.459999084472656,52.755001068115234,53.994998931884766,39.67255401611328,264550.0,BRITANNIA.NS
2002-05-07,53.904998779296875,54.20000076293945,53.790000915527344,53.875,39.584388732910156,14400.0,BRITANNIA.NS
2002-05-08,54.0,54.17499923706055,53.709999084472656,53.880001068115234,39.58806228637695,18220.0,BRITANNIA.NS
2002-05-09,55.0,55.0,53.60499954223633,53.88999938964844,39.59540939331055,12180.0,BRITANNIA.NS
2002-05-10,54.0,54.0,53.279998779296875,53.69499969482422,39.4521369934082,13450.0,BRITANNIA.NS
2002-05-13,53.5,54.29999923706055,53.30500030517578,54.08000183105469,39.73500442504883,20080.0,BRITANNIA.NS
2002-05-14,54.20000076293945,54.20000076293945,53.82500076293945,54.09000015258789,39.74236297607422,10370.0,BRITANNIA.NS
2002-05-15,53.099998474121094,54.0,53.025001525878906,53.525001525878906,39.32722854614258,14400.0,BRITANNIA.NS
2002-05-16,53.96500015258789,53.96500015258789,53.11000061035156,53.474998474121094,39.29048538208008,9300.0,BRITANNIA.NS
2002-05-17,52.88999938964844,53.64500045776367,52.720001220703125,53.09000015258789,39.00761032104492,14310.0,BRITANNIA.NS
2002-05-20,53.595001220703125,53.595001220703125,52.0,52.51499938964844,38.58513641357422,22910.0,BRITANNIA.NS
2002-05-21,52.70000076293945,57.5,52.70000076293945,54.470001220703125,40.02156066894531,62520.0,BRITANNIA.NS
2002-05-22,53.5,54.29999923706055,52.75,52.900001525878906,38.868011474609375,29910.0,BRITANNIA.NS
2002-05-23,52.20000076293945,53.5,52.20000076293945,53.32500076293945,39.18027114868164,14520.0,BRITANNIA.NS
2002-05-24,51.09000015258789,54.150001525878906,51.09000015258789,53.529998779296875,39.33089828491211,28560.0,BRITANNIA.NS
2002-05-27,51.61000061035156,53.97999954223633,51.61000061035156,53.630001068115234,39.40436935424805,13960.0,BRITANNIA.NS
2002-05-28,51.51499938964844,57.599998474121094,51.51499938964844,52.970001220703125,38.919429779052734,63870.0,BRITANNIA.NS
2002-05-29,53.0,53.0,52.5099983215332,52.95500183105469,38.90842056274414,28420.0,BRITANNIA.NS
2002-05-30,51.79999923706055,54.5,51.79999923706055,52.994998931884766,38.93780517578125,12760.0,BRITANNIA.NS
2002-05-31,52.400001525878906,53.0,52.05500030517578,52.40999984741211,38.507991790771484,56360.0,BRITANNIA.NS
2002-06-03,53.0,53.45000076293945,52.79999923706055,52.974998474121094,38.92311096191406,33920.0,BRITANNIA.NS
2002-06-04,53.005001068115234,53.5,52.505001068115234,52.90999984741211,38.8753547668457,105740.0,BRITANNIA.NS
2002-06-05,55.494998931884766,55.494998931884766,53.5,53.98500061035156,39.66520690917969,89780.0,BRITANNIA.NS
2002-06-06,54.97999954223633,55.5,54.099998474121094,54.2599983215332,39.86725997924805,74190.0,BRITANNIA.NS
2002-06-07,54.099998474121094,54.45000076293945,52.70000076293945,53.29499816894531,39.15822982788086,53930.0,BRITANNIA.NS
2002-06-10,55.435001373291016,55.435001373291016,53.099998474121094,53.459999084472656,39.27946472167969,31210.0,BRITANNIA.NS
2002-06-11,53.505001068115234,53.79999923706055,52.92499923706055,52.97999954223633,38.926788330078125,56910.0,BRITANNIA.NS
2002-06-12,53.650001525878906,53.650001525878906,52.810001373291016,52.85499954223633,38.8349494934082,56710.0,BRITANNIA.NS
2002-06-13,53.0,53.345001220703125,52.80500030517578,52.834999084472656,38.82024383544922,32310.0,BRITANNIA.NS
2002-06-14,50.51499938964844,53.0,50.51499938964844,52.904998779296875,38.87167739868164,65110.0,BRITANNIA.NS
2002-06-17,53.400001525878906,53.68000030517578,52.439998626708984,52.70000076293945,38.7210693359375,173090.0,BRITANNIA.NS
2002-06-18,52.599998474121094,52.98500061035156,52.5,52.810001373291016,38.801883697509766,126050.0,BRITANNIA.NS
2002-06-19,52.29999923706055,53.345001220703125,52.20000076293945,52.415000915527344,38.51166534423828,78640.0,BRITANNIA.NS
2002-06-20,52.03499984741211,52.689998626708984,52.01499938964844,52.5,38.5741081237793,45400.0,BRITANNIA.NS
2002-06-21,52.10499954223633,53.0,50.5,51.224998474121094,37.637306213378906,104250.0,BRITANNIA.NS
2002-06-24,51.5,52.20000076293945,51.0,51.60499954223633,37.91652297973633,91080.0,BRITANNIA.NS
2002-06-25,51.79999923706055,51.96500015258789,51.40999984741211,51.790000915527344,38.05244064331055,45340.0,BRITANNIA.NS
2002-06-26,52.0,52.0,51.0,51.244998931884766,37.652008056640625,42690.0,BRITANNIA.NS
2002-06-27,50.255001068115234,51.599998474121094,50.255001068115234,51.06999969482422,37.52342224121094,24940.0,BRITANNIA.NS
2002-06-28,51.599998474121094,51.98500061035156,51.099998474121094,51.56999969482422,37.89079284667969,41300.0,BRITANNIA.NS
2002-07-01,51.0099983215332,51.875,51.0099983215332,51.5099983215332,37.846717834472656,27760.0,BRITANNIA.NS
2002-07-02,51.099998474121094,51.900001525878906,51.099998474121094,51.81999969482422,38.074493408203125,34610.0,BRITANNIA.NS
2002-07-03,51.994998931884766,51.994998931884766,51.26499938964844,51.85499954223633,38.10020065307617,13310.0,BRITANNIA.NS
2002-07-04,51.314998626708984,51.790000915527344,51.20000076293945,51.53499984741211,37.865081787109375,39490.0,BRITANNIA.NS
2002-07-05,51.314998626708984,52.005001068115234,51.099998474121094,51.369998931884766,37.74384689331055,163660.0,BRITANNIA.NS
2002-07-08,51.20000076293945,51.875,50.900001525878906,51.494998931884766,37.835689544677734,76200.0,BRITANNIA.NS
2002-07-09,51.599998474121094,52.5,51.5,52.1150016784668,38.29122543334961,22970.0,BRITANNIA.NS
2002-07-10,52.5,52.900001525878906,51.55500030517578,52.369998931884766,38.47858810424805,14080.0,BRITANNIA.NS
2002-07-11,52.22999954223633,52.779998779296875,52.22999954223633,52.59000015258789,38.64023208618164,25690.0,BRITANNIA.NS
2002-07-12,52.20000076293945,52.79999923706055,52.0,52.57500076293945,38.629215240478516,30820.0,BRITANNIA.NS
2002-07-15,52.5,52.79999923706055,51.6150016784668,52.4900016784668,38.566768646240234,70640.0,BRITANNIA.NS
2002-07-16,52.20000076293945,52.79999923706055,51.5099983215332,52.0,38.20673370361328,14640.0,BRITANNIA.NS
2002-07-17,51.57500076293945,52.79499816894531,51.57500076293945,52.459999084472656,38.54472351074219,15380.0,BRITANNIA.NS
2002-07-18,51.05500030517578,52.595001220703125,51.05500030517578,51.959999084472656,38.731075286865234,42800.0,BRITANNIA.NS
2002-07-19,51.0,55.79999923706055,50.79999923706055,51.869998931884766,38.66398620605469,35150.0,BRITANNIA.NS
2002-07-22,54.55500030517578,54.55500030517578,51.20500183105469,52.130001068115234,38.85779571533203,58360.0,BRITANNIA.NS
2002-07-23,53.5,53.5,51.94499969482422,52.63999938964844,39.23794937133789,37800.0,BRITANNIA.NS
2002-07-24,52.0,52.779998779296875,51.79999923706055,52.42499923706055,39.07767868041992,58520.0,BRITANNIA.NS
2002-07-25,54.595001220703125,54.595001220703125,52.0099983215332,52.560001373291016,39.178314208984375,47230.0,BRITANNIA.NS
2002-07-26,53.5,53.5,50.525001525878906,51.73500061035156,38.563350677490234,105230.0,BRITANNIA.NS
2002-07-29,55.400001525878906,55.400001525878906,50.814998626708984,50.91999816894531,37.95585632324219,88930.0,BRITANNIA.NS
2002-07-30,53.494998931884766,53.900001525878906,48.5,51.0099983215332,38.02293395996094,61500.0,BRITANNIA.NS
2002-07-31,52.5,52.5,48.20000076293945,51.35499954223633,38.28009796142578,36080.0,BRITANNIA.NS
2002-08-01,51.994998931884766,52.400001525878906,50.20000076293945,51.81999969482422,38.62672424316406,44550.0,BRITANNIA.NS
2002-08-02,48.05500030517578,52.189998626708984,48.05500030517578,51.14500045776367,38.123573303222656,12620.0,BRITANNIA.NS
2002-08-05,51.29999923706055,51.5,50.20000076293945,50.755001068115234,37.832862854003906,87320.0,BRITANNIA.NS
2002-08-06,50.79999923706055,51.400001525878906,50.61000061035156,51.185001373291016,38.15338897705078,31300.0,BRITANNIA.NS
2002-08-07,51.20000076293945,51.97999954223633,50.099998474121094,51.20500183105469,38.168296813964844,39730.0,BRITANNIA.NS
2002-08-08,51.994998931884766,51.994998931884766,51.0,51.33000183105469,38.2614631652832,13580.0,BRITANNIA.NS
2002-08-09,50.720001220703125,51.974998474121094,50.720001220703125,51.82500076293945,38.630435943603516,54860.0,BRITANNIA.NS
2002-08-12,50.709999084472656,52.0,50.709999084472656,51.55500030517578,38.4291877746582,20810.0,BRITANNIA.NS
2002-08-13,51.5,52.29999923706055,51.099998474121094,51.32500076293945,38.25774002075195,23430.0,BRITANNIA.NS
2002-08-14,51.099998474121094,52.494998931884766,50.810001373291016,50.915000915527344,37.952117919921875,64130.0,BRITANNIA.NS
2002-08-15,50.915000915527344,50.915000915527344,50.915000915527344,50.915000915527344,37.952117919921875,0.0,BRITANNIA.NS
2002-08-16,52.400001525878906,52.400001525878906,51.20000076293945,51.814998626708984,38.62298583984375,44570.0,BRITANNIA.NS
2002-08-19,51.5,52.4900016784668,51.5,51.61000061035156,38.470184326171875,22020.0,BRITANNIA.NS
2002-08-20,51.494998931884766,51.58000183105469,51.005001068115234,51.084999084472656,38.07883834838867,30090.0,BRITANNIA.NS
2002-08-21,50.599998474121094,51.89500045776367,50.599998474121094,51.01499938964844,38.02666091918945,23610.0,BRITANNIA.NS
2002-08-22,50.83000183105469,51.21500015258789,50.83000183105469,51.20500183105469,38.168296813964844,31550.0,BRITANNIA.NS
2002-08-23,50.810001373291016,52.099998474121094,50.810001373291016,51.8650016784668,38.660255432128906,76360.0,BRITANNIA.NS
2002-08-26,52.0,52.349998474121094,51.20000076293945,52.23500061035156,38.93605422973633,67730.0,BRITANNIA.NS
2002-08-27,51.91999816894531,52.09000015258789,51.54999923706055,51.80500030517578,38.61552047729492,14360.0,BRITANNIA.NS
2002-08-28,51.79999923706055,52.0,51.400001525878906,51.900001525878906,38.68635177612305,26030.0,BRITANNIA.NS
2002-08-29,52.5,53.0,52.10499954223633,52.869998931884766,39.40937805175781,70300.0,BRITANNIA.NS
2002-08-30,52.275001525878906,53.0,51.564998626708984,52.709999084472656,39.290122985839844,137980.0,BRITANNIA.NS
2002-09-02,53.70000076293945,53.70000076293945,52.54999923706055,53.0,39.50628662109375,74920.0,BRITANNIA.NS
2002-09-03,53.0,53.5,51.814998626708984,53.34000015258789,39.759727478027344,20820.0,BRITANNIA.NS
2002-09-04,53.189998626708984,57.5,53.189998626708984,53.959999084472656,40.22188186645508,439270.0,BRITANNIA.NS
2002-09-05,56.900001525878906,56.900001525878906,54.0,54.345001220703125,40.50885772705078,252620.0,BRITANNIA.NS
2002-09-06,55.0,55.0,53.599998474121094,53.915000915527344,40.18833541870117,45860.0,BRITANNIA.NS
2002-09-09,53.70000076293945,53.9900016784668,53.029998779296875,53.470001220703125,39.856624603271484,73010.0,BRITANNIA.NS
2002-09-10,53.470001220703125,53.470001220703125,53.470001220703125,53.470001220703125,39.856624603271484,0.0,BRITANNIA.NS
2002-09-11,53.20000076293945,53.650001525878906,52.70000076293945,52.79999923706055,39.35721206665039,26050.0,BRITANNIA.NS
2002-09-12,53.3650016784668,53.3650016784668,52.42499923706055,53.005001068115234,39.510013580322266,184190.0,BRITANNIA.NS
2002-09-13,53.0,53.279998779296875,52.70000076293945,52.935001373291016,39.45784378051758,47820.0,BRITANNIA.NS
2002-09-16,53.099998474121094,53.290000915527344,52.849998474121094,52.95000076293945,39.46902084350586,10730.0,BRITANNIA.NS
2002-09-17,53.28499984741211,53.290000915527344,52.92499923706055,53.025001525878906,39.52492904663086,12310.0,BRITANNIA.NS
2002-09-18,52.904998779296875,53.5,52.70000076293945,52.959999084472656,39.47648239135742,23800.0,BRITANNIA.NS
2002-09-19,52.85499954223633,52.85499954223633,52.25,52.369998931884766,39.036678314208984,91540.0,BRITANNIA.NS
2002-09-20,54.79999923706055,54.79999923706055,51.01499938964844,52.80500030517578,39.36093521118164,22660.0,BRITANNIA.NS
2002-09-23,52.0,52.75,51.90999984741211,52.224998474121094,38.92860412597656,329530.0,BRITANNIA.NS
2002-09-24,52.0,52.900001525878906,52.0,52.67499923706055,39.26403045654297,217350.0,BRITANNIA.NS
2002-09-25,52.599998474121094,52.599998474121094,51.709999084472656,52.005001068115234,38.764617919921875,153940.0,BRITANNIA.NS
2002-09-26,51.71500015258789,53.5,51.71500015258789,52.7400016784668,39.31248474121094,16240.0,BRITANNIA.NS
2002-09-27,52.599998474121094,52.599998474121094,52.0,52.150001525878906,38.872703552246094,19000.0,BRITANNIA.NS
2002-09-30,54.900001525878906,54.900001525878906,51.505001068115234,52.01499938964844,38.772064208984375,17670.0,BRITANNIA.NS
2002-10-01,52.0,52.189998626708984,51.900001525878906,52.14500045776367,38.86896514892578,13230.0,BRITANNIA.NS
2002-10-02,52.14500045776367,52.14500045776367,52.14500045776367,52.14500045776367,38.86896514892578,0.0,BRITANNIA.NS
2002-10-03,52.79999923706055,53.5,51.79999923706055,52.92499923706055,39.45038604736328,59610.0,BRITANNIA.NS
2002-10-04,53.0,53.5,52.01499938964844,52.66999816894531,39.26030349731445,21460.0,BRITANNIA.NS
2002-10-07,51.5,53.0,51.5,52.630001068115234,39.23048782348633,18960.0,BRITANNIA.NS
2002-10-08,50.79999923706055,53.20000076293945,50.79999923706055,52.599998474121094,39.208126068115234,13420.0,BRITANNIA.NS
2002-10-09,51.625,52.79999923706055,51.625,52.494998931884766,39.12985610961914,41190.0,BRITANNIA.NS
2002-10-10,51.849998474121094,52.7599983215332,51.849998474121094,52.505001068115234,39.1373176574707,239850.0,BRITANNIA.NS
2002-10-11,52.07500076293945,52.994998931884766,52.07500076293945,52.66999816894531,39.26030349731445,19880.0,BRITANNIA.NS
2002-10-14,56.619998931884766,56.619998931884766,52.70000076293945,52.8650016784668,39.405662536621094,3170.0,BRITANNIA.NS
2002-10-15,52.8650016784668,52.8650016784668,52.8650016784668,52.8650016784668,39.405662536621094,0.0,BRITANNIA.NS
2002-10-16,52.98500061035156,55.0,52.5,52.505001068115234,39.1373176574707,361900.0,BRITANNIA.NS
2002-10-17,52.0,52.994998931884766,51.98500061035156,52.724998474121094,39.30130386352539,26070.0,BRITANNIA.NS
2002-10-18,52.349998474121094,52.95500183105469,52.349998474121094,52.54499816894531,39.16712951660156,271280.0,BRITANNIA.NS
2002-10-21,52.04999923706055,53.0,52.0,52.560001373291016,39.178314208984375,24210.0,BRITANNIA.NS
2002-10-22,54.400001525878906,54.400001525878906,51.79999923706055,53.02000045776367,39.52119445800781,65090.0,BRITANNIA.NS
2002-10-23,52.380001068115234,53.20000076293945,52.380001068115234,52.7400016784668,39.31248474121094,20490.0,BRITANNIA.NS
2002-10-24,52.0,53.0,52.0,52.5,39.133583068847656,31990.0,BRITANNIA.NS
2002-10-25,53.0,53.0,52.0,52.25,38.94723892211914,53880.0,BRITANNIA.NS
2002-10-28,52.29999923706055,52.79999923706055,51.3650016784668,52.099998474121094,38.835426330566406,54530.0,BRITANNIA.NS
2002-10-29,53.0,53.0,51.54999923706055,52.099998474121094,38.835426330566406,56130.0,BRITANNIA.NS
2002-10-30,51.0,52.45000076293945,51.0,51.974998474121094,38.742252349853516,59350.0,BRITANNIA.NS
2002-10-31,50.599998474121094,52.70000076293945,50.599998474121094,52.21500015258789,38.92115020751953,104960.0,BRITANNIA.NS
2002-11-01,51.5,52.5,51.5,52.20500183105469,38.913692474365234,36170.0,BRITANNIA.NS
2002-11-04,52.0,52.689998626708984,51.349998474121094,51.845001220703125,38.64535903930664,6020.0,BRITANNIA.NS
2002-11-05,52.45000076293945,52.474998474121094,51.599998474121094,51.6150016784668,38.47391128540039,12460.0,BRITANNIA.NS
2002-11-06,51.6150016784668,51.6150016784668,51.6150016784668,51.6150016784668,38.47391128540039,0.0,BRITANNIA.NS
2002-11-07,51.60499954223633,52.150001525878906,51.60499954223633,52.005001068115234,38.764617919921875,24750.0,BRITANNIA.NS
2002-11-08,52.279998779296875,52.375,52.0,52.185001373291016,38.89878463745117,13260.0,BRITANNIA.NS
2002-11-11,51.540000915527344,52.685001373291016,51.540000915527344,52.45500183105469,39.100040435791016,49240.0,BRITANNIA.NS
2002-11-12,51.5,52.79999923706055,51.5,51.970001220703125,38.738521575927734,64700.0,BRITANNIA.NS
2002-11-13,52.0,52.0,51.5,51.845001220703125,38.64535903930664,172370.0,BRITANNIA.NS
2002-11-14,51.60499954223633,51.79999923706055,51.40999984741211,51.724998474121094,38.55590057373047,20340.0,BRITANNIA.NS
2002-11-15,51.31999969482422,52.459999084472656,51.31999969482422,51.9900016784668,38.75343322753906,117090.0,BRITANNIA.NS
2002-11-18,52.0,52.400001525878906,51.72999954223633,52.165000915527344,38.883880615234375,14950.0,BRITANNIA.NS
2002-11-19,52.165000915527344,52.165000915527344,52.165000915527344,52.165000915527344,38.883880615234375,0.0,BRITANNIA.NS
2002-11-20,51.834999084472656,52.19499969482422,51.79999923706055,52.029998779296875,38.78324890136719,150400.0,BRITANNIA.NS
2002-11-21,51.599998474121094,52.09000015258789,51.599998474121094,51.994998931884766,38.75716018676758,18190.0,BRITANNIA.NS
2002-11-22,51.724998474121094,52.290000915527344,51.5099983215332,52.10499954223633,38.83915710449219,60080.0,BRITANNIA.NS
2002-11-25,51.900001525878906,52.099998474121094,51.52000045776367,51.95500183105469,38.72734451293945,132720.0,BRITANNIA.NS
2002-11-26,59.845001220703125,59.845001220703125,51.650001525878906,52.01499938964844,38.772064208984375,17320.0,BRITANNIA.NS
2002-11-27,51.540000915527344,52.0,51.540000915527344,51.875,38.66770553588867,16420.0,BRITANNIA.NS
2002-11-28,52.0,52.20000076293945,51.83000183105469,52.025001525878906,38.77952575683594,257310.0,BRITANNIA.NS
2002-11-29,51.6349983215332,52.34000015258789,51.6349983215332,52.099998474121094,38.835426330566406,21230.0,BRITANNIA.NS
2002-12-02,51.82500076293945,52.2400016784668,51.82500076293945,52.1349983215332,38.86151885986328,27500.0,BRITANNIA.NS
2002-12-03,52.22999954223633,52.28499984741211,51.77000045776367,52.119998931884766,38.85033416748047,11590.0,BRITANNIA.NS
2002-12-04,53.5,53.5,51.650001525878906,52.380001068115234,39.044151306152344,45350.0,BRITANNIA.NS
2002-12-05,51.900001525878906,52.4900016784668,51.900001525878906,52.0099983215332,38.768341064453125,13220.0,BRITANNIA.NS
2002-12-06,53.0,53.0,51.15999984741211,52.150001525878906,38.872703552246094,75390.0,BRITANNIA.NS
2002-12-09,51.755001068115234,52.224998474121094,51.40999984741211,51.80500030517578,38.61552047729492,44900.0,BRITANNIA.NS
2002-12-10,51.994998931884766,52.189998626708984,51.724998474121094,51.970001220703125,38.738521575927734,14860.0,BRITANNIA.NS
2002-12-11,51.5,52.099998474121094,51.29999923706055,52.005001068115234,38.764617919921875,65750.0,BRITANNIA.NS
2002-12-12,52.0,52.0099983215332,51.599998474121094,51.619998931884766,38.47763442993164,68960.0,BRITANNIA.NS
2002-12-13,51.60499954223633,52.0,51.60499954223633,51.91999816894531,38.70125961303711,39140.0,BRITANNIA.NS
2002-12-16,51.834999084472656,52.0,51.20000076293945,51.875,38.66770553588867,46790.0,BRITANNIA.NS
2002-12-17,51.474998474121094,51.60499954223633,51.0,51.165000915527344,38.13848114013672,29090.0,BRITANNIA.NS
2002-12-18,51.154998779296875,51.494998931884766,51.154998779296875,51.310001373291016,38.24656295776367,18780.0,BRITANNIA.NS
2002-12-19,51.025001525878906,52.400001525878906,51.025001525878906,51.29999923706055,38.23911666870117,14870.0,BRITANNIA.NS
2002-12-20,51.20500183105469,52.36000061035156,51.20500183105469,52.18000030517578,38.89505386352539,62060.0,BRITANNIA.NS
2002-12-23,52.4900016784668,52.4900016784668,51.51499938964844,51.935001373291016,38.71243667602539,13330.0,BRITANNIA.NS
2002-12-24,52.400001525878906,52.400001525878906,51.52000045776367,51.900001525878906,38.68635177612305,9530.0,BRITANNIA.NS
2002-12-25,51.900001525878906,51.900001525878906,51.900001525878906,51.900001525878906,38.68635177612305,0.0,BRITANNIA.NS
2002-12-26,52.0,52.095001220703125,51.65999984741211,51.7400016784668,38.567081451416016,204040.0,BRITANNIA.NS
2002-12-27,51.42499923706055,51.994998931884766,51.42499923706055,51.57500076293945,38.444087982177734,23720.0,BRITANNIA.NS
2002-12-30,51.505001068115234,51.69499969482422,51.154998779296875,51.22999954223633,38.18693161010742,33240.0,BRITANNIA.NS
2002-12-31,51.029998779296875,51.79499816894531,51.029998779296875,51.224998474121094,38.183197021484375,6140.0,BRITANNIA.NS
2003-01-01,51.5,51.99500274658203,51.005001068115234,51.54999923706055,38.42545700073242,119450.0,BRITANNIA.NS
2003-01-02,51.92499923706055,51.93000030517578,51.099998474121094,51.630001068115234,38.48508071899414,40600.0,BRITANNIA.NS
2003-01-03,51.150001525878906,51.599998474121094,51.150001525878906,51.474998474121094,38.36955261230469,7810.0,BRITANNIA.NS
2003-01-06,51.099998474121094,51.79999923706055,51.099998474121094,51.650001525878906,38.499996185302734,35000.0,BRITANNIA.NS
2003-01-07,51.599998474121094,51.650001525878906,51.14500045776367,51.625,38.48136520385742,6310.0,BRITANNIA.NS
2003-01-08,51.125,52.0,51.125,51.81500244140625,38.622989654541016,12800.0,BRITANNIA.NS
2003-01-09,51.224998474121094,52.0,51.224998474121094,51.85499954223633,38.65279769897461,77990.0,BRITANNIA.NS
2003-01-10,51.20000076293945,51.99500274658203,51.20000076293945,51.834999084472656,38.63789749145508,18260.0,BRITANNIA.NS
2003-01-13,51.869998931884766,51.99500274658203,51.599998474121094,51.81999969482422,38.62672424316406,11680.0,BRITANNIA.NS
2003-01-14,51.529998779296875,52.0,51.529998779296875,51.775001525878906,38.593177795410156,60150.0,BRITANNIA.NS
2003-01-15,51.88999938964844,51.99500274658203,51.529998779296875,51.57500076293945,38.444087982177734,9460.0,BRITANNIA.NS
2003-01-16,53.900001525878906,56.0,51.5,51.904998779296875,38.6900749206543,110180.0,BRITANNIA.NS
2003-01-17,51.5,51.875,51.5,51.54999923706055,38.42545700073242,29900.0,BRITANNIA.NS
2003-01-20,51.5,51.59000015258789,51.0,51.400001525878906,38.31364440917969,62640.0,BRITANNIA.NS
2003-01-21,51.099998474121094,51.64500045776367,51.05500030517578,51.11000061035156,38.09748458862305,14280.0,BRITANNIA.NS
2003-01-22,51.099998474121094,51.599998474121094,51.0,51.5099983215332,38.39564514160156,30430.0,BRITANNIA.NS
2003-01-23,51.13999938964844,51.7349967956543,51.13999938964844,51.4849967956543,38.37699890136719,26390.0,BRITANNIA.NS
2003-01-24,51.5,51.57500076293945,51.10499954223633,51.439998626708984,38.34347152709961,50700.0,BRITANNIA.NS
2003-01-27,52.0,52.0,50.80500030517578,51.345001220703125,38.27265167236328,51490.0,BRITANNIA.NS
2003-01-28,51.9900016784668,52.0,51.13500213623047,51.5099983215332,38.39564514160156,29100.0,BRITANNIA.NS
2003-01-29,51.275001525878906,51.70000076293945,51.255001068115234,51.474998474121094,38.36955261230469,19350.0,BRITANNIA.NS
2003-01-30,51.07500076293945,51.689998626708984,50.724998474121094,50.970001220703125,37.99312973022461,61500.0,BRITANNIA.NS
2003-01-31,51.74500274658203,51.74500274658203,50.29999923706055,50.99500274658203,38.01176452636719,27460.0,BRITANNIA.NS
2003-02-03,50.77000045776367,50.9900016784668,50.66999816894531,50.91999816894531,37.95585632324219,17350.0,BRITANNIA.NS
2003-02-04,51.900001525878906,51.900001525878906,50.66999816894531,50.79999923706055,37.86641311645508,16010.0,BRITANNIA.NS
2003-02-05,51.400001525878906,51.400001525878906,50.53499984741211,50.69499969482422,37.78813934326172,6900.0,BRITANNIA.NS
2003-02-06,50.70000076293945,50.79500198364258,50.54999923706055,50.595001220703125,37.713584899902344,11770.0,BRITANNIA.NS
2003-02-07,50.51499938964844,50.69499969482422,50.22999954223633,50.619998931884766,37.73222732543945,6670.0,BRITANNIA.NS
2003-02-10,50.5,50.599998474121094,50.24500274658203,50.58500289916992,37.70614242553711,15740.0,BRITANNIA.NS
2003-02-11,50.5,50.5,50.11000061035156,50.130001068115234,37.36698913574219,5580.0,BRITANNIA.NS
2003-02-12,50.04999923706055,50.15999984741211,49.814998626708984,50.13999938964844,37.37443923950195,30160.0,BRITANNIA.NS
2003-02-13,50.13999938964844,50.13999938964844,50.13999938964844,50.13999938964844,37.37443923950195,0.0,BRITANNIA.NS
2003-02-14,50.040000915527344,50.47999954223633,49.814998626708984,50.1150016784668,37.355812072753906,11900.0,BRITANNIA.NS
2003-02-17,51.290000915527344,51.290000915527344,50.0,50.13999938964844,37.37443923950195,9640.0,BRITANNIA.NS
2003-02-18,50.0099983215332,50.369998931884766,50.0099983215332,50.20500183105469,37.42288589477539,20080.0,BRITANNIA.NS
2003-02-19,51.099998474121094,51.099998474121094,50.224998474121094,50.625,37.7359619140625,31590.0,BRITANNIA.NS
2003-02-20,50.439998626708984,50.79999923706055,50.15999984741211,50.66999816894531,37.769500732421875,20000.0,BRITANNIA.NS
2003-02-21,50.0,51.0,50.0,50.88999938964844,37.93349075317383,18300.0,BRITANNIA.NS
2003-02-24,50.42499923706055,50.89500045776367,50.29999923706055,50.54500198364258,37.676326751708984,16640.0,BRITANNIA.NS
2003-02-25,51.04999923706055,51.04999923706055,50.310001373291016,50.70500183105469,37.79559326171875,11370.0,BRITANNIA.NS
2003-02-26,50.1150016784668,50.88999938964844,50.1150016784668,50.44499969482422,37.6017951965332,64990.0,BRITANNIA.NS
2003-02-27,51.0,51.0,50.01499938964844,50.51499938964844,37.65396499633789,124210.0,BRITANNIA.NS
2003-02-28,51.0,53.5,50.310001373291016,51.91999816894531,38.70125961303711,123770.0,BRITANNIA.NS
2003-03-03,53.005001068115234,54.18000030517578,50.70000076293945,50.98500061035156,38.00430679321289,244250.0,BRITANNIA.NS
2003-03-04,51.79999923706055,51.79999923706055,50.709999084472656,51.07500076293945,38.071388244628906,32360.0,BRITANNIA.NS
2003-03-05,51.900001525878906,52.400001525878906,50.79999923706055,50.970001220703125,37.99312973022461,29340.0,BRITANNIA.NS
2003-03-06,51.79999923706055,51.79999923706055,50.755001068115234,50.80500030517578,37.87013626098633,25280.0,BRITANNIA.NS
2003-03-07,50.79999923706055,50.900001525878906,49.900001525878906,50.13500213623047,37.37071990966797,55910.0,BRITANNIA.NS
2003-03-10,50.599998474121094,51.0,50.54999923706055,50.83000183105469,37.88876724243164,54520.0,BRITANNIA.NS
2003-03-11,50.689998626708984,50.70000076293945,50.02000045776367,50.5,37.64278793334961,47240.0,BRITANNIA.NS
2003-03-12,50.7599983215332,50.7599983215332,50.10499954223633,50.209999084472656,37.42661666870117,34990.0,BRITANNIA.NS
2003-03-13,50.0099983215332,50.49500274658203,50.0099983215332,50.380001068115234,37.553340911865234,29880.0,BRITANNIA.NS
2003-03-14,50.380001068115234,50.380001068115234,50.380001068115234,50.380001068115234,37.553340911865234,0.0,BRITANNIA.NS
2003-03-17,50.685001373291016,50.685001373291016,50.0,50.15999984741211,37.38935470581055,45590.0,BRITANNIA.NS
2003-03-18,50.15999984741211,50.15999984741211,50.15999984741211,50.15999984741211,37.38935470581055,0.0,BRITANNIA.NS
2003-03-19,54.404998779296875,59.900001525878906,49.0,50.02000045776367,37.28499221801758,27980.0,BRITANNIA.NS
2003-03-20,51.0,51.0,49.20000076293945,49.91999816894531,37.210453033447266,30450.0,BRITANNIA.NS
2003-03-21,49.20000076293945,49.99500274658203,49.20000076293945,49.849998474121094,37.15827178955078,77690.0,BRITANNIA.NS
2003-03-24,49.900001525878906,50.189998626708984,49.60499954223633,49.98500061035156,37.2588996887207,19410.0,BRITANNIA.NS
2003-03-25,50.400001525878906,50.400001525878906,49.52000045776367,49.99500274658203,37.266353607177734,45090.0,BRITANNIA.NS
2003-03-26,49.5,50.369998931884766,49.310001373291016,50.08000183105469,37.32971954345703,31090.0,BRITANNIA.NS
2003-03-27,50.150001525878906,50.150001525878906,48.209999084472656,49.60499954223633,36.975643157958984,93040.0,BRITANNIA.NS
2003-03-28,49.86000061035156,50.09000015258789,48.709999084472656,50.0099983215332,37.27753829956055,43910.0,BRITANNIA.NS
2003-03-31,49.98500061035156,50.29999923706055,49.5,49.720001220703125,37.061370849609375,27170.0,BRITANNIA.NS
2003-04-01,50.70000076293945,50.70000076293945,49.5099983215332,49.57500076293945,36.953285217285156,21060.0,BRITANNIA.NS
2003-04-02,49.60499954223633,49.99500274658203,49.55500030517578,49.95500183105469,37.23654556274414,4610.0,BRITANNIA.NS
2003-04-03,50.0,50.29500198364258,49.564998626708984,49.915000915527344,37.206722259521484,46740.0,BRITANNIA.NS
2003-04-04,49.95000076293945,50.0,49.400001525878906,49.974998474121094,37.25144958496094,26800.0,BRITANNIA.NS
2003-04-07,50.79999923706055,52.49500274658203,50.29999923706055,51.93499755859375,38.712432861328125,1280040.0,BRITANNIA.NS
2003-04-08,51.0,52.400001525878906,50.83000183105469,51.42499923706055,38.33228302001953,122110.0,BRITANNIA.NS
2003-04-09,51.63999938964844,51.70000076293945,51.0,51.380001068115234,38.298736572265625,70250.0,BRITANNIA.NS
2003-04-10,51.5,52.29500198364258,50.755001068115234,52.06999969482422,38.81306457519531,120600.0,BRITANNIA.NS
2003-04-11,52.5,53.0,51.60499954223633,52.79999923706055,39.35721206665039,47810.0,BRITANNIA.NS
2003-04-14,52.79999923706055,52.79999923706055,52.79999923706055,52.79999923706055,39.35721206665039,0.0,BRITANNIA.NS
2003-04-15,52.99500274658203,53.099998474121094,52.08000183105469,52.43499755859375,39.08512878417969,29250.0,BRITANNIA.NS
2003-04-16,51.86000061035156,52.400001525878906,51.005001068115234,51.13500213623047,38.11611557006836,20020.0,BRITANNIA.NS
2003-04-17,52.400001525878906,52.845001220703125,51.20500183105469,51.86000061035156,38.65653610229492,35950.0,BRITANNIA.NS
2003-04-18,51.86000061035156,51.86000061035156,51.86000061035156,51.86000061035156,38.65653610229492,0.0,BRITANNIA.NS
2003-04-21,51.400001525878906,51.86000061035156,50.82500076293945,51.01499938964844,38.02666091918945,25370.0,BRITANNIA.NS
2003-04-22,50.29999923706055,51.56999969482422,50.29999923706055,51.28499984741211,38.22792434692383,32670.0,BRITANNIA.NS
2003-04-23,50.869998931884766,51.5,50.779998779296875,51.029998779296875,38.037841796875,12830.0,BRITANNIA.NS
2003-04-24,50.0,51.290000915527344,50.0,50.7599983215332,37.836585998535156,110190.0,BRITANNIA.NS
2003-04-25,50.869998931884766,51.5,50.21500015258789,51.369998931884766,38.29127883911133,40950.0,BRITANNIA.NS
2003-04-28,54.400001525878906,54.400001525878906,50.70500183105469,51.65999984741211,38.507450103759766,41900.0,BRITANNIA.NS
2003-04-29,51.06999969482422,52.400001525878906,51.06999969482422,51.619998931884766,38.47763442993164,14680.0,BRITANNIA.NS
2003-04-30,51.2599983215332,51.67499923706055,51.2599983215332,51.474998474121094,38.36955261230469,27190.0,BRITANNIA.NS
2003-05-01,51.474998474121094,51.474998474121094,51.474998474121094,51.474998474121094,38.36955261230469,0.0,BRITANNIA.NS
2003-05-02,51.060001373291016,51.900001525878906,50.900001525878906,51.43000030517578,38.33600997924805,18870.0,BRITANNIA.NS
2003-05-05,51.93000030517578,52.99500274658203,51.61000061035156,52.45500183105469,39.100040435791016,113020.0,BRITANNIA.NS
2003-05-06,52.95000076293945,53.0,50.599998474121094,52.224998474121094,38.92860412597656,108700.0,BRITANNIA.NS
2003-05-07,51.0,55.0,51.0,54.75,40.81073760986328,1541960.0,BRITANNIA.NS
2003-05-08,53.11000061035156,54.0,52.5150032043457,52.775001525878906,39.33857727050781,88460.0,BRITANNIA.NS
2003-05-09,52.0,55.0,52.0,54.95500183105469,40.96355056762695,1117780.0,BRITANNIA.NS
2003-05-12,53.224998474121094,58.900001525878906,52.5,53.779998779296875,40.08769226074219,94200.0,BRITANNIA.NS
2003-05-13,52.70500183105469,54.4900016784668,52.70500183105469,53.7599983215332,40.072792053222656,39980.0,BRITANNIA.NS
2003-05-14,54.53499984741211,55.20000076293945,54.0,54.875,40.9039192199707,372150.0,BRITANNIA.NS
2003-05-15,54.7599983215332,55.5,54.20000076293945,54.47999954223633,40.60948944091797,85940.0,BRITANNIA.NS
2003-05-16,54.224998474121094,54.689998626708984,53.5,53.52000045776367,39.89389419555664,34870.0,BRITANNIA.NS
2003-05-19,52.5,53.5,52.5,53.27000045776367,39.707550048828125,81530.0,BRITANNIA.NS
2003-05-20,53.689998626708984,53.689998626708984,53.0,53.32500076293945,39.74854278564453,29460.0,BRITANNIA.NS
2003-05-21,53.10499954223633,53.64500045776367,53.099998474121094,53.29999923706055,39.72990798950195,52500.0,BRITANNIA.NS
2003-05-22,52.599998474121094,53.89500045776367,52.599998474121094,53.41999816894531,39.81935119628906,47590.0,BRITANNIA.NS
2003-05-23,53.5,53.900001525878906,52.849998474121094,53.81500244140625,40.113800048828125,51540.0,BRITANNIA.NS
2003-05-26,54.0,54.0,53.400001525878906,53.78499984741211,40.091426849365234,38150.0,BRITANNIA.NS
2003-05-27,53.34000015258789,53.8650016784668,53.29999923706055,53.3650016784668,39.77836227416992,18300.0,BRITANNIA.NS
2003-05-28,53.310001373291016,53.5,52.599998474121094,52.775001525878906,39.33857727050781,23540.0,BRITANNIA.NS
2003-05-29,52.599998474121094,53.75,52.599998474121094,53.5099983215332,39.886444091796875,61690.0,BRITANNIA.NS
2003-05-30,53.849998474121094,53.88999938964844,52.80500030517578,53.0099983215332,39.51374435424805,57650.0,BRITANNIA.NS
2003-06-02,52.91999816894531,53.375,52.54999923706055,53.0150032043457,39.5174674987793,113580.0,BRITANNIA.NS
2003-06-03,53.04999923706055,53.4900016784668,52.11000061035156,52.5150032043457,39.144775390625,77480.0,BRITANNIA.NS
2003-06-04,52.86000061035156,53.79999923706055,52.86000061035156,53.2599983215332,39.70008850097656,56990.0,BRITANNIA.NS
2003-06-05,52.54999923706055,53.5,52.54999923706055,53.43000030517578,39.82680892944336,54520.0,BRITANNIA.NS
2003-06-06,53.849998474121094,53.849998474121094,53.0,53.46500015258789,39.8528938293457,61560.0,BRITANNIA.NS
2003-06-09,53.99500274658203,58.5,53.2599983215332,54.53499984741211,40.65048599243164,113110.0,BRITANNIA.NS
2003-06-10,54.2650032043457,54.79999923706055,53.83000183105469,54.5,40.624385833740234,71800.0,BRITANNIA.NS
2003-06-11,54.15999984741211,54.29999923706055,53.5,54.025001525878906,40.270328521728516,60670.0,BRITANNIA.NS
2003-06-12,53.310001373291016,53.99500274658203,53.310001373291016,53.584999084472656,39.94234848022461,25510.0,BRITANNIA.NS
2003-06-13,53.70000076293945,57.47999954223633,52.70500183105469,54.6349983215332,40.725013732910156,708680.0,BRITANNIA.NS
2003-06-16,55.5,55.70000076293945,53.21500015258789,53.75,40.065345764160156,126370.0,BRITANNIA.NS
2003-06-17,53.90999984741211,54.19499969482422,52.79999923706055,53.16999816894531,39.633018493652344,85050.0,BRITANNIA.NS
2003-06-18,54.21500015258789,54.21500015258789,52.85499954223633,53.130001068115234,39.60319519042969,61020.0,BRITANNIA.NS
2003-06-19,53.20000076293945,53.599998474121094,53.0099983215332,53.525001525878906,39.89763259887695,51950.0,BRITANNIA.NS
2003-06-20,53.89500045776367,53.900001525878906,53.0,53.3650016784668,39.77836227416992,25190.0,BRITANNIA.NS
2003-06-23,53.5,53.5,52.32500076293945,52.755001068115234,39.323665618896484,76010.0,BRITANNIA.NS
2003-06-24,52.21500015258789,52.88999938964844,52.21500015258789,52.54500198364258,39.16713333129883,46890.0,BRITANNIA.NS
2003-06-25,52.099998474121094,52.8650016784668,51.599998474121094,52.275001525878906,38.96586608886719,174530.0,BRITANNIA.NS
2003-06-26,52.29999923706055,52.400001525878906,51.5099983215332,51.93000030517578,38.708709716796875,158820.0,BRITANNIA.NS
2003-06-27,52.0,52.349998474121094,51.29999923706055,51.474998474121094,38.36955261230469,72530.0,BRITANNIA.NS
2003-06-30,51.5,52.099998474121094,51.2349967956543,51.99500274658203,38.757164001464844,57460.0,BRITANNIA.NS
2003-07-01,52.02000045776367,52.279998779296875,51.5099983215332,51.70000076293945,38.537269592285156,40750.0,BRITANNIA.NS
2003-07-02,51.99500274658203,51.99500274658203,51.5,51.81500244140625,38.622989654541016,57280.0,BRITANNIA.NS
2003-07-03,52.04999923706055,53.70000076293945,51.60499954223633,53.31500244140625,39.7411003112793,245360.0,BRITANNIA.NS
2003-07-04,52.60499954223633,54.20000076293945,52.099998474121094,53.67499923706055,40.009429931640625,192000.0,BRITANNIA.NS
2003-07-07,54.0,54.400001525878906,53.154998779296875,53.619998931884766,39.96842956542969,50590.0,BRITANNIA.NS
2003-07-08,53.599998474121094,54.099998474121094,53.5,54.03499984741211,40.277774810791016,51670.0,BRITANNIA.NS
2003-07-09,53.25,54.0,53.25,53.875,40.15851593017578,26670.0,BRITANNIA.NS
2003-07-10,53.9900016784668,53.9900016784668,53.02000045776367,53.09000015258789,39.57337951660156,89020.0,BRITANNIA.NS
2003-07-11,53.0,55.400001525878906,52.720001220703125,55.0150032043457,41.00826644897461,555760.0,BRITANNIA.NS
2003-07-14,55.0,55.55500030517578,54.349998474121094,55.005001068115234,41.00082015991211,85430.0,BRITANNIA.NS
2003-07-15,53.599998474121094,55.5,53.5,54.20000076293945,40.40076446533203,24190.0,BRITANNIA.NS
2003-07-16,54.20000076293945,54.790000915527344,54.16999816894531,54.22999954223633,40.42313003540039,17140.0,BRITANNIA.NS
2003-07-17,54.20000076293945,54.4900016784668,53.20000076293945,54.040000915527344,40.2815055847168,51090.0,BRITANNIA.NS
2003-07-18,54.0,54.599998474121094,53.3849983215332,54.025001525878906,40.270328521728516,32120.0,BRITANNIA.NS
2003-07-21,54.5,54.5,53.5,53.55500030517578,39.91999053955078,22770.0,BRITANNIA.NS
2003-07-22,53.20000076293945,53.880001068115234,53.20000076293945,53.525001525878906,39.89763259887695,33350.0,BRITANNIA.NS
2003-07-23,52.724998474121094,54.20000076293945,52.724998474121094,53.974998474121094,40.9990348815918,83980.0,BRITANNIA.NS
2003-07-24,53.970001220703125,53.970001220703125,53.29999923706055,53.505001068115234,40.642032623291016,17640.0,BRITANNIA.NS
2003-07-25,53.5099983215332,55.70000076293945,53.349998474121094,55.150001525878906,41.89155960083008,229490.0,BRITANNIA.NS
2003-07-28,54.09000015258789,55.79999923706055,54.09000015258789,54.95000076293945,41.73963928222656,65470.0,BRITANNIA.NS
2003-07-29,53.69499969482422,55.39500045776367,53.5,54.96500015258789,41.75102996826172,42820.0,BRITANNIA.NS
2003-07-30,55.525001525878906,56.79999923706055,54.79999923706055,55.36000061035156,42.05107498168945,137960.0,BRITANNIA.NS
2003-07-31,54.05500030517578,56.0,54.05500030517578,54.29500198364258,41.242103576660156,61790.0,BRITANNIA.NS
2003-08-01,54.505001068115234,55.29999923706055,54.400001525878906,54.74500274658203,41.58393096923828,43950.0,BRITANNIA.NS
2003-08-04,55.400001525878906,55.400001525878906,54.61000061035156,54.709999084472656,41.55733871459961,28820.0,BRITANNIA.NS
2003-08-05,55.79999923706055,55.79999923706055,54.400001525878906,54.470001220703125,41.37503433227539,35740.0,BRITANNIA.NS
2003-08-06,55.5,55.5,53.85499954223633,54.11000061035156,41.101585388183594,38440.0,BRITANNIA.NS
2003-08-07,54.05500030517578,54.49500274658203,54.05500030517578,54.369998931884766,41.299076080322266,15460.0,BRITANNIA.NS
2003-08-08,54.8849983215332,55.400001525878906,54.29999923706055,54.9849967956543,41.76622009277344,66570.0,BRITANNIA.NS
2003-08-11,54.400001525878906,55.25,54.400001525878906,55.025001525878906,41.796607971191406,58630.0,BRITANNIA.NS
2003-08-12,55.0,56.20000076293945,55.0,55.7349967956543,42.33590316772461,85400.0,BRITANNIA.NS
2003-08-13,55.099998474121094,55.875,54.900001525878906,55.5150032043457,42.1688117980957,178390.0,BRITANNIA.NS
2003-08-14,55.0,56.19499969482422,55.0,55.96500015258789,42.5106315612793,54930.0,BRITANNIA.NS
2003-08-15,55.96500015258789,55.96500015258789,55.96500015258789,55.96500015258789,42.5106315612793,0.0,BRITANNIA.NS
2003-08-18,55.5,56.650001525878906,55.5,56.21500015258789,42.70052719116211,527710.0,BRITANNIA.NS
2003-08-19,56.0,57.0,55.900001525878906,55.9900016784668,42.52961730957031,52170.0,BRITANNIA.NS
2003-08-20,56.0,56.38999938964844,54.810001373291016,56.060001373291016,42.5827751159668,127250.0,BRITANNIA.NS
2003-08-21,54.650001525878906,57.0,54.650001525878906,56.11000061035156,42.620758056640625,90760.0,BRITANNIA.NS
2003-08-22,55.79999923706055,56.400001525878906,55.5,55.720001220703125,42.32452392578125,66350.0,BRITANNIA.NS
2003-08-25,55.06500244140625,56.4900016784668,54.79999923706055,54.97999954223633,41.762428283691406,161270.0,BRITANNIA.NS
2003-08-26,56.0,56.20000076293945,54.79999923706055,55.869998931884766,42.43845748901367,79740.0,BRITANNIA.NS
2003-08-27,54.20000076293945,56.099998474121094,54.20000076293945,55.665000915527344,42.282752990722656,218470.0,BRITANNIA.NS
2003-08-28,55.400001525878906,56.0,55.05500030517578,55.66999816894531,42.28654479980469,136300.0,BRITANNIA.NS
2003-08-29,55.0,56.400001525878906,55.0,56.029998779296875,42.560001373291016,216430.0,BRITANNIA.NS
2003-09-01,54.79999923706055,57.150001525878906,54.79999923706055,56.915000915527344,43.232234954833984,159530.0,BRITANNIA.NS
2003-09-02,55.599998474121094,57.0,55.599998474121094,55.88999938964844,42.45365905761719,53530.0,BRITANNIA.NS
2003-09-03,55.05500030517578,56.5,55.0150032043457,55.904998779296875,42.46505355834961,479970.0,BRITANNIA.NS
2003-09-04,56.900001525878906,57.099998474121094,54.81500244140625,55.86000061035156,42.43086242675781,75370.0,BRITANNIA.NS
2003-09-05,55.349998474121094,56.0,55.0,55.97999954223633,42.52202224731445,67890.0,BRITANNIA.NS
2003-09-08,55.599998474121094,56.97999954223633,55.599998474121094,56.54500198364258,42.95119094848633,150660.0,BRITANNIA.NS
2003-09-09,57.0,57.3849983215332,56.20000076293945,56.474998474121094,42.89801788330078,95180.0,BRITANNIA.NS
2003-09-10,56.5,56.900001525878906,56.0150032043457,56.39500045776367,42.83725357055664,19990.0,BRITANNIA.NS
2003-09-11,56.79999923706055,57.41999816894531,55.099998474121094,56.63999938964844,43.02334976196289,39630.0,BRITANNIA.NS
2003-09-12,55.6150016784668,56.775001525878906,55.6150016784668,56.060001373291016,42.5827751159668,54750.0,BRITANNIA.NS
2003-09-15,56.79999923706055,56.79999923706055,55.209999084472656,55.619998931884766,42.24856948852539,36610.0,BRITANNIA.NS
2003-09-16,56.099998474121094,58.0,55.060001373291016,56.24500274658203,42.72331237792969,89160.0,BRITANNIA.NS
2003-09-17,58.79999923706055,58.79999923706055,54.29999923706055,54.6349983215332,41.500362396240234,94650.0,BRITANNIA.NS
2003-09-18,54.400001525878906,55.29999923706055,53.099998474121094,54.99500274658203,41.7738151550293,121170.0,BRITANNIA.NS
2003-09-19,53.55500030517578,56.900001525878906,53.55500030517578,56.32500076293945,42.78408432006836,130790.0,BRITANNIA.NS
2003-09-22,55.404998779296875,56.29999923706055,54.525001525878906,54.560001373291016,41.44339370727539,70770.0,BRITANNIA.NS
2003-09-23,55.66999816894531,56.5,54.25,56.16999816894531,42.66633605957031,65480.0,BRITANNIA.NS
2003-09-24,55.599998474121094,56.8849983215332,55.34000015258789,56.470001220703125,42.89422607421875,63050.0,BRITANNIA.NS
2003-09-25,57.099998474121094,57.29999923706055,54.599998474121094,55.04500198364258,41.81180191040039,65080.0,BRITANNIA.NS
2003-09-26,55.099998474121094,56.08000183105469,55.04999923706055,55.380001068115234,42.066253662109375,37290.0,BRITANNIA.NS
2003-09-29,54.21500015258789,56.29500198364258,54.21500015258789,56.02000045776367,42.55240249633789,53950.0,BRITANNIA.NS
2003-09-30,56.75,56.75,55.0,55.17499923706055,41.91054916381836,49350.0,BRITANNIA.NS
2003-10-01,55.0,56.0,54.81999969482422,55.02000045776367,41.79280471801758,32800.0,BRITANNIA.NS
2003-10-02,55.02000045776367,55.02000045776367,55.02000045776367,55.02000045776367,41.79280471801758,0.0,BRITANNIA.NS
2003-10-03,55.5,56.099998474121094,55.5,55.619998931884766,42.24856948852539,47260.0,BRITANNIA.NS
2003-10-06,55.310001373291016,55.89500045776367,55.11000061035156,55.21500015258789,41.9409294128418,26990.0,BRITANNIA.NS
2003-10-07,55.20000076293945,57.099998474121094,55.0,56.900001525878906,43.22084045410156,130430.0,BRITANNIA.NS
2003-10-08,57.0,57.599998474121094,55.56500244140625,56.64500045776367,43.02714538574219,51760.0,BRITANNIA.NS
2003-10-09,55.80500030517578,56.5,55.650001525878906,55.869998931884766,42.43845748901367,33180.0,BRITANNIA.NS
2003-10-10,56.689998626708984,56.70000076293945,55.529998779296875,55.7599983215332,42.35490417480469,39260.0,BRITANNIA.NS
2003-10-13,55.70000076293945,56.900001525878906,55.310001373291016,56.540000915527344,42.947391510009766,80430.0,BRITANNIA.NS
2003-10-14,55.70000076293945,56.880001068115234,55.5,55.70500183105469,42.31312942504883,75750.0,BRITANNIA.NS
2003-10-15,55.099998474121094,55.95000076293945,55.099998474121094,55.5150032043457,42.1688117980957,63160.0,BRITANNIA.NS
2003-10-16,55.88999938964844,56.650001525878906,55.400001525878906,56.08000183105469,42.597984313964844,181240.0,BRITANNIA.NS
2003-10-17,56.11000061035156,57.400001525878906,55.5,55.845001220703125,42.41947555541992,59120.0,BRITANNIA.NS
2003-10-20,55.099998474121094,57.5,55.099998474121094,57.25,43.4867057800293,366240.0,BRITANNIA.NS
2003-10-21,55.810001373291016,57.25,55.099998474121094,55.904998779296875,42.46505355834961,60920.0,BRITANNIA.NS
2003-10-22,56.0150032043457,57.0,56.0150032043457,56.20500183105469,42.69292449951172,55370.0,BRITANNIA.NS
2003-10-23,55.400001525878906,56.70000076293945,55.400001525878906,56.58000183105469,42.97777557373047,77510.0,BRITANNIA.NS
2003-10-24,55.41999816894531,56.47999954223633,55.41999816894531,56.119998931884766,42.628360748291016,24800.0,BRITANNIA.NS
2003-10-27,56.49500274658203,56.49500274658203,55.130001068115234,55.665000915527344,42.282752990722656,47100.0,BRITANNIA.NS
2003-10-28,55.5,55.849998474121094,55.310001373291016,55.400001525878906,42.081451416015625,127810.0,BRITANNIA.NS
2003-10-29,54.904998779296875,55.900001525878906,54.904998779296875,55.505001068115234,42.16121292114258,19710.0,BRITANNIA.NS
2003-10-30,55.505001068115234,57.20000076293945,55.505001068115234,56.81500244140625,43.156280517578125,82740.0,BRITANNIA.NS
2003-10-31,57.20000076293945,57.650001525878906,55.900001525878906,56.88999938964844,43.213253021240234,82560.0,BRITANNIA.NS
2003-11-03,56.35499954223633,57.35499954223633,56.1349983215332,56.70000076293945,43.06892395019531,59810.0,BRITANNIA.NS
2003-11-04,56.5,56.970001220703125,55.810001373291016,56.06500244140625,42.58658981323242,70240.0,BRITANNIA.NS
2003-11-05,55.5,56.790000915527344,55.5,55.69499969482422,42.3055305480957,41240.0,BRITANNIA.NS
2003-11-06,55.709999084472656,55.97999954223633,55.099998474121094,55.334999084472656,42.03207778930664,91090.0,BRITANNIA.NS
2003-11-07,55.0099983215332,56.099998474121094,54.79999923706055,56.0,42.537208557128906,57440.0,BRITANNIA.NS
2003-11-10,56.0,57.29999923706055,55.310001373291016,56.0,42.537208557128906,14330.0,BRITANNIA.NS
2003-11-11,57.0,57.0,55.55500030517578,55.650001525878906,42.27135467529297,69960.0,BRITANNIA.NS
2003-11-12,55.20000076293945,55.810001373291016,55.20000076293945,55.31500244140625,42.01688003540039,59620.0,BRITANNIA.NS
2003-11-13,56.39500045776367,56.39500045776367,54.810001373291016,55.959999084472656,42.5068244934082,112160.0,BRITANNIA.NS
2003-11-14,56.189998626708984,56.189998626708984,54.79999923706055,54.93000030517578,41.72445297241211,51830.0,BRITANNIA.NS
2003-11-17,55.95500183105469,55.95500183105469,54.619998931884766,54.66999816894531,41.526954650878906,79830.0,BRITANNIA.NS
2003-11-18,56.27000045776367,56.27000045776367,54.0099983215332,54.25,41.20792007446289,69090.0,BRITANNIA.NS
2003-11-19,54.04999923706055,54.505001068115234,53.20000076293945,53.36000061035156,40.53187942504883,97030.0,BRITANNIA.NS
2003-11-20,53.099998474121094,54.59000015258789,53.0,54.34000015258789,41.27628707885742,76370.0,BRITANNIA.NS
2003-11-21,54.599998474121094,55.474998474121094,53.5099983215332,53.900001525878906,40.94207000732422,100950.0,BRITANNIA.NS
2003-11-24,53.599998474121094,54.5,53.0,53.40999984741211,40.56985855102539,76720.0,BRITANNIA.NS
2003-11-25,53.40999984741211,54.38999938964844,53.1150016784668,53.94499969482422,40.976253509521484,185140.0,BRITANNIA.NS
2003-11-26,53.94499969482422,53.94499969482422,53.94499969482422,53.94499969482422,40.976253509521484,0.0,BRITANNIA.NS
2003-11-27,53.43000030517578,54.99500274658203,53.404998779296875,53.4900016784668,40.63063430786133,120070.0,BRITANNIA.NS
2003-11-28,53.5,54.40999984741211,53.099998474121094,53.15999984741211,40.37996292114258,75720.0,BRITANNIA.NS
2003-12-01,53.11000061035156,54.5,53.11000061035156,54.220001220703125,41.18513870239258,101500.0,BRITANNIA.NS
2003-12-02,54.599998474121094,55.20000076293945,54.20500183105469,54.939998626708984,41.73204040527344,79310.0,BRITANNIA.NS
2003-12-03,54.099998474121094,54.70000076293945,54.05500030517578,54.31999969482422,41.26108932495117,66600.0,BRITANNIA.NS
2003-12-04,54.21500015258789,56.755001068115234,53.7599983215332,56.22999954223633,42.7119140625,114300.0,BRITANNIA.NS
2003-12-05,56.5,59.900001525878906,55.369998931884766,58.29999923706055,44.28427505493164,690350.0,BRITANNIA.NS
2003-12-08,58.70000076293945,61.400001525878906,58.599998474121094,59.9849967956543,45.564186096191406,241070.0,BRITANNIA.NS
2003-12-09,60.22999954223633,60.9900016784668,59.599998474121094,60.09000015258789,45.64393997192383,175210.0,BRITANNIA.NS
2003-12-10,57.5,60.79999923706055,57.5,60.54999923706055,45.99335479736328,128930.0,BRITANNIA.NS
2003-12-11,55.55500030517578,63.900001525878906,55.55500030517578,61.900001525878906,47.01880645751953,225310.0,BRITANNIA.NS
2003-12-12,62.0,62.599998474121094,61.0,62.275001525878906,47.303653717041016,255690.0,BRITANNIA.NS
2003-12-15,63.72999954223633,63.875,61.650001525878906,62.369998931884766,47.375816345214844,202540.0,BRITANNIA.NS
2003-12-16,63.900001525878906,64.0999984741211,62.0,63.49500274658203,48.2303581237793,205000.0,BRITANNIA.NS
2003-12-17,63.97999954223633,67.4000015258789,63.29999923706055,65.94999694824219,50.09515380859375,539110.0,BRITANNIA.NS
2003-12-18,65.20500183105469,66.5,65.0,65.31999969482422,49.616615295410156,186030.0,BRITANNIA.NS
2003-12-19,62.55500030517578,66.12999725341797,62.55500030517578,65.9000015258789,50.05717849731445,221210.0,BRITANNIA.NS
2003-12-22,65.94999694824219,66.89500427246094,65.0,66.06500244140625,50.182518005371094,142280.0,BRITANNIA.NS
2003-12-23,66.01000213623047,67.0,65.0999984741211,66.05999755859375,50.17871856689453,137600.0,BRITANNIA.NS
2003-12-24,65.69999694824219,66.5999984741211,65.69999694824219,66.42500305175781,50.45595932006836,211150.0,BRITANNIA.NS
2003-12-25,66.42500305175781,66.42500305175781,66.42500305175781,66.42500305175781,50.45595932006836,0.0,BRITANNIA.NS
2003-12-26,63.0,66.97000122070312,63.0,66.48500061035156,50.50154113769531,253810.0,BRITANNIA.NS
2003-12-29,66.80000305175781,69.0,64.55500030517578,67.52999877929688,51.29530334472656,210540.0,BRITANNIA.NS
2003-12-30,68.0,68.9749984741211,66.19999694824219,68.48500061035156,52.02074432373047,176700.0,BRITANNIA.NS
2003-12-31,69.19999694824219,69.58999633789062,67.20500183105469,68.51499938964844,52.04351043701172,131460.0,BRITANNIA.NS
2004-01-01,68.69999694824219,69.0,66.00499725341797,68.45999908447266,52.001747131347656,161870.0,BRITANNIA.NS
2004-01-02,67.70999908447266,72.4000015258789,67.70999908447266,69.37000274658203,52.692970275878906,657510.0,BRITANNIA.NS
2004-01-05,70.0,70.9000015258789,69.5,70.04499816894531,53.2056884765625,196320.0,BRITANNIA.NS
2004-01-06,70.0999984741211,70.39500427246094,68.0,68.94999694824219,52.373939514160156,101290.0,BRITANNIA.NS
2004-01-07,67.21500396728516,69.30000305175781,66.20500183105469,67.83999633789062,51.530784606933594,68890.0,BRITANNIA.NS
2004-01-08,67.61500549316406,69.40499877929688,67.5,67.83499908447266,51.5269889831543,77220.0,BRITANNIA.NS
2004-01-09,69.9000015258789,69.9000015258789,66.99500274658203,67.58999633789062,51.34089660644531,82120.0,BRITANNIA.NS
2004-01-12,66.0,67.98500061035156,66.0,67.52999877929688,51.29530334472656,63730.0,BRITANNIA.NS
2004-01-13,67.5999984741211,68.69999694824219,67.21500396728516,67.70500183105469,51.428245544433594,174350.0,BRITANNIA.NS
2004-01-14,68.52999877929688,69.0,66.19999694824219,66.98999786376953,50.885128021240234,121920.0,BRITANNIA.NS
2004-01-15,66.21500396728516,68.99500274658203,66.21500396728516,67.99500274658203,51.64852523803711,120880.0,BRITANNIA.NS
2004-01-16,66.21500396728516,68.0,66.20999908447266,67.94000244140625,51.606746673583984,151380.0,BRITANNIA.NS
2004-01-19,66.30000305175781,68.80000305175781,65.88999938964844,67.98999786376953,51.64474868774414,160360.0,BRITANNIA.NS
2004-01-20,66.5,68.4800033569336,66.5,67.98999786376953,51.64474868774414,91240.0,BRITANNIA.NS
2004-01-21,69.0,69.0,66.63499450683594,67.51000213623047,51.28013229370117,248880.0,BRITANNIA.NS
2004-01-22,68.5,72.0,64.0199966430664,64.63499450683594,49.09629440307617,151910.0,BRITANNIA.NS
2004-01-23,67.0,67.5,64.70500183105469,67.25499725341797,51.08642578125,159050.0,BRITANNIA.NS
2004-01-26,67.25499725341797,67.25499725341797,67.25499725341797,67.25499725341797,51.08642578125,0.0,BRITANNIA.NS
2004-01-27,67.00499725341797,68.0999984741211,66.0999984741211,67.18000030517578,51.02946472167969,66660.0,BRITANNIA.NS
2004-01-28,67.68499755859375,69.80000305175781,62.099998474121094,65.38499450683594,49.66598129272461,59630.0,BRITANNIA.NS
2004-01-29,66.18000030517578,68.5,61.0,65.0250015258789,49.39253234863281,322830.0,BRITANNIA.NS
2004-01-30,65.1050033569336,66.01000213623047,63.29999923706055,65.68000030517578,49.89006805419922,58840.0,BRITANNIA.NS
2004-02-02,65.68000030517578,65.68000030517578,65.68000030517578,65.68000030517578,49.89006805419922,0.0,BRITANNIA.NS
2004-02-03,67.30000305175781,67.30000305175781,63.505001068115234,65.5,49.75334167480469,387860.0,BRITANNIA.NS
2004-02-04,63.79999923706055,66.5,63.79999923706055,66.01000213623047,50.1407356262207,118590.0,BRITANNIA.NS
2004-02-05,65.69999694824219,66.5999984741211,65.00499725341797,65.90499877929688,50.060970306396484,77040.0,BRITANNIA.NS
2004-02-06,65.00499725341797,66.5,64.0999984741211,65.56999969482422,49.80651092529297,111910.0,BRITANNIA.NS
2004-02-09,65.05500030517578,78.5999984741211,65.05500030517578,66.75,50.70283889770508,82180.0,BRITANNIA.NS
2004-02-10,66.00499725341797,66.86500549316406,65.1050033569336,65.77999877929688,49.96603012084961,34560.0,BRITANNIA.NS
2004-02-11,66.49500274658203,75.80000305175781,65.70999908447266,66.7300033569336,50.68764877319336,63740.0,BRITANNIA.NS
2004-02-12,68.5,68.5,65.69999694824219,66.59500122070312,50.5850944519043,72390.0,BRITANNIA.NS
2004-02-13,67.49500274658203,68.13999938964844,66.0,68.05000305175781,51.69029998779297,128540.0,BRITANNIA.NS
2004-02-16,67.5999984741211,67.5999984741211,67.0,67.04499816894531,50.92691421508789,27900.0,BRITANNIA.NS
2004-02-17,67.0,68.13999938964844,66.5199966430664,67.89500427246094,51.572566986083984,184110.0,BRITANNIA.NS
2004-02-18,65.0,68.14500427246094,64.20500183105469,67.54499816894531,51.306705474853516,77730.0,BRITANNIA.NS
2004-02-19,67.13999938964844,68.19999694824219,67.13999938964844,67.9000015258789,51.57637405395508,132180.0,BRITANNIA.NS
2004-02-20,68.0,68.14500427246094,66.61000061035156,67.59500122070312,51.344688415527344,75880.0,BRITANNIA.NS
2004-02-23,67.5,68.08999633789062,65.20500183105469,66.29000091552734,50.353416442871094,72760.0,BRITANNIA.NS
2004-02-24,66.69999694824219,67.5,64.4749984741211,67.01000213623047,50.90032958984375,96710.0,BRITANNIA.NS
2004-02-25,66.01000213623047,66.50499725341797,65.00499725341797,65.96500396728516,50.1065673828125,62810.0,BRITANNIA.NS
2004-02-26,67.80000305175781,67.80000305175781,65.29499816894531,66.94499969482422,50.850955963134766,102850.0,BRITANNIA.NS
2004-02-27,66.0999984741211,67.5,65.70500183105469,66.25,50.32304000854492,79220.0,BRITANNIA.NS
2004-03-01,67.0,68.69999694824219,64.0,65.01499938964844,49.38493728637695,148720.0,BRITANNIA.NS
2004-03-02,65.01499938964844,65.01499938964844,65.01499938964844,65.01499938964844,49.38493728637695,0.0,BRITANNIA.NS
2004-03-03,67.4000015258789,67.80000305175781,63.630001068115234,64.41999816894531,48.93297576904297,99650.0,BRITANNIA.NS
2004-03-04,64.4000015258789,65.5,63.15999984741211,64.29499816894531,48.83802795410156,53130.0,BRITANNIA.NS
2004-03-05,64.0999984741211,65.0,64.0999984741211,64.57499694824219,49.05071258544922,49920.0,BRITANNIA.NS
2004-03-08,64.50499725341797,64.70500183105469,63.5,63.68499755859375,48.37467956542969,92320.0,BRITANNIA.NS
2004-03-09,63.9900016784668,64.19999694824219,63.119998931884766,64.11500549316406,48.70131301879883,52940.0,BRITANNIA.NS
2004-03-10,62.599998474121094,65.19999694824219,62.599998474121094,63.81999969482422,48.47722625732422,117270.0,BRITANNIA.NS
2004-03-11,63.650001525878906,64.94999694824219,63.52000045776367,64.05999755859375,48.65952682495117,94130.0,BRITANNIA.NS
2004-03-12,64.4000015258789,64.97000122070312,63.29999923706055,64.54499816894531,49.027931213378906,72480.0,BRITANNIA.NS
2004-03-15,63.54999923706055,64.86000061035156,62.25,63.345001220703125,48.116416931152344,93810.0,BRITANNIA.NS
2004-03-16,62.720001220703125,63.345001220703125,60.0,60.9849967956543,46.32377243041992,73910.0,BRITANNIA.NS
2004-03-17,60.20000076293945,61.29999923706055,55.49500274658203,58.80500030517578,44.66786193847656,91160.0,BRITANNIA.NS
2004-03-18,57.900001525878906,63.0,56.279998779296875,60.099998474121094,45.65153503417969,99630.0,BRITANNIA.NS
2004-03-19,62.400001525878906,65.0,59.650001525878906,63.93000030517578,48.56078338623047,113890.0,BRITANNIA.NS
2004-03-22,64.00499725341797,64.00499725341797,60.005001068115234,61.45500183105469,46.680789947509766,69720.0,BRITANNIA.NS
2004-03-23,60.45000076293945,62.79999923706055,60.400001525878906,61.709999084472656,46.87448501586914,35330.0,BRITANNIA.NS
2004-03-24,61.79999923706055,62.6349983215332,61.0,62.5,47.474571228027344,40190.0,BRITANNIA.NS
2004-03-25,61.5,62.0,60.17499923706055,60.54500198364258,45.98956298828125,52450.0,BRITANNIA.NS
2004-03-26,60.5,62.25,60.099998474121094,61.18000030517578,46.4719123840332,93920.0,BRITANNIA.NS
2004-03-29,66.0,66.0,59.900001525878906,60.130001068115234,45.67433547973633,27710.0,BRITANNIA.NS
2004-03-30,60.099998474121094,61.39500045776367,60.0,60.97999954223633,46.31998825073242,91520.0,BRITANNIA.NS
2004-03-31,60.2599983215332,64.0,60.0150032043457,63.095001220703125,47.92652893066406,121200.0,BRITANNIA.NS
2004-04-01,61.599998474121094,63.595001220703125,61.099998474121094,61.45000076293945,46.67699432373047,75050.0,BRITANNIA.NS
2004-04-02,60.6150016784668,62.5,60.6150016784668,62.0,47.09477233886719,25510.0,BRITANNIA.NS
2004-04-05,61.0,62.29999923706055,60.099998474121094,60.77000045776367,46.16046905517578,54710.0,BRITANNIA.NS
2004-04-06,62.20000076293945,62.88999938964844,61.0,62.459999084472656,47.44417953491211,57820.0,BRITANNIA.NS
2004-04-07,62.58000183105469,62.790000915527344,60.5,60.77000045776367,46.16046905517578,40250.0,BRITANNIA.NS
2004-04-08,60.90999984741211,61.4900016784668,60.099998474121094,60.27000045776367,45.780670166015625,60830.0,BRITANNIA.NS
2004-04-09,60.27000045776367,60.27000045776367,60.27000045776367,60.27000045776367,45.780670166015625,0.0,BRITANNIA.NS
2004-04-12,60.40999984741211,60.79999923706055,60.0,60.150001525878906,45.68952178955078,50810.0,BRITANNIA.NS
2004-04-13,60.005001068115234,62.0,59.5099983215332,61.5099983215332,46.722564697265625,42260.0,BRITANNIA.NS
2004-04-14,61.5099983215332,61.5099983215332,61.5099983215332,61.5099983215332,46.722564697265625,0.0,BRITANNIA.NS
2004-04-15,61.5,62.83000183105469,59.63999938964844,61.415000915527344,46.65041732788086,54550.0,BRITANNIA.NS
2004-04-16,61.04999923706055,62.75,60.5,60.875,46.24022674560547,64420.0,BRITANNIA.NS
2004-04-19,60.80500030517578,61.24500274658203,60.10499954223633,60.595001220703125,46.02754592895508,24190.0,BRITANNIA.NS
2004-04-20,59.5099983215332,61.599998474121094,58.11000061035156,61.44499969482422,46.67318344116211,67070.0,BRITANNIA.NS
2004-04-21,60.810001373291016,62.099998474121094,60.80500030517578,61.779998779296875,46.92765808105469,34810.0,BRITANNIA.NS
2004-04-22,61.005001068115234,63.0,61.005001068115234,62.29500198364258,47.318843841552734,130090.0,BRITANNIA.NS
2004-04-23,61.650001525878906,62.79500198364258,61.650001525878906,62.5150032043457,47.485965728759766,71240.0,BRITANNIA.NS
2004-04-26,62.5150032043457,62.5150032043457,62.5150032043457,62.5150032043457,47.485965728759766,0.0,BRITANNIA.NS
2004-04-27,63.5,64.30000305175781,59.11000061035156,60.845001220703125,46.21744155883789,103090.0,BRITANNIA.NS
2004-04-28,61.099998474121094,62.0,60.29999923706055,61.0,46.335182189941406,45270.0,BRITANNIA.NS
2004-04-29,60.099998474121094,63.0,60.099998474121094,62.2349967956543,47.27326965332031,58610.0,BRITANNIA.NS
2004-04-30,60.400001525878906,61.834999084472656,59.0,59.83000183105469,45.44645690917969,70190.0,BRITANNIA.NS
2004-05-03,60.099998474121094,60.79999923706055,59.11000061035156,60.17499923706055,45.7085075378418,51480.0,BRITANNIA.NS
2004-05-04,60.61000061035156,62.08000183105469,60.5,61.68499755859375,46.855491638183594,78480.0,BRITANNIA.NS
2004-05-05,61.5099983215332,61.5099983215332,60.61000061035156,60.779998779296875,46.16806411743164,19760.0,BRITANNIA.NS
2004-05-06,61.790000915527344,61.790000915527344,60.20000076293945,60.57500076293945,46.01234436035156,23020.0,BRITANNIA.NS
2004-05-07,60.099998474121094,62.0,60.099998474121094,60.32500076293945,45.822452545166016,27630.0,BRITANNIA.NS
2004-05-10,61.4849967956543,61.4849967956543,59.0,59.6150016784668,45.283138275146484,30210.0,BRITANNIA.NS
2004-05-11,60.29500198364258,60.29500198364258,58.310001373291016,60.005001068115234,45.57938003540039,48930.0,BRITANNIA.NS
2004-05-12,59.02000045776367,60.4900016784668,58.02000045776367,60.0,45.5755729675293,99720.0,BRITANNIA.NS
2004-05-13,62.5,62.5,57.60499954223633,58.33000183105469,44.30706787109375,155060.0,BRITANNIA.NS
2004-05-14,59.70000076293945,59.70000076293945,57.70000076293945,58.689998626708984,44.580509185791016,94320.0,BRITANNIA.NS
2004-05-17,53.5099983215332,59.79999923706055,53.404998779296875,57.68000030517578,43.81332778930664,115110.0,BRITANNIA.NS
2004-05-18,56.099998474121094,59.29999923706055,55.5,57.9900016784668,44.048805236816406,479720.0,BRITANNIA.NS
2004-05-19,58.005001068115234,59.0,58.0,58.459999084472656,44.40580749511719,110920.0,BRITANNIA.NS
2004-05-20,58.099998474121094,58.69499969482422,57.810001373291016,58.13999938964844,44.1627311706543,130470.0,BRITANNIA.NS
2004-05-21,58.5,58.599998474121094,57.400001525878906,57.720001220703125,43.84370803833008,187770.0,BRITANNIA.NS
2004-05-24,57.0,58.5,57.0,58.31500244140625,44.29567337036133,15910.0,BRITANNIA.NS
2004-05-25,57.709999084472656,60.38999938964844,57.70500183105469,59.88999938964844,45.49201965332031,50740.0,BRITANNIA.NS
2004-05-26,59.505001068115234,60.45000076293945,59.209999084472656,59.625,45.29072952270508,19210.0,BRITANNIA.NS
2004-05-27,59.11000061035156,60.0,57.505001068115234,58.29999923706055,44.28427505493164,77590.0,BRITANNIA.NS
2004-05-28,55.55500030517578,58.49500274658203,55.55500030517578,57.80500030517578,43.90827560424805,56310.0,BRITANNIA.NS
2004-05-31,59.69499969482422,59.69499969482422,55.70000076293945,57.875,43.961448669433594,76890.0,BRITANNIA.NS
2004-06-01,57.29999923706055,59.0,57.29999923706055,58.74500274658203,44.62229919433594,62380.0,BRITANNIA.NS
2004-06-02,57.70000076293945,59.19499969482422,57.70000076293945,58.39500045776367,44.3564338684082,27530.0,BRITANNIA.NS
2004-06-03,58.10499954223633,58.70000076293945,57.189998626708984,57.75,43.866493225097656,81980.0,BRITANNIA.NS
2004-06-04,57.5,58.25,57.5,57.82500076293945,43.923465728759766,29230.0,BRITANNIA.NS
2004-06-07,58.86000061035156,58.89500045776367,57.0150032043457,57.45500183105469,43.642417907714844,44410.0,BRITANNIA.NS
2004-06-08,57.505001068115234,58.900001525878906,57.0,57.90999984741211,43.988033294677734,54310.0,BRITANNIA.NS
2004-06-09,58.099998474121094,58.49500274658203,57.5,58.279998779296875,44.26908874511719,30590.0,BRITANNIA.NS
2004-06-10,58.5,60.900001525878906,57.900001525878906,60.13999938964844,45.681922912597656,209200.0,BRITANNIA.NS
2004-06-11,60.93000030517578,62.89500045776367,60.93000030517578,62.02000045776367,47.109962463378906,207650.0,BRITANNIA.NS
2004-06-14,62.04999923706055,62.04999923706055,60.099998474121094,60.540000915527344,45.98576354980469,65440.0,BRITANNIA.NS
2004-06-15,61.20000076293945,61.20000076293945,60.29999923706055,60.57500076293945,46.01234436035156,31730.0,BRITANNIA.NS
2004-06-16,60.57500076293945,61.0,58.349998474121094,60.20500183105469,45.731300354003906,78810.0,BRITANNIA.NS
2004-06-17,61.8849983215332,62.82500076293945,60.29999923706055,60.9900016784668,46.32757568359375,339110.0,BRITANNIA.NS
2004-06-18,60.5,61.49500274658203,60.025001525878906,60.17499923706055,45.7085075378418,74650.0,BRITANNIA.NS
2004-06-21,60.79999923706055,60.92499923706055,59.70000076293945,60.3650016784668,45.85282897949219,99470.0,BRITANNIA.NS
2004-06-22,59.20500183105469,60.75,59.20500183105469,60.49500274658203,45.95158767700195,109240.0,BRITANNIA.NS
2004-06-23,60.70000076293945,60.900001525878906,59.52000045776367,60.349998474121094,45.8414421081543,68490.0,BRITANNIA.NS
2004-06-24,60.349998474121094,60.849998474121094,59.025001525878906,60.09000015258789,45.64393997192383,144340.0,BRITANNIA.NS
2004-06-25,60.689998626708984,63.5,59.650001525878906,62.96500015258789,47.82777786254883,2790410.0,BRITANNIA.NS
2004-06-28,63.99500274658203,63.99500274658203,61.849998474121094,62.595001220703125,47.54672622680664,643990.0,BRITANNIA.NS
2004-06-29,61.810001373291016,62.66999816894531,61.60499954223633,62.040000915527344,47.125152587890625,50010.0,BRITANNIA.NS
2004-06-30,62.59000015258789,62.7400016784668,62.0,62.404998779296875,47.40240478515625,88560.0,BRITANNIA.NS
2004-07-01,62.529998779296875,62.88999938964844,62.099998474121094,62.380001068115234,47.3834114074707,78850.0,BRITANNIA.NS
2004-07-02,62.599998474121094,62.599998474121094,61.79999923706055,62.125,47.18971252441406,31840.0,BRITANNIA.NS
2004-07-05,62.599998474121094,64.5,61.71500015258789,63.790000915527344,48.45443344116211,1166280.0,BRITANNIA.NS
2004-07-06,63.5150032043457,64.5,62.970001220703125,64.05000305175781,48.65194320678711,2596020.0,BRITANNIA.NS
2004-07-07,64.89500427246094,64.89500427246094,63.13999938964844,63.334999084472656,48.108829498291016,22120.0,BRITANNIA.NS
2004-07-08,60.11000061035156,64.4000015258789,60.11000061035156,62.64500045776367,47.58470153808594,55950.0,BRITANNIA.NS
2004-07-09,62.18000030517578,63.5,61.349998474121094,62.34000015258789,47.35303497314453,45420.0,BRITANNIA.NS
2004-07-12,60.11000061035156,62.099998474121094,60.099998474121094,61.65999984741211,46.83650207519531,72340.0,BRITANNIA.NS
2004-07-13,61.5,61.79999923706055,61.0,61.665000915527344,46.840301513671875,49750.0,BRITANNIA.NS
2004-07-14,62.0,62.04999923706055,60.60499954223633,60.939998626708984,46.28959655761719,44790.0,BRITANNIA.NS
2004-07-15,60.55500030517578,61.595001220703125,60.55500030517578,61.32500076293945,46.5820426940918,23260.0,BRITANNIA.NS
2004-07-16,61.4900016784668,61.79500198364258,60.60499954223633,61.3849983215332,46.627620697021484,38280.0,BRITANNIA.NS
2004-07-19,62.29999923706055,62.29999923706055,61.0150032043457,61.91999816894531,47.03399658203125,47510.0,BRITANNIA.NS
2004-07-20,62.68000030517578,62.88999938964844,61.599998474121094,62.06500244140625,47.14414596557617,58090.0,BRITANNIA.NS
2004-07-21,62.70000076293945,65.4000015258789,62.70000076293945,63.150001525878906,47.968299865722656,222890.0,BRITANNIA.NS
2004-07-22,64.4000015258789,64.94999694824219,63.150001525878906,63.44499969482422,48.192378997802734,126990.0,BRITANNIA.NS
2004-07-23,60.0,63.0,60.0,62.84000015258789,47.73283004760742,55480.0,BRITANNIA.NS
2004-07-26,62.31500244140625,64.0,62.31500244140625,63.130001068115234,47.9531135559082,170770.0,BRITANNIA.NS
2004-07-27,60.810001373291016,63.5,60.810001373291016,62.61000061035156,47.55812072753906,72360.0,BRITANNIA.NS
2004-07-28,60.85499954223633,63.70000076293945,60.85499954223633,62.81500244140625,47.71384048461914,52960.0,BRITANNIA.NS
2004-07-29,61.20000076293945,63.400001525878906,61.20000076293945,63.119998931884766,47.94551467895508,78880.0,BRITANNIA.NS
2004-07-30,61.349998474121094,62.95000076293945,61.349998474121094,62.79500198364258,47.698638916015625,61710.0,BRITANNIA.NS
2004-08-02,62.150001525878906,63.29999923706055,62.150001525878906,62.83000183105469,47.72522735595703,28610.0,BRITANNIA.NS
2004-08-03,62.255001068115234,63.04500198364258,62.255001068115234,62.43499755859375,47.42518615722656,54950.0,BRITANNIA.NS
2004-08-04,61.79999923706055,63.29999923706055,61.79999923706055,63.060001373291016,47.899940490722656,45640.0,BRITANNIA.NS
2004-08-05,62.16999816894531,62.79999923706055,62.16999816894531,62.32500076293945,48.1821174621582,34170.0,BRITANNIA.NS
2004-08-06,61.5,62.4900016784668,61.29999923706055,62.0,47.93086242675781,17710.0,BRITANNIA.NS
2004-08-09,62.599998474121094,62.599998474121094,61.900001525878906,62.30500030517578,48.166648864746094,28380.0,BRITANNIA.NS
2004-08-10,62.599998474121094,62.900001525878906,62.130001068115234,62.72999954223633,48.495208740234375,18670.0,BRITANNIA.NS
2004-08-11,62.41999816894531,62.81999969482422,62.400001525878906,62.59000015258789,48.38697814941406,49870.0,BRITANNIA.NS
2004-08-12,62.400001525878906,62.78499984741211,61.79999923706055,62.369998931884766,48.216896057128906,23170.0,BRITANNIA.NS
2004-08-13,61.70000076293945,62.900001525878906,61.70000076293945,62.7650032043457,48.52227020263672,46670.0,BRITANNIA.NS
2004-08-16,63.39500045776367,63.39500045776367,62.349998474121094,63.2599983215332,48.90494155883789,56130.0,BRITANNIA.NS
2004-08-17,62.5099983215332,63.619998931884766,62.04999923706055,63.4849967956543,49.07887268066406,116790.0,BRITANNIA.NS
2004-08-18,62.5,63.900001525878906,62.5,63.7599983215332,49.291473388671875,48130.0,BRITANNIA.NS
2004-08-19,62.709999084472656,63.9900016784668,62.709999084472656,63.939998626708984,49.430633544921875,30900.0,BRITANNIA.NS
2004-08-20,63.19499969482422,63.9849967956543,63.19499969482422,63.80500030517578,49.326271057128906,31980.0,BRITANNIA.NS
2004-08-23,64.80000305175781,64.80000305175781,63.099998474121094,64.34500122070312,49.743736267089844,77790.0,BRITANNIA.NS
2004-08-24,63.20500183105469,65.12999725341797,63.20500183105469,65.06500244140625,50.30035400390625,666270.0,BRITANNIA.NS
2004-08-25,65.49500274658203,66.66000366210938,64.0999984741211,65.9749984741211,51.00384521484375,511300.0,BRITANNIA.NS
2004-08-26,66.55000305175781,66.9800033569336,65.0250015258789,66.47000122070312,51.38652801513672,806820.0,BRITANNIA.NS
2004-08-27,66.5,66.68499755859375,65.50499725341797,66.1500015258789,51.139137268066406,152920.0,BRITANNIA.NS
2004-08-30,66.0,67.4000015258789,65.9000015258789,67.24500274658203,51.98565673828125,241850.0,BRITANNIA.NS
2004-08-31,66.21500396728516,67.94000244140625,66.21500396728516,67.21500396728516,51.96247100830078,244250.0,BRITANNIA.NS
2004-09-01,67.19999694824219,67.19999694824219,66.5,66.70999908447266,51.572059631347656,29090.0,BRITANNIA.NS
2004-09-02,65.05000305175781,67.4000015258789,65.05000305175781,67.02999877929688,51.8194580078125,154220.0,BRITANNIA.NS
2004-09-03,66.69999694824219,67.19999694824219,66.0,66.9000015258789,51.71894454956055,46920.0,BRITANNIA.NS
2004-09-06,67.0999984741211,67.19999694824219,66.20999908447266,66.97000122070312,51.77305603027344,99930.0,BRITANNIA.NS
2004-09-07,66.3499984741211,67.5,66.3499984741211,66.89500427246094,51.71508026123047,123850.0,BRITANNIA.NS
2004-09-08,65.36000061035156,67.5,65.36000061035156,67.05999755859375,51.84262466430664,95920.0,BRITANNIA.NS
2004-09-09,66.30000305175781,67.5,66.2750015258789,67.12000274658203,51.88901901245117,144120.0,BRITANNIA.NS
2004-09-10,66.0,67.23500061035156,66.0,66.95999908447266,51.76533126831055,31460.0,BRITANNIA.NS
2004-09-13,67.19999694824219,67.4749984741211,66.54499816894531,67.01499938964844,51.807861328125,93900.0,BRITANNIA.NS
2004-09-14,66.50499725341797,68.93499755859375,66.04499816894531,68.41999816894531,52.894012451171875,86580.0,BRITANNIA.NS
2004-09-15,66.40499877929688,68.875,66.40499877929688,67.64500427246094,52.29488754272461,54040.0,BRITANNIA.NS
2004-09-16,66.2750015258789,67.80000305175781,66.2750015258789,67.38499450683594,52.09387969970703,39270.0,BRITANNIA.NS
2004-09-17,66.51000213623047,67.5999984741211,66.51000213623047,67.3550033569336,52.07071304321289,37940.0,BRITANNIA.NS
2004-09-20,66.30000305175781,68.0,66.30000305175781,67.4000015258789,52.105472564697266,56800.0,BRITANNIA.NS
2004-09-21,66.3550033569336,68.14500427246094,66.3550033569336,68.125,52.66596603393555,81970.0,BRITANNIA.NS
2004-09-22,67.20999908447266,68.14500427246094,67.20999908447266,68.02999877929688,52.59252166748047,51250.0,BRITANNIA.NS
2004-09-23,66.8550033569336,68.5,66.8550033569336,68.1050033569336,52.65050506591797,49020.0,BRITANNIA.NS
2004-09-24,68.9800033569336,69.80000305175781,67.0,67.29499816894531,52.02430725097656,75840.0,BRITANNIA.NS
2004-09-27,65.80000305175781,67.30000305175781,65.80000305175781,66.50499725341797,51.41358184814453,14860.0,BRITANNIA.NS
2004-09-28,65.23999786376953,66.81999969482422,64.5,66.01000213623047,51.03090286254883,33870.0,BRITANNIA.NS
2004-09-29,65.5250015258789,66.69999694824219,65.5,66.5999984741211,51.48701858520508,28880.0,BRITANNIA.NS
2004-09-30,66.02999877929688,66.9749984741211,66.02999877929688,66.48500061035156,51.39812088012695,79980.0,BRITANNIA.NS
2004-10-01,66.00499725341797,66.00499725341797,64.80000305175781,65.52999877929688,50.65982437133789,48110.0,BRITANNIA.NS
2004-10-04,67.37999725341797,67.875,64.95500183105469,65.32499694824219,50.501346588134766,89890.0,BRITANNIA.NS
2004-10-05,66.56500244140625,66.56500244140625,64.86000061035156,65.76000213623047,50.83763885498047,54100.0,BRITANNIA.NS
2004-10-06,64.6500015258789,65.83499908447266,64.50499725341797,64.83499908447266,50.122535705566406,81930.0,BRITANNIA.NS
2004-10-07,64.06500244140625,65.68499755859375,62.60499954223633,63.470001220703125,49.067283630371094,80060.0,BRITANNIA.NS
2004-10-08,64.79499816894531,65.5,63.599998474121094,65.12000274658203,50.342864990234375,59390.0,BRITANNIA.NS
2004-10-11,63.79999923706055,65.80000305175781,63.79999923706055,64.4800033569336,49.84809112548828,27940.0,BRITANNIA.NS
2004-10-12,64.0250015258789,64.9000015258789,63.71500015258789,63.81999969482422,49.337860107421875,27000.0,BRITANNIA.NS
2004-10-13,63.81999969482422,63.81999969482422,63.81999969482422,63.81999969482422,49.337860107421875,0.0,BRITANNIA.NS
2004-10-14,63.0099983215332,64.0,62.0,62.1349983215332,48.035221099853516,79630.0,BRITANNIA.NS
2004-10-15,62.0,63.150001525878906,62.0,62.08000183105469,47.992706298828125,65060.0,BRITANNIA.NS
2004-10-18,62.08000183105469,63.400001525878906,62.08000183105469,62.915000915527344,48.63822555541992,29540.0,BRITANNIA.NS
2004-10-19,64.0,64.0,62.650001525878906,62.779998779296875,48.53385543823242,16830.0,BRITANNIA.NS
2004-10-20,62.70000076293945,63.84000015258789,62.52000045776367,63.31999969482422,48.95132064819336,50600.0,BRITANNIA.NS
2004-10-21,63.5,64.9000015258789,63.40999984741211,64.3550033569336,49.75146484375,44590.0,BRITANNIA.NS
2004-10-22,64.3550033569336,64.3550033569336,64.3550033569336,64.3550033569336,49.75146484375,0.0,BRITANNIA.NS
2004-10-25,64.0,64.80000305175781,63.5,63.665000915527344,49.2180290222168,31990.0,BRITANNIA.NS
2004-10-26,64.30000305175781,65.9000015258789,64.30000305175781,65.01000213623047,50.25783157348633,102620.0,BRITANNIA.NS
2004-10-27,65.5,65.5,64.30999755859375,65.44000244140625,50.590248107910156,60850.0,BRITANNIA.NS
2004-10-28,66.29499816894531,66.9800033569336,65.0250015258789,66.32499694824219,51.27442169189453,92850.0,BRITANNIA.NS
2004-10-29,64.19999694824219,66.5,64.19999694824219,66.11500549316406,51.11208724975586,64670.0,BRITANNIA.NS
2004-11-01,64.55000305175781,68.4000015258789,64.55000305175781,66.92500305175781,51.73827362060547,61140.0,BRITANNIA.NS
2004-11-02,67.4800033569336,67.80000305175781,66.25499725341797,67.09500122070312,51.869686126708984,62420.0,BRITANNIA.NS
2004-11-03,66.69999694824219,68.5,66.5999984741211,68.31500244140625,52.81284713745117,121090.0,BRITANNIA.NS
2004-11-04,68.5,68.5,67.11000061035156,68.03499603271484,52.59638595581055,64620.0,BRITANNIA.NS
2004-11-05,66.19999694824219,68.69999694824219,66.19999694824219,68.2750015258789,52.781925201416016,45160.0,BRITANNIA.NS
2004-11-08,67.80000305175781,68.5,67.5,67.81500244140625,52.42631530761719,57800.0,BRITANNIA.NS
2004-11-09,67.5,69.3550033569336,67.25,68.91000366210938,53.27283477783203,303440.0,BRITANNIA.NS
2004-11-10,67.5999984741211,70.0,67.5999984741211,69.91000366210938,54.04591369628906,281910.0,BRITANNIA.NS
2004-11-11,69.0,70.29000091552734,69.0,69.4000015258789,53.651649475097656,86310.0,BRITANNIA.NS
2004-11-12,69.0,70.30000305175781,68.5,69.19499969482422,53.4931640625,11850.0,BRITANNIA.NS
2004-11-15,69.19499969482422,69.19499969482422,69.19499969482422,69.19499969482422,53.4931640625,0.0,BRITANNIA.NS
2004-11-16,67.80000305175781,70.19999694824219,67.80000305175781,69.17500305175781,53.47770309448242,98470.0,BRITANNIA.NS
2004-11-17,69.0,70.0,69.0,69.55000305175781,53.76759719848633,159600.0,BRITANNIA.NS
2004-11-18,69.5,70.19999694824219,69.5,69.99500274658203,54.11162567138672,64400.0,BRITANNIA.NS
2004-11-19,69.5,70.0999984741211,69.5,69.75,53.92221450805664,63270.0,BRITANNIA.NS
2004-11-22,70.55000305175781,71.49500274658203,69.5,70.7249984741211,54.67597198486328,104400.0,BRITANNIA.NS
2004-11-23,72.83999633789062,72.83999633789062,70.0999984741211,71.13999938964844,54.996795654296875,123580.0,BRITANNIA.NS
2004-11-24,70.5,72.4000015258789,70.5,71.91999816894531,55.59980392456055,75920.0,BRITANNIA.NS
2004-11-25,72.19999694824219,73.0,71.30000305175781,72.58000183105469,56.11003112792969,98510.0,BRITANNIA.NS
2004-11-26,72.58000183105469,72.58000183105469,72.58000183105469,72.58000183105469,56.11003112792969,0.0,BRITANNIA.NS
2004-11-29,72.00499725341797,74.5,71.80000305175781,73.71500396728516,56.98747634887695,431340.0,BRITANNIA.NS
2004-11-30,73.19999694824219,75.0,73.19999694824219,74.92500305175781,57.92289352416992,449340.0,BRITANNIA.NS
2004-12-01,74.30999755859375,76.4000015258789,72.33000183105469,75.67500305175781,58.50270462036133,339730.0,BRITANNIA.NS
2004-12-02,74.0,78.0,73.5999984741211,77.4749984741211,59.89426040649414,742610.0,BRITANNIA.NS
2004-12-03,77.0,78.5,76.5250015258789,78.07499694824219,60.35808181762695,711880.0,BRITANNIA.NS
2004-12-06,79.4800033569336,79.5,77.5,79.19000244140625,61.2200813293457,99720.0,BRITANNIA.NS
2004-12-07,78.5999984741211,80.3499984741211,78.5,79.00499725341797,61.07705307006836,106470.0,BRITANNIA.NS
2004-12-08,78.0,80.5999984741211,78.0,80.16500091552734,61.97382354736328,119630.0,BRITANNIA.NS
2004-12-09,79.05000305175781,81.5,79.01499938964844,80.64500427246094,62.34489822387695,160720.0,BRITANNIA.NS
2004-12-10,80.5,81.0,79.9000015258789,80.30000305175781,62.078189849853516,106130.0,BRITANNIA.NS
2004-12-13,80.5,84.4000015258789,80.5,83.63499450683594,64.65638732910156,210470.0,BRITANNIA.NS
2004-12-14,83.0999984741211,85.80000305175781,82.69999694824219,84.75,65.51839447021484,128640.0,BRITANNIA.NS
2004-12-15,84.80000305175781,85.0,82.0999984741211,82.90499877929688,64.09204864501953,66950.0,BRITANNIA.NS
2004-12-16,82.0,84.9000015258789,81.5,83.32499694824219,64.41674041748047,202320.0,BRITANNIA.NS
2004-12-17,84.0,85.4000015258789,83.0999984741211,83.89500427246094,64.85741424560547,101210.0,BRITANNIA.NS
2004-12-20,81.31999969482422,86.0,77.63999938964844,85.69999694824219,66.2528305053711,72270.0,BRITANNIA.NS
2004-12-21,86.58999633789062,90.5,84.1500015258789,87.56999969482422,67.698486328125,179930.0,BRITANNIA.NS
2004-12-22,86.58999633789062,91.0,86.58999633789062,90.79000091552734,70.18778991699219,127460.0,BRITANNIA.NS
2004-12-23,90.88999938964844,91.9000015258789,90.0,90.51499938964844,69.9751968383789,73720.0,BRITANNIA.NS
2004-12-24,90.5,92.0999984741211,88.52999877929688,89.66999816894531,69.32193756103516,64810.0,BRITANNIA.NS
2004-12-27,89.0,91.19999694824219,88.4000015258789,90.875,70.25348663330078,68940.0,BRITANNIA.NS
2004-12-28,90.6500015258789,92.9800033569336,90.5,92.61500549316406,71.59867095947266,164010.0,BRITANNIA.NS
2004-12-29,94.19999694824219,94.19999694824219,90.4000015258789,92.42500305175781,71.45177459716797,58190.0,BRITANNIA.NS
2004-12-30,92.6500015258789,92.99500274658203,92.0,92.65499877929688,71.62956237792969,199960.0,BRITANNIA.NS
2004-12-31,92.0,92.5,90.70500183105469,91.65499877929688,70.85648345947266,21560.0,BRITANNIA.NS
2005-01-03,90.19999694824219,94.45999908447266,90.19999694824219,93.11500549316406,71.9852066040039,779790.0,BRITANNIA.NS
2005-01-04,94.4000015258789,94.4000015258789,92.80000305175781,93.06500244140625,71.946533203125,42580.0,BRITANNIA.NS
2005-01-05,93.5999984741211,94.4000015258789,90.0,90.51000213623047,69.9713134765625,74470.0,BRITANNIA.NS
2005-01-06,91.4000015258789,91.69499969482422,87.5,90.11500549316406,69.66596221923828,71230.0,BRITANNIA.NS
2005-01-07,89.9000015258789,90.94999694824219,89.5,90.125,69.6736831665039,51050.0,BRITANNIA.NS
2005-01-10,90.11000061035156,90.9000015258789,87.6050033569336,90.21500396728516,69.74327087402344,49150.0,BRITANNIA.NS
2005-01-11,89.0,90.0,88.52999877929688,89.59500122070312,69.26393127441406,39280.0,BRITANNIA.NS
2005-01-12,89.98999786376953,90.1500015258789,88.4000015258789,89.09500122070312,68.87743377685547,64170.0,BRITANNIA.NS
2005-01-13,90.0,90.69999694824219,86.40499877929688,89.39500427246094,69.1093521118164,52940.0,BRITANNIA.NS
2005-01-14,91.0,91.0,87.5,87.62000274658203,67.73711395263672,30480.0,BRITANNIA.NS
2005-01-17,92.0,92.0,86.99500274658203,87.55000305175781,67.68302154541016,66960.0,BRITANNIA.NS
2005-01-18,89.80000305175781,90.5,87.25,89.68000030517578,69.32967376708984,50320.0,BRITANNIA.NS
2005-01-19,87.8499984741211,89.99500274658203,87.5,87.82499694824219,67.8956069946289,63990.0,BRITANNIA.NS
2005-01-20,87.05000305175781,88.79499816894531,85.0,85.18000030517578,65.850830078125,34000.0,BRITANNIA.NS
2005-01-24,87.80000305175781,88.48999786376953,86.0,88.41999816894531,68.3555908203125,103700.0,BRITANNIA.NS
2005-01-25,89.5,89.5,85.0,86.70999908447266,67.03362274169922,33300.0,BRITANNIA.NS
2005-01-27,87.98999786376953,87.98999786376953,85.11000061035156,86.4800033569336,66.8558120727539,45530.0,BRITANNIA.NS
2005-01-28,87.4800033569336,87.5,86.0,87.0,67.2578353881836,29670.0,BRITANNIA.NS
2005-01-31,86.99500274658203,88.0,86.30500030517578,87.64500427246094,67.75645446777344,316300.0,BRITANNIA.NS
2005-02-01,89.58999633789062,91.0999984741211,87.79499816894531,90.02999877929688,69.60023498535156,327090.0,BRITANNIA.NS
2005-02-02,90.0,90.9800033569336,89.15499877929688,89.99500274658203,69.57319641113281,262870.0,BRITANNIA.NS
2005-02-03,90.0,91.08999633789062,90.0,90.00499725341797,69.58092498779297,225410.0,BRITANNIA.NS
2005-02-04,90.99500274658203,90.99500274658203,89.9000015258789,90.19499969482422,69.7278060913086,73150.0,BRITANNIA.NS
2005-02-07,91.08999633789062,91.08999633789062,90.0,90.0,69.57704162597656,27980.0,BRITANNIA.NS
2005-02-08,90.0,90.5,89.13999938964844,90.05999755859375,69.62345123291016,26780.0,BRITANNIA.NS
2005-02-09,90.19999694824219,90.4800033569336,88.0999984741211,89.09500122070312,68.87743377685547,60140.0,BRITANNIA.NS
2005-02-10,88.6050033569336,90.19999694824219,88.6050033569336,90.01000213623047,69.58478546142578,12520.0,BRITANNIA.NS
2005-02-11,90.19999694824219,90.19999694824219,89.7249984741211,90.05500030517578,69.61957550048828,83910.0,BRITANNIA.NS
2005-02-14,90.5,94.88999938964844,90.5,93.40499877929688,72.20938110351562,254080.0,BRITANNIA.NS
2005-02-15,94.4000015258789,94.4000015258789,92.0,92.56500244140625,71.55999755859375,52320.0,BRITANNIA.NS
2005-02-16,93.0,93.625,92.01000213623047,93.45999908447266,72.25189208984375,162710.0,BRITANNIA.NS
2005-02-17,92.5,93.9000015258789,92.5,92.93000030517578,71.84215545654297,148470.0,BRITANNIA.NS
2005-02-18,92.5,92.8499984741211,92.5,92.6050033569336,71.59092712402344,41360.0,BRITANNIA.NS
2005-02-21,92.5999984741211,93.00499725341797,92.30500030517578,93.0,71.89628601074219,58460.0,BRITANNIA.NS
2005-02-22,92.99500274658203,92.99500274658203,91.4000015258789,92.1500015258789,71.23918151855469,95970.0,BRITANNIA.NS
2005-02-23,91.5,92.80000305175781,91.5,92.25,71.31647491455078,25360.0,BRITANNIA.NS
2005-02-24,93.0,93.0,92.0,92.55500030517578,71.55226135253906,98250.0,BRITANNIA.NS
2005-02-25,92.02999877929688,92.9000015258789,92.02999877929688,92.56999969482422,71.56387329101562,98510.0,BRITANNIA.NS
2005-02-28,92.19999694824219,93.4000015258789,92.19999694824219,93.00499725341797,71.9001693725586,28930.0,BRITANNIA.NS
2005-03-01,90.19999694824219,93.08499908447266,87.80000305175781,92.45500183105469,71.47496795654297,22070.0,BRITANNIA.NS
2005-03-02,92.98999786376953,93.0,92.19999694824219,92.88999938964844,71.8112564086914,97020.0,BRITANNIA.NS
2005-03-03,92.88999938964844,93.1500015258789,92.25,93.00499725341797,71.9001693725586,82740.0,BRITANNIA.NS
2005-03-04,92.16000366210938,93.14500427246094,92.16000366210938,93.0250015258789,71.91560363769531,24240.0,BRITANNIA.NS
2005-03-07,91.80000305175781,93.67500305175781,91.80000305175781,93.0,71.89628601074219,82230.0,BRITANNIA.NS
2005-03-08,92.12000274658203,93.5999984741211,92.12000274658203,93.0,71.89628601074219,47960.0,BRITANNIA.NS
2005-03-09,93.5,93.5,92.25499725341797,93.0,71.89628601074219,176300.0,BRITANNIA.NS
2005-03-10,93.4000015258789,93.69999694824219,92.54000091552734,92.66500091552734,71.63732147216797,98050.0,BRITANNIA.NS
2005-03-11,93.0,93.5,93.0,93.0,71.89628601074219,275830.0,BRITANNIA.NS
2005-03-14,93.0,93.30000305175781,93.0,93.0,71.89628601074219,11310.0,BRITANNIA.NS
2005-03-15,92.51000213623047,93.0,92.19999694824219,92.51000213623047,71.5174789428711,6820.0,BRITANNIA.NS
2005-03-16,92.51000213623047,93.5,92.24500274658203,93.00499725341797,71.9001693725586,87700.0,BRITANNIA.NS
2005-03-17,92.51000213623047,93.19999694824219,92.5,93.0,71.89628601074219,81920.0,BRITANNIA.NS
2005-03-18,93.0,93.0999984741211,92.5,93.05999755859375,71.94268035888672,43970.0,BRITANNIA.NS
2005-03-21,92.69999694824219,92.69999694824219,89.0,90.28499603271484,69.79737091064453,26880.0,BRITANNIA.NS
2005-03-22,90.9000015258789,91.0,87.0999984741211,87.54499816894531,67.67915344238281,19460.0,BRITANNIA.NS
2005-03-23,89.20999908447266,89.20999908447266,85.0,85.03499603271484,65.73871612548828,32250.0,BRITANNIA.NS
2005-03-24,85.5,87.92500305175781,85.5,86.05500030517578,66.52725219726562,40110.0,BRITANNIA.NS
2005-03-28,87.5,87.69000244140625,83.5,84.08000183105469,65.00045013427734,557560.0,BRITANNIA.NS
2005-03-29,85.0999984741211,86.48999786376953,84.18000030517578,85.14500427246094,65.82376861572266,51360.0,BRITANNIA.NS
2005-03-30,84.06500244140625,85.89500427246094,84.06500244140625,85.0999984741211,65.78899383544922,28930.0,BRITANNIA.NS
2005-03-31,85.38999938964844,86.5,84.0,84.91500091552734,65.64595031738281,62580.0,BRITANNIA.NS
2005-04-01,87.0,88.0,85.11500549316406,85.92500305175781,66.42676544189453,62330.0,BRITANNIA.NS
2005-04-04,85.80000305175781,86.0,84.81999969482422,85.41000366210938,66.02864074707031,50850.0,BRITANNIA.NS
2005-04-05,86.68499755859375,86.68499755859375,84.0999984741211,84.81999969482422,65.57250213623047,11050.0,BRITANNIA.NS
2005-04-06,84.69999694824219,85.0,83.58499908447266,83.88499450683594,64.84967803955078,19910.0,BRITANNIA.NS
2005-04-07,85.0,85.75,84.44999694824219,85.26499938964844,65.9165267944336,43020.0,BRITANNIA.NS
2005-04-08,86.18000030517578,86.18000030517578,83.5,84.47000122070312,65.30194091796875,111500.0,BRITANNIA.NS
2005-04-11,83.69999694824219,84.99500274658203,83.05500030517578,84.51499938964844,65.33673095703125,25620.0,BRITANNIA.NS
2005-04-12,84.5,85.98999786376953,84.5,84.96500396728516,65.68460083007812,1130.0,BRITANNIA.NS
2005-04-13,85.31500244140625,85.9000015258789,85.0,85.0,65.7116470336914,23370.0,BRITANNIA.NS
2005-04-15,85.98999786376953,85.98999786376953,83.20500183105469,84.125,65.03523254394531,14660.0,BRITANNIA.NS
2005-04-18,83.1050033569336,84.0,83.0,83.20500183105469,64.32398986816406,43020.0,BRITANNIA.NS
2005-04-19,81.19999694824219,85.4000015258789,81.19999694824219,83.02999877929688,64.18871307373047,22850.0,BRITANNIA.NS
2005-04-20,83.5,83.5,83.0,83.02999877929688,64.18871307373047,3300.0,BRITANNIA.NS
2005-04-21,84.0,84.38499450683594,83.05000305175781,83.45999908447266,64.52112579345703,24220.0,BRITANNIA.NS
2005-04-22,84.0999984741211,84.48500061035156,83.0,83.12000274658203,64.2582778930664,51300.0,BRITANNIA.NS
2005-04-25,83.22000122070312,84.45999908447266,83.1500015258789,84.05500030517578,64.98111724853516,36360.0,BRITANNIA.NS
2005-04-26,86.0,86.5,84.5,85.56500244140625,66.14846801757812,34560.0,BRITANNIA.NS
2005-04-27,83.19999694824219,85.98999786376953,83.19999694824219,85.48999786376953,66.0904769897461,261250.0,BRITANNIA.NS
2005-04-28,84.0,85.59500122070312,84.0,85.0999984741211,65.78899383544922,20550.0,BRITANNIA.NS
2005-04-29,85.5,86.0,85.0,85.30500030517578,65.94744110107422,14970.0,BRITANNIA.NS
2005-05-02,85.0999984741211,85.80000305175781,85.0,85.42500305175781,66.04021453857422,7800.0,BRITANNIA.NS
2005-05-03,85.0,85.93499755859375,84.0,84.25499725341797,65.13571166992188,6480.0,BRITANNIA.NS
2005-05-04,85.0,85.80000305175781,85.0,85.08000183105469,65.77352142333984,9630.0,BRITANNIA.NS
2005-05-05,85.0999984741211,86.19000244140625,85.0999984741211,85.41999816894531,66.0363540649414,1960.0,BRITANNIA.NS
2005-05-06,85.00499725341797,86.5,85.0,86.16000366210938,66.60842895507812,46690.0,BRITANNIA.NS
2005-05-09,85.20500183105469,86.5,85.20500183105469,86.06999969482422,66.53884887695312,26460.0,BRITANNIA.NS
2005-05-10,86.0,87.4000015258789,85.80500030517578,86.2300033569336,66.66255187988281,86630.0,BRITANNIA.NS
2005-05-11,86.0,87.39500427246094,86.0,86.5,66.87126159667969,69500.0,BRITANNIA.NS
2005-05-12,86.5,88.0,86.5,86.55999755859375,66.91767120361328,44660.0,BRITANNIA.NS
2005-05-13,86.6500015258789,86.83000183105469,85.00499725341797,85.93499755859375,66.43450927734375,49910.0,BRITANNIA.NS
2005-05-16,85.9000015258789,87.0999984741211,85.9000015258789,86.73500061035156,67.05296325683594,11670.0,BRITANNIA.NS
2005-05-17,86.32499694824219,87.48999786376953,83.20500183105469,87.00499725341797,67.26167297363281,39650.0,BRITANNIA.NS
2005-05-18,86.0,86.9000015258789,85.7249984741211,86.30500030517578,66.72052764892578,19460.0,BRITANNIA.NS
2005-05-19,85.32499694824219,86.69499969482422,84.80000305175781,84.93000030517578,65.65753936767578,14360.0,BRITANNIA.NS
2005-05-20,85.69499969482422,85.69499969482422,84.0,84.51000213623047,65.3328628540039,15440.0,BRITANNIA.NS
2005-05-23,85.69999694824219,85.99500274658203,84.30000305175781,84.4800033569336,65.30966186523438,8820.0,BRITANNIA.NS
2005-05-24,85.4000015258789,85.5,83.05000305175781,83.79499816894531,64.78008270263672,12590.0,BRITANNIA.NS
2005-05-25,85.0,86.57499694824219,84.94999694824219,85.1050033569336,65.79283142089844,38150.0,BRITANNIA.NS
2005-05-26,87.4000015258789,87.4000015258789,85.1500015258789,85.55999755859375,66.14458465576172,57930.0,BRITANNIA.NS
2005-05-27,85.00499725341797,86.5,84.0,85.5199966430664,66.1136703491211,42470.0,BRITANNIA.NS
2005-05-30,85.0,86.80000305175781,84.66000366210938,86.0199966430664,66.50019836425781,61310.0,BRITANNIA.NS
2005-05-31,86.99500274658203,86.99500274658203,86.05999755859375,86.61000061035156,66.9563217163086,36000.0,BRITANNIA.NS
2005-06-01,86.80000305175781,87.4800033569336,86.5,86.66999816894531,67.00270080566406,22910.0,BRITANNIA.NS
2005-06-02,87.0,87.98999786376953,86.5,86.69999694824219,67.02587127685547,91480.0,BRITANNIA.NS
2005-06-03,87.49500274658203,87.49500274658203,86.19499969482422,87.0999984741211,67.33512115478516,47920.0,BRITANNIA.NS
2005-06-06,87.69000244140625,87.69000244140625,86.5999984741211,87.51000213623047,67.65209197998047,23500.0,BRITANNIA.NS
2005-06-07,87.5,87.75,86.7699966430664,87.32499694824219,67.50907135009766,27350.0,BRITANNIA.NS
2005-06-08,87.39500427246094,87.79499816894531,87.39500427246094,87.70500183105469,67.80284881591797,26670.0,BRITANNIA.NS
2005-06-09,87.69999694824219,87.8499984741211,87.5,87.69999694824219,67.7989730834961,7930.0,BRITANNIA.NS
2005-06-10,87.20999908447266,89.80000305175781,87.20999908447266,89.02999877929688,68.8271713256836,33630.0,BRITANNIA.NS
2005-06-13,90.0,90.0,88.19999694824219,88.55500030517578,68.45995330810547,18840.0,BRITANNIA.NS
2005-06-14,88.51499938964844,89.26000213623047,88.5,88.5,68.41744232177734,19180.0,BRITANNIA.NS
2005-06-15,88.9000015258789,90.9000015258789,88.89500427246094,90.58499908447266,70.0293197631836,136800.0,BRITANNIA.NS
2005-06-16,90.98999786376953,90.98999786376953,89.82499694824219,90.19999694824219,69.73165893554688,40580.0,BRITANNIA.NS
2005-06-17,91.47000122070312,91.47000122070312,89.6500015258789,90.09500122070312,69.65049743652344,48500.0,BRITANNIA.NS
2005-06-20,89.5,90.69999694824219,88.5,90.51000213623047,69.9713134765625,41360.0,BRITANNIA.NS
2005-06-21,90.02999877929688,90.5,90.0,90.36500549316406,69.8592300415039,42410.0,BRITANNIA.NS
2005-06-22,90.0,90.80000305175781,90.0,90.1500015258789,69.69300842285156,226500.0,BRITANNIA.NS
2005-06-23,90.4000015258789,90.5,90.0,90.11000061035156,69.66210174560547,131070.0,BRITANNIA.NS
2005-06-24,90.00499725341797,90.99500274658203,90.0,90.45500183105469,69.9288101196289,19030.0,BRITANNIA.NS
2005-06-27,90.88499450683594,91.5,90.01000213623047,90.74500274658203,70.15301513671875,69860.0,BRITANNIA.NS
2005-06-28,91.80000305175781,91.80000305175781,90.19999694824219,90.33499908447266,69.83605194091797,22940.0,BRITANNIA.NS
2005-06-29,90.5999984741211,90.9000015258789,90.30000305175781,90.73999786376953,70.14913177490234,12930.0,BRITANNIA.NS
2005-06-30,91.5,91.5,90.33000183105469,90.625,70.06024169921875,18150.0,BRITANNIA.NS
2005-07-01,91.0,91.0999984741211,90.5999984741211,90.63499450683594,70.06795501708984,4360.0,BRITANNIA.NS
2005-07-04,91.75,92.0999984741211,90.5999984741211,91.86000061035156,71.01496887207031,12840.0,BRITANNIA.NS
2005-07-05,89.0,93.5,89.0,92.50499725341797,71.51361846923828,79290.0,BRITANNIA.NS
2005-07-06,95.5,95.5,92.61000061035156,93.02999877929688,71.91949462890625,38440.0,BRITANNIA.NS
2005-07-07,93.5,95.5,92.80000305175781,93.625,72.37946319580078,45640.0,BRITANNIA.NS
2005-07-08,93.5,94.02999877929688,92.0,93.50499725341797,73.3840103149414,28720.0,BRITANNIA.NS
2005-07-11,93.97000122070312,94.19999694824219,93.5,93.5,73.3801040649414,59060.0,BRITANNIA.NS
2005-07-12,93.94999694824219,94.3499984741211,93.5,94.07499694824219,73.83136749267578,311430.0,BRITANNIA.NS
2005-07-13,90.50499725341797,94.98999786376953,90.50499725341797,94.45500183105469,74.12960815429688,31210.0,BRITANNIA.NS
2005-07-14,94.69499969482422,96.30000305175781,94.0,95.80999755859375,75.1930160522461,52450.0,BRITANNIA.NS
2005-07-15,91.11000061035156,96.94999694824219,91.11000061035156,96.7300033569336,75.91504669189453,43270.0,BRITANNIA.NS
2005-07-18,96.9000015258789,97.98999786376953,95.51000213623047,97.6050033569336,76.60176849365234,71380.0,BRITANNIA.NS
2005-07-19,96.06500244140625,98.5,96.06500244140625,97.90499877929688,76.83719635009766,24370.0,BRITANNIA.NS
2005-07-20,98.79000091552734,100.19999694824219,96.80000305175781,99.91999816894531,78.41861724853516,185450.0,BRITANNIA.NS
2005-07-21,100.30000305175781,106.0,99.99500274658203,104.4800033569336,81.99736785888672,123120.0,BRITANNIA.NS
2005-07-22,102.5,105.0,101.50499725341797,102.51000213623047,80.4512710571289,38800.0,BRITANNIA.NS
2005-07-25,103.0,104.79499816894531,98.0,99.06500244140625,77.74758911132812,63350.0,BRITANNIA.NS
2005-07-26,101.0,101.0,99.5999984741211,100.08999633789062,78.55201721191406,45270.0,BRITANNIA.NS
2005-07-27,100.5,101.0,100.0,100.51499938964844,78.88558197021484,38350.0,BRITANNIA.NS
2005-07-28,100.51499938964844,100.51499938964844,100.51499938964844,100.51499938964844,78.88558197021484,0.0,BRITANNIA.NS
2005-07-29,100.5,100.9000015258789,100.0,100.5250015258789,78.89342498779297,118180.0,BRITANNIA.NS
2005-08-01,101.0,101.5,100.0,100.86000061035156,79.15632629394531,49410.0,BRITANNIA.NS
2005-08-02,101.0,101.04000091552734,100.19999694824219,100.7750015258789,79.08965301513672,31030.0,BRITANNIA.NS
2005-08-03,102.0,102.0,96.80000305175781,100.01000213623047,78.48924255371094,61830.0,BRITANNIA.NS
2005-08-04,100.9000015258789,103.0,100.19999694824219,102.13999938964844,80.16089630126953,71350.0,BRITANNIA.NS
2005-08-05,102.30000305175781,105.5,100.80999755859375,103.41999816894531,81.16545104980469,213750.0,BRITANNIA.NS
2005-08-08,103.50499725341797,105.98999786376953,103.50499725341797,105.08000183105469,82.46825408935547,124000.0,BRITANNIA.NS
2005-08-09,105.0,106.19999694824219,103.5,105.41000366210938,82.72723388671875,124110.0,BRITANNIA.NS
2005-08-10,104.0999984741211,107.30000305175781,104.0999984741211,106.75499725341797,83.78279876708984,99980.0,BRITANNIA.NS
2005-08-11,106.69999694824219,107.80000305175781,106.51000213623047,107.51000213623047,84.37533569335938,21290.0,BRITANNIA.NS
2005-08-12,107.5,108.9000015258789,103.24500274658203,105.06999969482422,82.46038818359375,27560.0,BRITANNIA.NS
2005-08-16,105.0999984741211,114.0,104.5,111.04000091552734,87.14574432373047,280080.0,BRITANNIA.NS
2005-08-17,113.80000305175781,113.80000305175781,110.0999984741211,110.67500305175781,86.85928344726562,17360.0,BRITANNIA.NS
2005-08-18,113.29499816894531,113.4000015258789,108.0,109.625,86.03522491455078,14430.0,BRITANNIA.NS
2005-08-19,110.0,112.0,109.5,109.72000122070312,86.10977935791016,17600.0,BRITANNIA.NS
2005-08-22,111.0,112.5,107.5999984741211,109.96499633789062,86.30204772949219,26180.0,BRITANNIA.NS
2005-08-23,115.5999984741211,115.5999984741211,102.99500274658203,104.70999908447266,82.17786407470703,41310.0,BRITANNIA.NS
2005-08-24,104.69999694824219,106.48999786376953,104.0,105.19000244140625,82.55458068847656,47720.0,BRITANNIA.NS
2005-08-25,106.69999694824219,109.5,105.5,108.43499755859375,85.1012954711914,64280.0,BRITANNIA.NS
2005-08-26,108.50499725341797,116.51000213623047,108.50499725341797,112.37999725341797,88.19739532470703,24920.0,BRITANNIA.NS
2005-08-29,113.0,115.5,108.20500183105469,114.875,90.1554946899414,35630.0,BRITANNIA.NS
2005-08-30,113.6050033569336,115.0,113.6050033569336,114.79499816894531,90.09269714355469,14860.0,BRITANNIA.NS
2005-08-31,113.0,115.5,113.0,115.20999908447266,90.41841125488281,45660.0,BRITANNIA.NS
2005-09-01,116.80000305175781,119.80000305175781,115.0,119.03500366210938,93.42033386230469,42210.0,BRITANNIA.NS
2005-09-02,118.0999984741211,122.0,117.5999984741211,121.44999694824219,95.3156509399414,75200.0,BRITANNIA.NS
2005-09-05,120.80000305175781,120.80000305175781,117.51000213623047,118.49500274658203,92.99653625488281,13150.0,BRITANNIA.NS
2005-09-06,120.0,124.0,118.50499725341797,121.7300033569336,95.53539276123047,35620.0,BRITANNIA.NS
2005-09-08,119.5,122.0,119.5,120.19499969482422,94.33069610595703,34440.0,BRITANNIA.NS
2005-09-09,120.4000015258789,121.0,119.69999694824219,120.30500030517578,94.41703796386719,19980.0,BRITANNIA.NS
2005-09-12,120.0,122.98500061035156,119.5,120.08499908447266,94.24437713623047,58920.0,BRITANNIA.NS
2005-09-13,117.70999908447266,120.88500213623047,117.70999908447266,120.18499755859375,94.3228530883789,22200.0,BRITANNIA.NS
2005-09-14,120.05000305175781,120.87000274658203,119.99500274658203,120.0,94.17768096923828,103530.0,BRITANNIA.NS
2005-09-15,124.5,124.5,120.0,120.03500366210938,94.20513916015625,31450.0,BRITANNIA.NS
2005-09-16,120.0,122.5,120.0,121.04000091552734,94.99388122558594,22370.0,BRITANNIA.NS
2005-09-19,126.30000305175781,128.0,112.5,115.62000274658203,90.74018859863281,195310.0,BRITANNIA.NS
2005-09-20,118.49500274658203,120.87000274658203,116.0,120.04000091552734,94.20906829833984,125020.0,BRITANNIA.NS
2005-09-21,120.0999984741211,121.0,119.9749984741211,120.27999877929688,94.39741516113281,106300.0,BRITANNIA.NS
2005-09-22,120.19999694824219,120.59500122070312,120.0,120.0999984741211,94.25615692138672,83050.0,BRITANNIA.NS
2005-09-23,120.00499725341797,120.67500305175781,119.5,119.97000122070312,94.15414428710938,115530.0,BRITANNIA.NS
2005-09-26,121.0999984741211,121.5999984741211,120.0,121.42500305175781,95.2960205078125,21000.0,BRITANNIA.NS
2005-09-27,121.5,122.0,121.0,121.91500091552734,95.68060302734375,22820.0,BRITANNIA.NS
2005-09-28,121.11000061035156,122.0,121.0,121.3949966430664,95.27247619628906,10520.0,BRITANNIA.NS
2005-09-29,122.6050033569336,145.6750030517578,122.6050033569336,131.8800048828125,103.50127410888672,1742860.0,BRITANNIA.NS
2005-09-30,133.5,133.5,124.12999725341797,125.74500274658203,98.68643188476562,205980.0,BRITANNIA.NS
2005-10-03,124.9000015258789,134.6999969482422,121.5,124.38999938964844,97.62300109863281,340310.0,BRITANNIA.NS
2005-10-04,126.19999694824219,132.0,126.19999694824219,127.43000030517578,100.00885009765625,108180.0,BRITANNIA.NS
2005-10-05,122.55500030517578,131.0,122.55500030517578,124.77999877929688,97.92908477783203,94710.0,BRITANNIA.NS
2005-10-06,125.30000305175781,126.99500274658203,123.5,124.73999786376953,97.89768981933594,45060.0,BRITANNIA.NS
2005-10-07,126.69999694824219,126.69999694824219,122.0,122.63500213623047,96.24565887451172,34040.0,BRITANNIA.NS
2005-10-10,124.98999786376953,127.98999786376953,122.0,125.70999908447266,98.65896606445312,71050.0,BRITANNIA.NS
2005-10-11,128.0500030517578,128.0500030517578,123.2300033569336,124.74500274658203,97.90160369873047,40500.0,BRITANNIA.NS
2005-10-13,124.69999694824219,126.0,121.30000305175781,122.125,95.84538269042969,22750.0,BRITANNIA.NS
2005-10-14,119.0999984741211,123.19499969482422,118.0,120.0199966430664,94.193359375,42720.0,BRITANNIA.NS
2005-10-17,125.0,125.5,120.0,120.05999755859375,94.22476196289062,29540.0,BRITANNIA.NS
2005-10-18,121.9000015258789,124.5,120.61499786376953,122.92500305175781,96.47323608398438,48040.0,BRITANNIA.NS
2005-10-19,116.4000015258789,123.4800033569336,116.4000015258789,117.62000274658203,92.30982971191406,27770.0,BRITANNIA.NS
2005-10-20,116.19999694824219,122.88999938964844,110.00499725341797,113.98999786376953,89.46094512939453,38900.0,BRITANNIA.NS
2005-10-21,112.5,118.9000015258789,112.5,117.49500274658203,92.21171569824219,17070.0,BRITANNIA.NS
2005-10-24,119.125,119.125,116.0250015258789,118.83499908447266,93.26335144042969,12960.0,BRITANNIA.NS
2005-10-25,115.5,120.98999786376953,115.5,117.29499816894531,92.05474853515625,21480.0,BRITANNIA.NS
2005-10-26,119.25,119.2750015258789,113.19999694824219,114.18499755859375,89.61398315429688,14720.0,BRITANNIA.NS
2005-10-27,114.69999694824219,116.9000015258789,114.69999694824219,116.04499816894531,91.07373046875,31500.0,BRITANNIA.NS
2005-10-28,116.0,118.8949966430664,115.23500061035156,115.9000015258789,90.95995330810547,315470.0,BRITANNIA.NS
2005-10-31,116.0,122.5,115.50499725341797,120.65499877929688,94.69172668457031,54850.0,BRITANNIA.NS
2005-11-02,120.0,122.49500274658203,116.92500305175781,122.17500305175781,95.8846435546875,33170.0,BRITANNIA.NS
2005-11-04,122.17500305175781,122.17500305175781,122.17500305175781,122.17500305175781,95.8846435546875,0.0,BRITANNIA.NS
2005-11-07,122.9000015258789,124.5,122.4000015258789,123.7249984741211,97.10108947753906,152730.0,BRITANNIA.NS
2005-11-08,124.99500274658203,126.0,123.69999694824219,125.65499877929688,98.61579132080078,37800.0,BRITANNIA.NS
2005-11-09,125.95999908447266,126.30000305175781,123.5,124.36499786376953,97.6033935546875,102470.0,BRITANNIA.NS
2005-11-10,126.0,127.49500274658203,120.0999984741211,123.79000091552734,97.15211486816406,45860.0,BRITANNIA.NS
2005-11-11,115.68000030517578,129.3000030517578,115.68000030517578,125.56999969482422,98.5490951538086,28290.0,BRITANNIA.NS
2005-11-14,126.25,126.30000305175781,121.19999694824219,123.01499938964844,96.54387664794922,34940.0,BRITANNIA.NS
2005-11-16,124.79000091552734,124.99500274658203,121.625,123.2300033569336,96.71261596679688,37080.0,BRITANNIA.NS
2005-11-17,124.0,126.5,122.50499725341797,125.45500183105469,98.45883178710938,179230.0,BRITANNIA.NS
2005-11-18,123.86499786376953,125.5,123.80000305175781,123.94999694824219,97.27767944335938,112520.0,BRITANNIA.NS
2005-11-21,125.79499816894531,125.79499816894531,121.5,121.88500213623047,95.65705108642578,53120.0,BRITANNIA.NS
2005-11-22,123.58499908447266,124.0,121.01000213623047,122.76499938964844,96.34766387939453,61260.0,BRITANNIA.NS
2005-11-23,124.0,124.0,121.5,122.28500366210938,95.9709701538086,5450.0,BRITANNIA.NS
2005-11-24,122.9000015258789,122.9000015258789,118.80000305175781,120.37999725341797,94.47587585449219,33730.0,BRITANNIA.NS
2005-11-25,117.20999908447266,122.87999725341797,117.20999908447266,121.3550033569336,95.24108123779297,21150.0,BRITANNIA.NS
2005-11-28,122.4000015258789,126.0,122.0999984741211,125.43000030517578,98.439208984375,79670.0,BRITANNIA.NS
2005-11-29,130.0,130.0,124.00499725341797,126.0999984741211,98.96504974365234,1201780.0,BRITANNIA.NS
2005-11-30,129.59500122070312,129.59500122070312,124.0,124.87000274658203,97.99972534179688,44740.0,BRITANNIA.NS
2005-12-01,125.05000305175781,126.5,125.0,126.0250015258789,98.90616607666016,51170.0,BRITANNIA.NS
2005-12-02,126.5,128.75,125.0,126.54000091552734,99.31034851074219,69090.0,BRITANNIA.NS
2005-12-05,126.30000305175781,127.79499816894531,126.0999984741211,126.37999725341797,99.18478393554688,59000.0,BRITANNIA.NS
2005-12-06,125.9000015258789,126.9000015258789,125.9000015258789,126.71499633789062,99.44769287109375,22770.0,BRITANNIA.NS
2005-12-07,126.0,127.69999694824219,126.0,127.47000122070312,100.04024505615234,40610.0,BRITANNIA.NS
2005-12-08,126.81999969482422,130.0,126.81999969482422,129.11500549316406,101.33125305175781,43630.0,BRITANNIA.NS
2005-12-09,126.1500015258789,137.0,126.1500015258789,133.625,104.8707504272461,80430.0,BRITANNIA.NS
2005-12-12,134.0,138.76499938964844,130.0,130.36000061035156,102.30833435058594,32450.0,BRITANNIA.NS
2005-12-13,134.5,134.5,131.0800018310547,132.00999450683594,103.60330200195312,23020.0,BRITANNIA.NS
2005-12-14,128.39999389648438,132.5,128.39999389648438,130.3249969482422,102.28087615966797,49870.0,BRITANNIA.NS
2005-12-15,131.27499389648438,131.27499389648438,127.5,128.4149932861328,100.7818603515625,24090.0,BRITANNIA.NS
2005-12-16,130.49000549316406,130.8000030517578,127.75,129.7899932861328,101.86100006103516,44870.0,BRITANNIA.NS
2005-12-19,125.19999694824219,133.1699981689453,125.19999694824219,130.78500366210938,102.64188385009766,72740.0,BRITANNIA.NS
2005-12-20,131.85499572753906,131.85499572753906,128.0,129.69000244140625,101.78252410888672,23380.0,BRITANNIA.NS
2005-12-21,134.0,134.0,122.5,129.86000061035156,101.91594696044922,43790.0,BRITANNIA.NS
2005-12-22,127.62000274658203,131.0,127.62000274658203,130.7550048828125,102.61833953857422,21480.0,BRITANNIA.NS
2005-12-23,130.60000610351562,131.27000427246094,130.5,130.97999572753906,102.79492950439453,61540.0,BRITANNIA.NS
2005-12-26,126.55500030517578,131.39999389648438,126.55500030517578,130.5850067138672,102.48493194580078,31410.0,BRITANNIA.NS
2005-12-27,128.10000610351562,132.4600067138672,128.10000610351562,132.0749969482422,103.654296875,363520.0,BRITANNIA.NS
2005-12-28,131.50999450683594,132.74000549316406,131.5,132.3300018310547,103.85441589355469,58810.0,BRITANNIA.NS
2005-12-29,132.35000610351562,135.1999969482422,132.35000610351562,134.1300048828125,105.26708221435547,234690.0,BRITANNIA.NS
2005-12-30,134.0050048828125,136.8000030517578,134.0,136.02499389648438,106.75431060791016,50230.0,BRITANNIA.NS
2006-01-02,134.50999450683594,138.9949951171875,134.50999450683594,137.6300048828125,108.01394653320312,19090.0,BRITANNIA.NS
2006-01-03,138.88999938964844,140.99000549316406,135.4499969482422,140.11500549316406,109.96420288085938,51410.0,BRITANNIA.NS
2006-01-04,137.8000030517578,141.89500427246094,137.8000030517578,140.02499389648438,109.8935546875,17570.0,BRITANNIA.NS
2006-01-05,140.0,141.39500427246094,140.0,140.00999450683594,109.88179016113281,109950.0,BRITANNIA.NS
2006-01-06,140.10000610351562,154.8000030517578,140.10000610351562,145.97000122070312,114.55931091308594,209960.0,BRITANNIA.NS
2006-01-09,144.13999938964844,152.0,144.13999938964844,151.34500122070312,118.77766418457031,46480.0,BRITANNIA.NS
2006-01-10,152.0,152.7899932861328,150.0,152.13499450683594,119.39763641357422,30350.0,BRITANNIA.NS
2006-01-12,150.0,153.8000030517578,150.0,150.2449951171875,117.91433715820312,43370.0,BRITANNIA.NS
2006-01-13,149.30499267578125,151.3699951171875,149.30499267578125,150.94500732421875,118.46376037597656,17890.0,BRITANNIA.NS
2006-01-16,150.0,151.99000549316406,148.875,150.5050048828125,118.1183853149414,21750.0,BRITANNIA.NS
2006-01-17,151.0,152.0,149.0,149.2550048828125,117.13736724853516,10790.0,BRITANNIA.NS
2006-01-18,148.1999969482422,152.5,148.1999969482422,151.78500366210938,119.12297058105469,32480.0,BRITANNIA.NS
2006-01-19,156.88999938964844,156.88999938964844,149.0,149.25,117.13348388671875,7660.0,BRITANNIA.NS
2006-01-20,153.39999389648438,153.39999389648438,151.15499877929688,152.52000427246094,119.69982147216797,146270.0,BRITANNIA.NS
2006-01-23,150.1199951171875,151.89999389648438,150.11500549316406,151.10000610351562,118.58540344238281,5390.0,BRITANNIA.NS
2006-01-24,150.0,151.5,148.5,148.7100067138672,116.70967102050781,6910.0,BRITANNIA.NS
2006-01-25,151.5,152.875,146.52499389648438,148.09500122070312,116.22698974609375,12090.0,BRITANNIA.NS
2006-01-27,148.4949951171875,150.0,146.42999267578125,148.9149932861328,116.87053680419922,66370.0,BRITANNIA.NS
2006-01-30,148.7949981689453,148.8000030517578,144.0,146.4199981689453,114.91246795654297,40710.0,BRITANNIA.NS
2006-01-31,149.99000549316406,149.99000549316406,146.5050048828125,147.31500244140625,115.61483001708984,188500.0,BRITANNIA.NS
2006-02-01,146.5,149.7949981689453,146.5,148.6649932861328,116.67435455322266,64540.0,BRITANNIA.NS
2006-02-02,148.59500122070312,149.99000549316406,145.3000030517578,149.6300048828125,117.43170928955078,68800.0,BRITANNIA.NS
2006-02-03,149.9949951171875,151.5,148.2050018310547,151.31500244140625,118.75409698486328,62530.0,BRITANNIA.NS
2006-02-06,151.0,152.6999969482422,149.55999755859375,152.4250030517578,119.6252670288086,34850.0,BRITANNIA.NS
2006-02-07,153.99000549316406,153.99000549316406,149.03500366210938,152.05499267578125,119.33487701416016,38740.0,BRITANNIA.NS
2006-02-08,148.6300048828125,152.5,148.6300048828125,152.10000610351562,119.37023162841797,62850.0,BRITANNIA.NS
2006-02-10,150.0,155.0,150.0,154.08999633789062,120.93196868896484,47360.0,BRITANNIA.NS
2006-02-13,150.08999633789062,154.89500427246094,150.08999633789062,152.02499389648438,119.31132507324219,21070.0,BRITANNIA.NS
2006-02-14,150.0,153.4949951171875,150.0,152.49000549316406,119.67625427246094,74950.0,BRITANNIA.NS
2006-02-15,150.0,153.39500427246094,150.0,152.0800018310547,119.35447692871094,13700.0,BRITANNIA.NS
2006-02-16,151.0,152.48500061035156,150.0,152.0,119.29169464111328,16070.0,BRITANNIA.NS
2006-02-17,152.98500061035156,154.0,148.75999450683594,152.9149932861328,120.00983428955078,22880.0,BRITANNIA.NS
2006-02-20,150.10499572753906,151.0,147.0,148.80499267578125,116.78422546386719,17990.0,BRITANNIA.NS
2006-02-21,149.99000549316406,152.39999389648438,148.0,151.88499450683594,119.20146179199219,55330.0,BRITANNIA.NS
2006-02-22,154.94500732421875,155.39999389648438,146.22999572753906,151.64500427246094,119.01312255859375,62210.0,BRITANNIA.NS
2006-02-23,152.5,152.89500427246094,150.67999267578125,152.09500122070312,119.36626434326172,42330.0,BRITANNIA.NS
2006-02-24,148.10000610351562,151.88499450683594,148.10000610351562,150.3000030517578,117.95752716064453,16330.0,BRITANNIA.NS
2006-02-27,145.66000366210938,156.0,145.66000366210938,154.3699951171875,121.15169525146484,40190.0,BRITANNIA.NS
2006-02-28,153.0,153.3000030517578,151.10000610351562,151.97000122070312,119.26817321777344,25580.0,BRITANNIA.NS
2006-03-01,152.1999969482422,162.0,152.10000610351562,160.80499267578125,126.20198822021484,84330.0,BRITANNIA.NS
2006-03-02,162.85000610351562,169.8000030517578,162.85000610351562,167.3800048828125,131.36216735839844,64790.0,BRITANNIA.NS
2006-03-03,161.0,169.3000030517578,161.0,167.90499877929688,131.774169921875,21600.0,BRITANNIA.NS
2006-03-06,170.0,176.85000610351562,168.10000610351562,173.74000549316406,136.35354614257812,398190.0,BRITANNIA.NS
2006-03-07,164.25999450683594,175.0,164.25999450683594,172.0850067138672,135.05470275878906,54380.0,BRITANNIA.NS
2006-03-08,165.5,175.0,165.0050048828125,165.69000244140625,130.03579711914062,87520.0,BRITANNIA.NS
2006-03-09,166.0,171.9949951171875,164.9949951171875,170.0,133.41835021972656,878000.0,BRITANNIA.NS
2006-03-10,166.3300018310547,173.59500122070312,166.3300018310547,170.0800018310547,133.481201171875,33470.0,BRITANNIA.NS
2006-03-13,168.0,177.5,168.0,174.88999938964844,137.25608825683594,49280.0,BRITANNIA.NS
2006-03-14,175.5,176.0,172.11000061035156,175.7949981689453,137.96633911132812,35410.0,BRITANNIA.NS
2006-03-16,174.39999389648438,176.0,172.5,175.125,137.4405517578125,23420.0,BRITANNIA.NS
2006-03-17,175.125,175.5,169.66000366210938,170.93499755859375,134.1521759033203,61760.0,BRITANNIA.NS
2006-03-20,174.8000030517578,176.0,172.5,174.7550048828125,137.150146484375,31720.0,BRITANNIA.NS
2006-03-21,175.0,180.5,173.11500549316406,177.03500366210938,138.9395294189453,61340.0,BRITANNIA.NS
2006-03-22,180.0,180.0,169.00999450683594,170.46499633789062,133.78330993652344,34500.0,BRITANNIA.NS
2006-03-23,171.0,177.1999969482422,171.0,173.3699951171875,136.0631866455078,59330.0,BRITANNIA.NS
2006-03-24,174.6999969482422,176.0,171.10000610351562,174.92999267578125,137.28750610351562,102740.0,BRITANNIA.NS
2006-03-27,171.10000610351562,175.9949951171875,171.10000610351562,175.0399932861328,137.3738250732422,37800.0,BRITANNIA.NS
2006-03-28,172.60000610351562,175.35000610351562,171.89999389648438,173.21499633789062,135.94155883789062,32440.0,BRITANNIA.NS
2006-03-29,174.0,174.0,171.0,171.375,134.49746704101562,12650.0,BRITANNIA.NS
2006-03-30,173.5,176.0,171.61000061035156,175.4600067138672,137.70346069335938,51630.0,BRITANNIA.NS
2006-03-31,171.0,179.5,167.14999389648438,178.3249969482422,139.95193481445312,53850.0,BRITANNIA.NS
2006-04-03,172.0,195.0,172.0,189.9199981689453,149.05181884765625,75450.0,BRITANNIA.NS
2006-04-04,188.0,191.8000030517578,184.0,187.83999633789062,147.41943359375,35390.0,BRITANNIA.NS
2006-04-05,183.0,196.0,183.0,184.66000366210938,144.9237518310547,53910.0,BRITANNIA.NS
2006-04-07,189.8699951171875,192.0,185.1999969482422,188.2949981689453,147.77655029296875,123360.0,BRITANNIA.NS
2006-04-10,180.5,189.5,180.5,185.71499633789062,145.751708984375,25740.0,BRITANNIA.NS
2006-04-12,186.0,186.49000549316406,176.60000610351562,180.66000366210938,141.78448486328125,41950.0,BRITANNIA.NS
2006-04-13,185.49000549316406,185.49000549316406,175.0,176.4250030517578,138.4608154296875,17130.0,BRITANNIA.NS
2006-04-17,180.0,181.07000732421875,178.1999969482422,180.63499450683594,141.76483154296875,17020.0,BRITANNIA.NS
2006-04-18,181.8000030517578,183.85499572753906,180.0,180.52000427246094,141.6746063232422,9110.0,BRITANNIA.NS
2006-04-19,180.01499938964844,182.77000427246094,177.5,178.80999755859375,140.33258056640625,44820.0,BRITANNIA.NS
2006-04-20,178.8000030517578,182.13499450683594,178.8000030517578,180.61000061035156,141.74520874023438,17160.0,BRITANNIA.NS
2006-04-21,181.0,182.0,173.07000732421875,179.75,141.07029724121094,143320.0,BRITANNIA.NS
2006-04-24,174.0,182.88999938964844,174.0,174.71499633789062,137.11875915527344,42500.0,BRITANNIA.NS
2006-04-25,179.97999572753906,179.97999572753906,166.0,166.92999267578125,131.00897216796875,44560.0,BRITANNIA.NS
2006-04-26,173.88999938964844,173.88999938964844,167.5050048828125,172.5,135.38038635253906,65450.0,BRITANNIA.NS
2006-04-27,174.89999389648438,184.99000549316406,172.0,173.31500244140625,136.02001953125,22160.0,BRITANNIA.NS
2006-04-28,167.61500549316406,173.9949951171875,167.61500549316406,172.5500030517578,135.419677734375,44920.0,BRITANNIA.NS
2006-05-02,183.97500610351562,183.97500610351562,173.0050048828125,179.9199981689453,141.20370483398438,52760.0,BRITANNIA.NS
2006-05-03,174.22500610351562,180.0,174.22500610351562,175.68499755859375,137.8800506591797,14380.0,BRITANNIA.NS
2006-05-04,176.0,177.5,173.0,176.39999389648438,138.44117736816406,76440.0,BRITANNIA.NS
2006-05-05,177.5,178.78500366210938,176.0050048828125,177.15499877929688,139.03369140625,26100.0,BRITANNIA.NS
2006-05-08,186.0,186.0,176.65499877929688,178.59500122070312,140.16384887695312,7250.0,BRITANNIA.NS
2006-05-09,178.8000030517578,179.0,176.60000610351562,176.77000427246094,138.73155212402344,27330.0,BRITANNIA.NS
2006-05-10,179.02999877929688,179.02999877929688,174.1199951171875,174.84500122070312,137.22079467773438,12200.0,BRITANNIA.NS
2006-05-11,176.0,176.0,169.10000610351562,170.24000549316406,133.6067352294922,15010.0,BRITANNIA.NS
2006-05-12,170.0,172.48500061035156,165.2050018310547,167.17999267578125,131.20518493652344,17620.0,BRITANNIA.NS
2006-05-15,165.30499267578125,170.9949951171875,163.5,165.0800018310547,129.55706787109375,14040.0,BRITANNIA.NS
2006-05-16,165.0,165.9949951171875,151.10000610351562,157.125,123.31390380859375,30280.0,BRITANNIA.NS
2006-05-17,175.0,175.0,158.1199951171875,161.0749969482422,126.41389465332031,39460.0,BRITANNIA.NS
2006-05-18,160.0,160.0,149.0,152.52499389648438,119.70377349853516,42820.0,BRITANNIA.NS
2006-05-19,159.60000610351562,159.60000610351562,149.0,150.1649932861328,117.85160064697266,56320.0,BRITANNIA.NS
2006-05-22,149.5,150.0,120.5,147.10000610351562,115.44615173339844,55380.0,BRITANNIA.NS
2006-05-23,135.5,150.0,135.5,148.9250030517578,116.87841033935547,19870.0,BRITANNIA.NS
2006-05-24,150.0,152.47999572753906,145.1999969482422,148.19000244140625,116.30157470703125,7060.0,BRITANNIA.NS
2006-05-25,149.98500061035156,149.98500061035156,144.0,144.56500244140625,113.45663452148438,21580.0,BRITANNIA.NS
2006-05-26,145.2100067138672,154.63999938964844,145.2100067138672,146.8249969482422,115.23028564453125,7980.0,BRITANNIA.NS
2006-05-29,153.56500244140625,153.56500244140625,145.63999938964844,147.93499755859375,116.1014633178711,8690.0,BRITANNIA.NS
2006-05-30,146.0,151.86000061035156,145.0,145.35000610351562,114.07271575927734,3180.0,BRITANNIA.NS
2006-05-31,142.5,167.60000610351562,142.5,145.5850067138672,114.25714111328125,18450.0,BRITANNIA.NS
2006-06-01,150.0,150.0,142.5050048828125,144.56500244140625,113.45663452148438,29000.0,BRITANNIA.NS
2006-06-02,140.0,147.4949951171875,140.0,145.2550048828125,113.99815368652344,94510.0,BRITANNIA.NS
2006-06-05,143.6999969482422,146.875,137.5050048828125,138.06500244140625,108.35535430908203,13470.0,BRITANNIA.NS
2006-06-06,138.06500244140625,139.99000549316406,131.8300018310547,133.375,104.67456817626953,195020.0,BRITANNIA.NS
2006-06-07,148.5,148.5,113.05500030517578,127.30500030517578,99.9107437133789,37040.0,BRITANNIA.NS
2006-06-08,129.0,129.0,114.00499725341797,125.05500030517578,98.14488220214844,31880.0,BRITANNIA.NS
2006-06-09,116.0,129.0,116.0,124.95500183105469,98.06642150878906,18610.0,BRITANNIA.NS
2006-06-12,115.9000015258789,128.49000549316406,115.9000015258789,123.31500244140625,96.77932739257812,7030.0,BRITANNIA.NS
2006-06-13,121.0,127.0,117.5,122.16000366210938,95.87286376953125,40150.0,BRITANNIA.NS
2006-06-14,117.9000015258789,127.8949966430664,117.9000015258789,119.93499755859375,94.12667083740234,15380.0,BRITANNIA.NS
2006-06-15,120.0,125.7300033569336,117.69999694824219,123.02999877929688,96.5556640625,23140.0,BRITANNIA.NS
2006-06-16,124.88500213623047,134.9949951171875,122.5,128.5749969482422,100.90745544433594,23720.0,BRITANNIA.NS
2006-06-19,130.0,133.0500030517578,128.0,132.44500732421875,103.9447021484375,7130.0,BRITANNIA.NS
2006-06-20,139.2949981689453,139.2949981689453,125.1050033569336,129.10499572753906,101.32340240478516,7170.0,BRITANNIA.NS
2006-06-21,144.39999389648438,144.39999389648438,129.39999389648438,130.9149932861328,102.74388885498047,10080.0,BRITANNIA.NS
2006-06-22,139.8800048828125,144.5,125.0,127.80999755859375,100.30706787109375,73020.0,BRITANNIA.NS
2006-06-23,128.0,132.5,122.01000213623047,127.86000061035156,100.3462905883789,11290.0,BRITANNIA.NS
2006-06-26,130.0,130.0,123.11000061035156,124.5250015258789,97.72896575927734,9550.0,BRITANNIA.NS
2006-06-27,125.0,127.9000015258789,121.3499984741211,124.11499786376953,97.40717315673828,353490.0,BRITANNIA.NS
2006-06-28,116.61000061035156,124.48500061035156,116.61000061035156,121.0199966430664,94.97817993164062,8070.0,BRITANNIA.NS
2006-06-29,123.99500274658203,123.99500274658203,119.5,120.08999633789062,94.24829864501953,60070.0,BRITANNIA.NS
2006-06-30,123.5999984741211,124.8949966430664,119.0,119.86499786376953,94.07171630859375,44840.0,BRITANNIA.NS
2006-07-03,124.80000305175781,124.80000305175781,119.5,120.02999877929688,94.20121002197266,19210.0,BRITANNIA.NS
2006-07-04,121.9749984741211,121.9749984741211,119.5999984741211,120.67500305175781,94.70742797851562,17560.0,BRITANNIA.NS
2006-07-05,121.5,123.5999984741211,113.68000030517578,120.22000122070312,94.35033416748047,109890.0,BRITANNIA.NS
2006-07-06,120.0,122.69000244140625,118.11000061035156,119.19499969482422,93.5458984375,10310.0,BRITANNIA.NS
2006-07-07,120.0,120.99500274658203,116.0,117.7699966430664,92.42752838134766,83240.0,BRITANNIA.NS
2006-07-10,117.5,119.79499816894531,114.5,114.97000122070312,90.23005676269531,21470.0,BRITANNIA.NS
2006-07-11,117.0,117.0,112.51000213623047,113.125,88.78208923339844,28350.0,BRITANNIA.NS
2006-07-12,108.0999984741211,118.30000305175781,105.32499694824219,111.7249984741211,87.6833267211914,70450.0,BRITANNIA.NS
2006-07-13,114.69499969482422,115.69499969482422,112.0,115.26000213623047,90.45764923095703,27640.0,BRITANNIA.NS
2006-07-14,116.9000015258789,116.9000015258789,113.5,114.29000091552734,89.69639587402344,26140.0,BRITANNIA.NS
2006-07-17,114.19999694824219,116.40499877929688,110.01000213623047,111.63999938964844,87.61662292480469,32330.0,BRITANNIA.NS
2006-07-18,112.3949966430664,112.3949966430664,109.5,110.2300033569336,87.68822479248047,157400.0,BRITANNIA.NS
2006-07-19,112.49500274658203,112.49500274658203,110.0999984741211,110.83499908447266,88.16950988769531,34790.0,BRITANNIA.NS
2006-07-20,111.0999984741211,111.0999984741211,107.80000305175781,109.77999877929688,87.3302230834961,32620.0,BRITANNIA.NS
2006-07-21,109.19999694824219,109.25,106.5,107.51499938964844,85.5284423828125,44140.0,BRITANNIA.NS
2006-07-24,104.80000305175781,107.0,104.0,104.98500061035156,83.51580047607422,49060.0,BRITANNIA.NS
2006-07-25,107.69999694824219,107.69999694824219,102.8499984741211,105.04000091552734,83.55955505371094,76890.0,BRITANNIA.NS
2006-07-26,105.0,105.0,102.5,103.67500305175781,82.47370147705078,50890.0,BRITANNIA.NS
2006-07-27,108.0,108.0,104.0,104.70999908447266,83.29704284667969,48750.0,BRITANNIA.NS
2006-07-28,104.9000015258789,106.38500213623047,104.4000015258789,105.7249984741211,84.10445404052734,160710.0,BRITANNIA.NS
2006-07-31,106.5,111.0,105.5999984741211,109.56500244140625,87.15921020507812,90160.0,BRITANNIA.NS
2006-08-01,112.0,119.9000015258789,103.45999908447266,109.44999694824219,87.0677261352539,76400.0,BRITANNIA.NS
2006-08-02,112.69999694824219,112.69999694824219,108.5,109.5199966430664,87.12340545654297,121240.0,BRITANNIA.NS
2006-08-03,111.0,111.0,106.40499877929688,109.6500015258789,87.22683715820312,81420.0,BRITANNIA.NS
2006-08-04,111.0,111.0,109.15499877929688,109.61000061035156,87.19499969482422,32180.0,BRITANNIA.NS
2006-08-07,109.9800033569336,111.0,109.0250015258789,110.3550033569336,87.78765869140625,33500.0,BRITANNIA.NS
2006-08-08,112.49500274658203,115.80000305175781,111.19999694824219,114.1500015258789,90.80660247802734,57450.0,BRITANNIA.NS
2006-08-09,110.0,119.69499969482422,110.0,117.94999694824219,93.8294906616211,73390.0,BRITANNIA.NS
2006-08-10,121.0,127.19999694824219,117.44999694824219,118.02999877929688,93.89314270019531,59710.0,BRITANNIA.NS
2006-08-11,112.4000015258789,121.80000305175781,112.4000015258789,118.29000091552734,94.09996032714844,16660.0,BRITANNIA.NS
2006-08-14,119.98999786376953,119.99500274658203,118.5999984741211,118.7699966430664,94.48180389404297,31710.0,BRITANNIA.NS
2006-08-16,121.98999786376953,121.98999786376953,118.5,119.2699966430664,94.87955474853516,58030.0,BRITANNIA.NS
2006-08-17,119.99500274658203,121.0,117.4000015258789,118.04499816894531,93.90506744384766,350420.0,BRITANNIA.NS
2006-08-18,119.69999694824219,119.69999694824219,115.55500030517578,116.22000122070312,92.45328521728516,24210.0,BRITANNIA.NS
2006-08-21,119.9000015258789,119.9000015258789,114.30000305175781,114.8949966430664,91.39923858642578,29980.0,BRITANNIA.NS
2006-08-22,117.5,117.5,112.80000305175781,113.45999908447266,90.25768280029297,35140.0,BRITANNIA.NS
2006-08-23,114.30000305175781,115.0,111.80000305175781,112.38999938964844,89.40650177001953,31880.0,BRITANNIA.NS
2006-08-24,111.4000015258789,113.0,110.2300033569336,110.73500061035156,88.08995056152344,40640.0,BRITANNIA.NS
2006-08-25,112.58999633789062,113.98999786376953,111.1500015258789,111.66000366210938,88.82579803466797,35710.0,BRITANNIA.NS
2006-08-28,113.8949966430664,113.8949966430664,111.0,112.49500274658203,89.49002838134766,18490.0,BRITANNIA.NS
2006-08-29,113.87999725341797,113.88500213623047,109.69999694824219,110.13999938964844,87.61662292480469,90950.0,BRITANNIA.NS
2006-08-30,113.5,113.5,110.19999694824219,110.45999908447266,87.87120056152344,35570.0,BRITANNIA.NS
2006-08-31,111.8949966430664,111.8949966430664,105.50499725341797,107.54000091552734,85.54832458496094,108580.0,BRITANNIA.NS
2006-09-01,109.5,109.8949966430664,107.5,107.88999938964844,85.82672882080078,100210.0,BRITANNIA.NS
2006-09-04,104.19999694824219,109.80000305175781,104.19999694824219,107.26000213623047,85.3255844116211,121190.0,BRITANNIA.NS
2006-09-05,108.80000305175781,108.9000015258789,106.0,106.7699966430664,84.93576049804688,49560.0,BRITANNIA.NS
2006-09-06,107.9000015258789,107.98999786376953,105.5,105.7300033569336,84.10846710205078,61280.0,BRITANNIA.NS
2006-09-07,106.0,107.0,104.75,105.0199966430664,83.54365539550781,82810.0,BRITANNIA.NS
2006-09-08,106.4000015258789,106.98999786376953,103.51499938964844,104.25499725341797,82.9350814819336,86810.0,BRITANNIA.NS
2006-09-11,104.80000305175781,105.0,103.0,103.28500366210938,82.16345977783203,64750.0,BRITANNIA.NS
2006-09-12,120.98999786376953,120.98999786376953,102.5,104.44000244140625,83.08226013183594,76430.0,BRITANNIA.NS
2006-09-13,109.9000015258789,110.0,105.80000305175781,109.26499938964844,86.9205551147461,92360.0,BRITANNIA.NS
2006-09-14,110.5,113.0,109.01000213623047,110.01000213623047,87.5132064819336,101930.0,BRITANNIA.NS
2006-09-15,112.5,112.5,107.69999694824219,109.81999969482422,87.362060546875,77160.0,BRITANNIA.NS
2006-09-18,112.5,113.05000305175781,109.5999984741211,111.44000244140625,88.65078735351562,289580.0,BRITANNIA.NS
2006-09-19,112.0,112.49500274658203,109.5,110.11499786376953,87.59674835205078,64140.0,BRITANNIA.NS
2006-09-20,109.0,114.4000015258789,109.0,111.08499908447266,88.36837005615234,124410.0,BRITANNIA.NS
2006-09-21,111.19999694824219,112.04499816894531,111.19999694824219,111.36499786376953,88.59109497070312,41250.0,BRITANNIA.NS
2006-09-22,111.5999984741211,111.5999984741211,110.00499725341797,110.32499694824219,87.76378631591797,24190.0,BRITANNIA.NS
2006-09-25,111.0,111.0999984741211,109.11499786376953,109.18000030517578,86.85294342041016,33190.0,BRITANNIA.NS
2006-09-26,109.19999694824219,109.69000244140625,107.01000213623047,107.49500274658203,85.51252746582031,52450.0,BRITANNIA.NS
2006-09-27,108.5,109.44499969482422,107.44999694824219,108.19000244140625,86.0654067993164,91800.0,BRITANNIA.NS
2006-09-28,109.44999694824219,110.5,108.0999984741211,109.45500183105469,87.07170867919922,31220.0,BRITANNIA.NS
2006-09-29,109.0,113.69999694824219,108.87000274658203,111.3949966430664,88.61497497558594,183750.0,BRITANNIA.NS
2006-10-03,111.5,111.9800033569336,109.0,109.95500183105469,87.46944427490234,119460.0,BRITANNIA.NS
2006-10-04,111.80000305175781,115.19999694824219,109.19999694824219,112.54499816894531,89.52979278564453,112630.0,BRITANNIA.NS
2006-10-05,114.5999984741211,118.0999984741211,113.5,117.23500061035156,93.26072692871094,166940.0,BRITANNIA.NS
2006-10-06,118.30000305175781,119.80000305175781,116.20999908447266,118.79499816894531,94.50169372558594,102330.0,BRITANNIA.NS
2006-10-09,117.4000015258789,122.0,117.4000015258789,121.5199966430664,96.66943359375,86590.0,BRITANNIA.NS
2006-10-10,122.49500274658203,131.89999389648438,121.50499725341797,129.19500732421875,102.7749252319336,251790.0,BRITANNIA.NS
2006-10-11,130.89999389648438,132.0,126.0,128.5050048828125,102.22603607177734,182570.0,BRITANNIA.NS
2006-10-12,128.8000030517578,130.0,125.0999984741211,126.16500091552734,100.36454772949219,62340.0,BRITANNIA.NS
2006-10-13,128.39999389648438,130.0,126.80000305175781,128.8000030517578,102.46068572998047,83970.0,BRITANNIA.NS
2006-10-16,129.60000610351562,129.89500427246094,125.50499725341797,126.81500244140625,100.88162994384766,65230.0,BRITANNIA.NS
2006-10-17,127.0999984741211,127.6449966430664,124.20999908447266,124.90499877929688,99.36221313476562,47270.0,BRITANNIA.NS
2006-10-18,125.0,127.30000305175781,125.0,126.37999725341797,100.53557586669922,91990.0,BRITANNIA.NS
2006-10-19,126.5,129.10000610351562,125.01000213623047,126.80000305175781,100.86969757080078,111690.0,BRITANNIA.NS
2006-10-20,127.5,128.5,126.0199966430664,126.69000244140625,100.78219604492188,85680.0,BRITANNIA.NS
2006-10-23,129.88999938964844,129.88999938964844,126.0,126.56999969482422,100.68672180175781,26370.0,BRITANNIA.NS
2006-10-26,126.0,127.19999694824219,124.5999984741211,125.06500244140625,99.48948669433594,25570.0,BRITANNIA.NS
2006-10-27,126.0,127.0,124.55999755859375,125.2699966430664,99.6525650024414,32160.0,BRITANNIA.NS
2006-10-30,124.0,124.0,118.30000305175781,118.9800033569336,94.64888000488281,235870.0,BRITANNIA.NS
2006-10-31,120.5999984741211,122.83999633789062,113.22000122070312,114.375,90.98556518554688,122100.0,BRITANNIA.NS
2006-11-01,114.69999694824219,117.30000305175781,114.69999694824219,115.51499938964844,91.8924560546875,86400.0,BRITANNIA.NS
2006-11-02,114.5,118.5,114.5,116.11499786376953,92.3697509765625,76180.0,BRITANNIA.NS
2006-11-03,119.7699966430664,119.7699966430664,114.69999694824219,115.44999694824219,91.84072875976562,50550.0,BRITANNIA.NS
2006-11-06,115.0999984741211,115.4000015258789,113.0,113.37000274658203,90.18610382080078,95070.0,BRITANNIA.NS
2006-11-07,117.0,117.69999694824219,113.0,113.44000244140625,90.24179077148438,43560.0,BRITANNIA.NS
2006-11-08,113.80000305175781,114.05000305175781,110.5,111.0199966430664,88.31665802001953,59320.0,BRITANNIA.NS
2006-11-09,111.0,113.0,110.5,110.7249984741211,88.08199310302734,44480.0,BRITANNIA.NS
2006-11-10,107.9000015258789,112.80000305175781,107.9000015258789,112.05500030517578,89.1400146484375,57850.0,BRITANNIA.NS
2006-11-13,112.38999938964844,116.0,112.38999938964844,113.29000091552734,90.1224594116211,40990.0,BRITANNIA.NS
2006-11-14,114.80000305175781,115.0,113.0999984741211,114.51499938964844,91.09693908691406,61270.0,BRITANNIA.NS
2006-11-15,114.5,115.9800033569336,112.9000015258789,113.95500183105469,90.65147399902344,95140.0,BRITANNIA.NS
2006-11-16,114.0,114.9000015258789,111.19999694824219,113.7750015258789,90.50827026367188,77640.0,BRITANNIA.NS
2006-11-17,112.4000015258789,114.4000015258789,112.00499725341797,112.38500213623047,89.40251922607422,29960.0,BRITANNIA.NS
2006-11-20,112.0,112.0,109.0,110.68000030517578,88.04619598388672,29760.0,BRITANNIA.NS
2006-11-21,110.30000305175781,112.0,110.30000305175781,110.72000122070312,88.0780258178711,16930.0,BRITANNIA.NS
2006-11-22,112.48999786376953,112.48999786376953,110.0999984741211,111.29499816894531,88.53540802001953,74060.0,BRITANNIA.NS
2006-11-23,113.0,113.0,110.20500183105469,111.04499816894531,88.33655548095703,23750.0,BRITANNIA.NS
2006-11-24,112.29000091552734,112.29000091552734,111.0,111.49500274658203,88.69452667236328,75830.0,BRITANNIA.NS
2006-11-27,113.0,113.0,111.0,111.47000122070312,88.67463684082031,13180.0,BRITANNIA.NS
2006-11-28,111.0,112.0999984741211,111.0,111.28500366210938,88.52748107910156,24950.0,BRITANNIA.NS
2006-11-29,111.25,111.98999786376953,111.20500183105469,111.57499694824219,88.75817108154297,21580.0,BRITANNIA.NS
2006-11-30,111.5999984741211,113.80000305175781,111.5,112.58499908447266,89.5616226196289,40150.0,BRITANNIA.NS
2006-12-01,113.4000015258789,114.9000015258789,111.6050033569336,113.5,90.28950500488281,44320.0,BRITANNIA.NS
2006-12-04,114.0,114.9000015258789,112.0999984741211,114.07499694824219,90.74693298339844,34190.0,BRITANNIA.NS
2006-12-05,114.69999694824219,116.5,113.13500213623047,116.19000244140625,92.42943572998047,54970.0,BRITANNIA.NS
2006-12-06,115.0,116.0,114.6050033569336,115.38500213623047,91.78903198242188,25510.0,BRITANNIA.NS
2006-12-07,114.99500274658203,114.99500274658203,111.12000274658203,112.2699966430664,89.31104278564453,28600.0,BRITANNIA.NS
2006-12-08,112.5999984741211,115.0,112.41999816894531,113.29499816894531,90.12642669677734,28980.0,BRITANNIA.NS
2006-12-11,110.19999694824219,113.99500274658203,109.0,109.32499694824219,86.96829986572266,26700.0,BRITANNIA.NS
2006-12-12,109.30000305175781,112.87999725341797,105.5999984741211,110.04499816894531,87.54105377197266,84470.0,BRITANNIA.NS
2006-12-13,110.0,110.0,105.5250015258789,108.6500015258789,86.43132781982422,57070.0,BRITANNIA.NS
2006-12-14,111.0,117.0999984741211,110.0,115.31500244140625,91.73334503173828,100260.0,BRITANNIA.NS
2006-12-15,116.5,119.0999984741211,112.62999725341797,113.5250015258789,90.30938720703125,35240.0,BRITANNIA.NS
2006-12-18,119.0,120.0,112.0,113.3949966430664,90.20599365234375,19290.0,BRITANNIA.NS
2006-12-19,111.9000015258789,115.5999984741211,111.19999694824219,112.9800033569336,89.87586975097656,32850.0,BRITANNIA.NS
2006-12-20,113.4000015258789,113.5,111.0,111.20999908447266,88.46781921386719,16180.0,BRITANNIA.NS
2006-12-21,107.19999694824219,112.5,107.19999694824219,110.54499816894531,87.93879699707031,16440.0,BRITANNIA.NS
2006-12-22,110.5,112.4000015258789,110.0,110.92500305175781,88.24110412597656,9600.0,BRITANNIA.NS
2006-12-26,112.83999633789062,112.83999633789062,110.9000015258789,111.04000091552734,88.33258819580078,12010.0,BRITANNIA.NS
2006-12-27,111.12999725341797,111.95500183105469,110.19999694824219,110.59500122070312,87.97856140136719,24490.0,BRITANNIA.NS
2006-12-28,111.5,111.5,109.59500122070312,110.08000183105469,87.56889343261719,22060.0,BRITANNIA.NS
2006-12-29,108.0,112.79000091552734,108.0,109.43499755859375,87.05577850341797,35210.0,BRITANNIA.NS
2007-01-02,114.0,114.0,109.20500183105469,110.04499816894531,87.54105377197266,14800.0,BRITANNIA.NS
2007-01-03,111.4000015258789,111.49500274658203,109.4000015258789,109.58499908447266,87.17512512207031,35440.0,BRITANNIA.NS
2007-01-04,110.0,112.0999984741211,109.0,110.76499938964844,88.11381530761719,531070.0,BRITANNIA.NS
2007-01-05,110.69499969482422,112.5,110.0,110.29000091552734,87.73594665527344,49430.0,BRITANNIA.NS
2007-01-08,113.9000015258789,113.9000015258789,109.12000274658203,109.68000030517578,87.25068664550781,31140.0,BRITANNIA.NS
2007-01-09,105.5,110.79499816894531,105.5,109.54499816894531,87.1432876586914,28850.0,BRITANNIA.NS
2007-01-10,104.1500015258789,112.0,104.1500015258789,111.00499725341797,88.30474090576172,38790.0,BRITANNIA.NS
2007-01-11,103.69999694824219,112.8499984741211,103.69999694824219,112.02999877929688,89.12010955810547,55160.0,BRITANNIA.NS
2007-01-12,113.0,113.0,110.0,110.69999694824219,88.0621109008789,58030.0,BRITANNIA.NS
2007-01-15,112.0,112.3949966430664,110.51000213623047,112.08000183105469,89.15989685058594,33560.0,BRITANNIA.NS
2007-01-16,118.0,118.0,110.80000305175781,111.79499816894531,88.93317413330078,12480.0,BRITANNIA.NS
2007-01-17,113.69499969482422,113.69499969482422,111.5,112.36499786376953,89.3866195678711,47190.0,BRITANNIA.NS
2007-01-18,113.9000015258789,113.9000015258789,111.55000305175781,112.06999969482422,89.15194702148438,35120.0,BRITANNIA.NS
2007-01-19,113.37999725341797,113.37999725341797,110.5,111.56999969482422,88.75419616699219,31160.0,BRITANNIA.NS
2007-01-22,114.0,115.7699966430664,109.05500030517578,112.5199966430664,89.5099105834961,36540.0,BRITANNIA.NS
2007-01-23,113.0,114.0,111.59500122070312,112.94499969482422,89.84801483154297,26600.0,BRITANNIA.NS
2007-01-24,114.0,114.4000015258789,112.54000091552734,113.6500015258789,90.4088363647461,20930.0,BRITANNIA.NS
2007-01-25,113.0,114.9000015258789,110.55500030517578,113.63999938964844,90.40087890625,53730.0,BRITANNIA.NS
2007-01-29,113.5,114.9000015258789,112.4000015258789,113.9749984741211,90.66736602783203,36620.0,BRITANNIA.NS
2007-01-31,111.41000366210938,118.4000015258789,111.0,115.48999786376953,91.8725814819336,124220.0,BRITANNIA.NS
2007-02-01,116.5999984741211,116.5999984741211,113.5,114.68499755859375,91.23218536376953,328550.0,BRITANNIA.NS
2007-02-02,116.0,118.80000305175781,114.05999755859375,114.86000061035156,91.37139129638672,111570.0,BRITANNIA.NS
2007-02-05,113.19999694824219,115.9000015258789,109.0199966430664,111.26000213623047,88.50758361816406,60950.0,BRITANNIA.NS
2007-02-06,114.4000015258789,117.5,111.66000366210938,116.16500091552734,92.40951538085938,105830.0,BRITANNIA.NS
2007-02-07,117.0,118.0,115.5,117.29000091552734,93.3044662475586,64730.0,BRITANNIA.NS
2007-02-08,115.52999877929688,119.5,115.52999877929688,118.69999694824219,94.42610931396484,44560.0,BRITANNIA.NS
2007-02-09,118.5,119.30000305175781,117.6500015258789,118.7249984741211,94.4460220336914,43760.0,BRITANNIA.NS
2007-02-12,119.80000305175781,119.80000305175781,116.1050033569336,117.74500274658203,93.66642761230469,30590.0,BRITANNIA.NS
2007-02-13,112.0999984741211,119.80000305175781,112.0999984741211,119.13999938964844,94.77615356445312,61520.0,BRITANNIA.NS
2007-02-14,115.9000015258789,127.5,115.9000015258789,126.31500244140625,100.48387145996094,111190.0,BRITANNIA.NS
2007-02-15,122.0199966430664,128.125,122.0199966430664,127.24500274658203,101.22368621826172,71120.0,BRITANNIA.NS
2007-02-19,127.9800033569336,129.0,125.00499725341797,127.11000061035156,101.11630249023438,62120.0,BRITANNIA.NS
2007-02-20,123.4000015258789,126.0,121.20500183105469,125.2249984741211,99.61679077148438,43150.0,BRITANNIA.NS
2007-02-21,122.69999694824219,128.0,121.52999877929688,127.86499786376953,101.7169189453125,1292660.0,BRITANNIA.NS
2007-02-22,130.89999389648438,130.89999389648438,126.0,126.51499938964844,100.64298248291016,19670.0,BRITANNIA.NS
2007-02-23,124.0999984741211,125.79499816894531,119.5,120.29499816894531,95.6949462890625,61880.0,BRITANNIA.NS
2007-02-26,123.9000015258789,123.9000015258789,119.49500274658203,119.98999786376953,95.45231628417969,82560.0,BRITANNIA.NS
2007-02-27,124.4000015258789,129.99000549316406,119.62999725341797,127.31999969482422,101.2833480834961,89580.0,BRITANNIA.NS
2007-02-28,120.0,129.5,112.69999694824219,123.65499877929688,98.36782836914062,91690.0,BRITANNIA.NS
2007-03-01,123.0,126.5,122.5999984741211,124.26499938964844,98.85308837890625,44660.0,BRITANNIA.NS
2007-03-02,124.0,131.39999389648438,124.0,129.77000427246094,103.23233032226562,641450.0,BRITANNIA.NS
2007-03-05,125.01000213623047,131.3800048828125,125.01000213623047,130.63999938964844,103.9244155883789,620170.0,BRITANNIA.NS
2007-03-06,131.4499969482422,135.0,127.0,127.56999969482422,101.48221588134766,42800.0,BRITANNIA.NS
2007-03-07,128.0,131.0,121.5,122.38500213623047,97.3575439453125,40830.0,BRITANNIA.NS
2007-03-08,124.79499816894531,125.0,122.19999694824219,123.8499984741211,98.52294921875,34380.0,BRITANNIA.NS
2007-03-09,124.0,124.91999816894531,121.19999694824219,122.86499786376953,97.7393798828125,47460.0,BRITANNIA.NS
2007-03-12,124.69999694824219,129.1300048828125,123.51000213623047,128.4149932861328,102.15441131591797,739350.0,BRITANNIA.NS
2007-03-13,128.96499633789062,133.0,127.05500030517578,128.2550048828125,102.02714538574219,42940.0,BRITANNIA.NS
2007-03-14,127.5,127.5,124.0,125.9749984741211,100.21340942382812,52480.0,BRITANNIA.NS
2007-03-15,126.0,133.39999389648438,125.0,126.43499755859375,100.57933044433594,25700.0,BRITANNIA.NS
2007-03-16,129.1999969482422,129.1999969482422,125.0,125.7750015258789,100.0542984008789,19210.0,BRITANNIA.NS
2007-03-19,128.0,129.8000030517578,124.19999694824219,129.05999755859375,102.66751861572266,36300.0,BRITANNIA.NS
2007-03-20,126.5199966430664,131.89999389648438,126.0,127.93000030517578,101.76860046386719,32560.0,BRITANNIA.NS
2007-03-21,127.0,127.49500274658203,125.5,126.56500244140625,100.68275451660156,13590.0,BRITANNIA.NS
2007-03-22,127.0,127.7699966430664,122.19999694824219,123.91500091552734,98.57467651367188,64390.0,BRITANNIA.NS
2007-03-23,122.31999969482422,127.0,122.31999969482422,123.90499877929688,98.56671142578125,32920.0,BRITANNIA.NS
2007-03-26,126.0,129.89999389648438,124.0,126.55500030517578,100.67479705810547,31100.0,BRITANNIA.NS
2007-03-28,120.3550033569336,128.05499267578125,118.0199966430664,123.5199966430664,98.26044464111328,15160.0,BRITANNIA.NS
2007-03-29,123.0,124.66000366210938,118.5,119.5999984741211,95.14207458496094,49690.0,BRITANNIA.NS
2007-03-30,122.29499816894531,125.5999984741211,121.00499725341797,125.44499969482422,99.79178619384766,38680.0,BRITANNIA.NS
2007-04-02,124.49500274658203,124.49500274658203,120.62000274658203,121.36499786376953,96.546142578125,9160.0,BRITANNIA.NS
2007-04-03,121.0999984741211,123.5,120.11499786376953,122.98500061035156,97.8348388671875,19110.0,BRITANNIA.NS
2007-04-04,123.5,123.5,120.5,122.06999969482422,97.10697174072266,19790.0,BRITANNIA.NS
2007-04-05,122.0,125.5,121.5,123.41999816894531,98.1808853149414,17500.0,BRITANNIA.NS
2007-04-09,124.99500274658203,125.69999694824219,123.61000061035156,123.80500030517578,98.48716735839844,18470.0,BRITANNIA.NS
2007-04-10,124.80000305175781,124.98500061035156,123.00499725341797,124.20999908447266,98.80934143066406,5860.0,BRITANNIA.NS
2007-04-11,124.20999908447266,124.69999694824219,122.5999984741211,122.74500274658203,97.64393615722656,10550.0,BRITANNIA.NS
2007-04-12,122.5,124.9800033569336,122.0999984741211,123.88500213623047,98.55081939697266,10540.0,BRITANNIA.NS
2007-04-13,124.0,125.44999694824219,121.5999984741211,124.13999938964844,98.75365447998047,23880.0,BRITANNIA.NS
2007-04-16,115.62000274658203,130.0,115.62000274658203,127.48500061035156,101.41460418701172,40950.0,BRITANNIA.NS
2007-04-17,129.39999389648438,130.0,127.0,127.29000091552734,101.25950622558594,24180.0,BRITANNIA.NS
2007-04-18,127.49500274658203,127.5,124.5,125.125,99.5372314453125,8070.0,BRITANNIA.NS
2007-04-19,119.3550033569336,125.5,119.3550033569336,125.01000213623047,99.44575500488281,9180.0,BRITANNIA.NS
2007-04-20,126.0,126.69499969482422,124.52999877929688,124.94499969482422,99.39404296875,8870.0,BRITANNIA.NS
2007-04-23,125.0,126.69999694824219,124.3499984741211,124.93000030517578,99.38211059570312,27790.0,BRITANNIA.NS
2007-04-24,124.30500030517578,128.5,121.50499725341797,127.04499816894531,101.06460571289062,331110.0,BRITANNIA.NS
2007-04-25,126.49500274658203,128.49000549316406,125.12999725341797,127.94499969482422,101.78053283691406,60040.0,BRITANNIA.NS
2007-04-26,127.50499725341797,130.0,124.2249984741211,127.62999725341797,101.52995300292969,93210.0,BRITANNIA.NS
2007-04-27,126.9000015258789,127.5,125.0,126.41999816894531,100.5674057006836,5790.0,BRITANNIA.NS
2007-04-30,126.5,128.39999389648438,123.0,126.67500305175781,100.77025604248047,7900.0,BRITANNIA.NS
2007-05-03,130.0,131.89999389648438,125.0,131.06500244140625,104.26251220703125,85960.0,BRITANNIA.NS
2007-05-04,135.0,140.0,129.6999969482422,131.0399932861328,104.24259948730469,108920.0,BRITANNIA.NS
2007-05-07,131.0,133.5,131.0,132.0800018310547,105.0699462890625,44210.0,BRITANNIA.NS
2007-05-08,132.0,138.89999389648438,131.0,137.97000122070312,109.75544738769531,552390.0,BRITANNIA.NS
2007-05-09,137.89999389648438,149.6999969482422,134.63999938964844,148.4199981689453,118.0684585571289,161610.0,BRITANNIA.NS
2007-05-10,148.0,161.0,145.61000061035156,157.3249969482422,125.15238189697266,207610.0,BRITANNIA.NS
2007-05-11,156.89999389648438,156.89999389648438,149.0,152.1999969482422,121.07544708251953,80120.0,BRITANNIA.NS
2007-05-14,154.2949981689453,159.89999389648438,148.05999755859375,150.05999755859375,119.37307739257812,55400.0,BRITANNIA.NS
2007-05-15,152.47999572753906,152.47999572753906,145.02499389648438,146.10499572753906,116.22688293457031,57050.0,BRITANNIA.NS
2007-05-16,149.67999267578125,149.69000244140625,142.0,143.25999450683594,113.96365356445312,36800.0,BRITANNIA.NS
2007-05-17,148.9949951171875,148.9949951171875,142.5,143.43499755859375,114.10287475585938,42840.0,BRITANNIA.NS
2007-05-18,143.5,144.0,136.2550048828125,142.0449981689453,112.99711608886719,18380.0,BRITANNIA.NS
2007-05-21,137.39999389648438,144.85499572753906,137.39999389648438,141.7050018310547,112.72665405273438,22710.0,BRITANNIA.NS
2007-05-22,143.39500427246094,145.0,140.5,143.85499572753906,114.43699645996094,33040.0,BRITANNIA.NS
2007-05-23,146.8000030517578,148.0,141.6999969482422,144.59500122070312,115.0256576538086,82020.0,BRITANNIA.NS
2007-05-24,147.9949951171875,151.0,144.6999969482422,148.3000030517578,117.97297668457031,34100.0,BRITANNIA.NS
2007-05-25,145.10000610351562,151.0,145.0,150.4250030517578,119.66341400146484,41610.0,BRITANNIA.NS
2007-05-28,152.60000610351562,157.0,151.0,156.5749969482422,124.55577087402344,356830.0,BRITANNIA.NS
2007-05-29,156.5,165.0,150.55499267578125,161.3300018310547,128.33839416503906,670350.0,BRITANNIA.NS
2007-05-30,161.8000030517578,162.5,153.22999572753906,156.02999877929688,124.12223815917969,557080.0,BRITANNIA.NS
2007-05-31,160.8000030517578,160.9949951171875,150.5050048828125,153.16000366210938,121.83915710449219,746810.0,BRITANNIA.NS
2007-06-01,155.0,158.1999969482422,151.1199951171875,153.6199951171875,122.20506286621094,40210.0,BRITANNIA.NS
2007-06-04,153.6999969482422,156.25,147.63499450683594,149.23500061035156,118.71678161621094,45540.0,BRITANNIA.NS
2007-06-05,151.0,155.48500061035156,151.0,154.84500122070312,123.17953491210938,83240.0,BRITANNIA.NS
2007-06-06,154.1999969482422,156.25,152.0,152.67999267578125,121.45729064941406,31160.0,BRITANNIA.NS
2007-06-07,154.0,155.8000030517578,147.55499267578125,149.2550048828125,118.732666015625,38140.0,BRITANNIA.NS
2007-06-08,145.1999969482422,152.4949951171875,145.1999969482422,151.14999389648438,120.2401351928711,45940.0,BRITANNIA.NS
2007-06-11,155.0,155.0,147.0800018310547,149.25,118.72872924804688,58720.0,BRITANNIA.NS
2007-06-12,154.0,154.5,144.61000061035156,149.74000549316406,119.11849975585938,45470.0,BRITANNIA.NS
2007-06-13,153.4499969482422,153.4499969482422,146.2100067138672,147.9149932861328,117.6667251586914,10180.0,BRITANNIA.NS
2007-06-14,151.4949951171875,151.4949951171875,147.5,147.7050018310547,117.49967956542969,11810.0,BRITANNIA.NS
2007-06-15,149.9949951171875,150.39999389648438,145.5,146.27000427246094,116.35811614990234,18130.0,BRITANNIA.NS
2007-06-18,147.60000610351562,149.7449951171875,145.5,146.07000732421875,116.19902038574219,69480.0,BRITANNIA.NS
2007-06-19,149.97999572753906,149.97999572753906,145.0,146.0050048828125,116.1473159790039,27520.0,BRITANNIA.NS
2007-06-20,147.5,149.39999389648438,146.11500549316406,147.02999877929688,116.96269989013672,133030.0,BRITANNIA.NS
2007-06-21,150.0,161.0,150.0,152.22000122070312,121.09136199951172,209810.0,BRITANNIA.NS
2007-06-22,152.60000610351562,153.74000549316406,151.0,152.11500549316406,121.00785827636719,55030.0,BRITANNIA.NS
2007-06-25,153.39999389648438,154.0,151.5,153.375,122.01014709472656,48640.0,BRITANNIA.NS
2007-06-26,156.0,158.39999389648438,151.99000549316406,152.1199951171875,121.01179504394531,61690.0,BRITANNIA.NS
2007-06-27,153.5,155.0,151.5,154.2949981689453,122.74203491210938,73440.0,BRITANNIA.NS
2007-06-28,153.0,154.4949951171875,151.8000030517578,153.3699951171875,122.00618743896484,40920.0,BRITANNIA.NS
2007-06-29,153.8000030517578,158.00999450683594,153.0,157.5449981689453,125.32743835449219,66830.0,BRITANNIA.NS
2007-07-02,157.0,157.52000427246094,156.10000610351562,157.09500122070312,124.96941375732422,113500.0,BRITANNIA.NS
2007-07-03,160.0,162.0,157.55499267578125,160.80499267578125,127.92073822021484,643530.0,BRITANNIA.NS
2007-07-04,160.49000549316406,167.6999969482422,160.0,162.92999267578125,129.61114501953125,207850.0,BRITANNIA.NS
2007-07-05,165.89999389648438,177.1999969482422,165.89999389648438,170.77000427246094,135.84793090820312,317400.0,BRITANNIA.NS
2007-07-06,168.5500030517578,172.5,168.5500030517578,170.97500610351562,136.010986328125,65670.0,BRITANNIA.NS
2007-07-09,171.89999389648438,173.10000610351562,170.60000610351562,171.84500122070312,136.7030792236328,51670.0,BRITANNIA.NS
2007-07-10,165.55499267578125,172.0,165.55499267578125,168.27000427246094,133.8591766357422,260540.0,BRITANNIA.NS
2007-07-11,165.0399932861328,170.0,165.0399932861328,169.4600067138672,134.8058319091797,41000.0,BRITANNIA.NS
2007-07-12,177.3000030517578,177.3000030517578,165.97000122070312,166.72999572753906,132.63406372070312,39730.0,BRITANNIA.NS
2007-07-13,170.5,173.0,165.13499450683594,169.14500427246094,134.5552215576172,132020.0,BRITANNIA.NS
2007-07-16,177.0,177.0,171.5,174.3300018310547,138.6798858642578,373290.0,BRITANNIA.NS
2007-07-17,174.89500427246094,177.0,172.24000549316406,173.03500366210938,137.6497344970703,129770.0,BRITANNIA.NS
2007-07-18,171.0,175.6999969482422,171.0,174.3249969482422,138.67591857910156,50600.0,BRITANNIA.NS
2007-07-19,175.0,175.0,171.00999450683594,172.47000122070312,137.20025634765625,50430.0,BRITANNIA.NS
2007-07-20,173.0,173.0,170.13999938964844,171.47000122070312,136.40478515625,29680.0,BRITANNIA.NS
2007-07-23,172.1999969482422,173.4949951171875,169.7100067138672,170.6999969482422,135.79225158691406,31880.0,BRITANNIA.NS
2007-07-24,174.88999938964844,175.0,170.0399932861328,170.92999267578125,135.97520446777344,40670.0,BRITANNIA.NS
2007-07-25,170.0,172.49000549316406,166.7050018310547,170.9550018310547,135.99508666992188,37740.0,BRITANNIA.NS
2007-07-26,171.98500061035156,171.98500061035156,168.10000610351562,170.21499633789062,135.4064483642578,28790.0,BRITANNIA.NS
2007-07-27,162.5,171.0,162.5,169.49000549316406,134.82968139648438,27630.0,BRITANNIA.NS
2007-07-30,167.0050048828125,169.5,165.0,166.2550048828125,132.25619506835938,18210.0,BRITANNIA.NS
2007-07-31,168.9949951171875,172.0,164.22999572753906,170.77999877929688,135.85589599609375,44260.0,BRITANNIA.NS
2007-08-01,167.0,169.0,164.0,164.0050048828125,130.4663543701172,424710.0,BRITANNIA.NS
2007-08-02,169.39500427246094,169.39500427246094,160.1999969482422,161.9149932861328,128.8037567138672,13210.0,BRITANNIA.NS
2007-08-03,166.86500549316406,167.5,162.0,162.96499633789062,129.63905334472656,29970.0,BRITANNIA.NS
2007-08-06,162.0050048828125,164.60000610351562,157.61000061035156,160.43499755859375,127.62639617919922,27910.0,BRITANNIA.NS
2007-08-07,164.89999389648438,164.89999389648438,160.5,161.3800048828125,128.378173828125,6220.0,BRITANNIA.NS
2007-08-08,162.5,163.6999969482422,161.2050018310547,161.35000610351562,128.35430908203125,10260.0,BRITANNIA.NS
2007-08-09,161.2100067138672,163.2100067138672,159.3000030517578,160.1300048828125,127.38379669189453,10870.0,BRITANNIA.NS
2007-08-10,152.50999450683594,165.99000549316406,152.50999450683594,159.96499633789062,127.25251770019531,25860.0,BRITANNIA.NS
2007-08-13,180.0,180.0,156.52499389648438,162.18499755859375,129.01852416992188,17030.0,BRITANNIA.NS
2007-08-14,152.85499572753906,165.1999969482422,152.85499572753906,164.23500061035156,130.6492919921875,28460.0,BRITANNIA.NS
2007-08-16,160.0,161.5,157.5,157.75,125.49049377441406,14940.0,BRITANNIA.NS
2007-08-17,157.5,160.0,156.0,159.6699981689453,127.01783752441406,31340.0,BRITANNIA.NS
2007-08-20,160.50999450683594,161.0,155.0,158.76499938964844,126.29792785644531,1106040.0,BRITANNIA.NS
2007-08-21,161.8000030517578,162.5,153.0,157.88499450683594,125.59786987304688,30190.0,BRITANNIA.NS
2007-08-22,154.1649932861328,159.9949951171875,149.60000610351562,153.96499633789062,122.47953796386719,35550.0,BRITANNIA.NS
2007-08-23,159.49000549316406,160.0,150.5,152.26499938964844,121.12715911865234,22660.0,BRITANNIA.NS
2007-08-24,153.0,154.0,151.5,152.3300018310547,121.17887115478516,10080.0,BRITANNIA.NS
2007-08-27,151.5,160.0,151.5,159.2899932861328,126.7155532836914,26840.0,BRITANNIA.NS
2007-08-28,157.0,165.0,157.0,158.4949951171875,126.08312225341797,52390.0,BRITANNIA.NS
2007-08-29,157.0,160.0,157.0,158.9199981689453,126.42125701904297,28310.0,BRITANNIA.NS
2007-08-30,160.5,160.5,158.1999969482422,159.3350067138672,127.95911407470703,37550.0,BRITANNIA.NS
2007-08-31,161.0,161.0,156.0050048828125,156.97000122070312,126.05982208251953,15890.0,BRITANNIA.NS
2007-09-03,162.0,166.3000030517578,159.5,161.85000610351562,129.97886657714844,105850.0,BRITANNIA.NS
2007-09-04,164.44000244140625,167.0,160.10000610351562,160.73500061035156,129.08346557617188,36380.0,BRITANNIA.NS
2007-09-05,158.10000610351562,163.6999969482422,156.60000610351562,159.03500366210938,127.71817779541016,15880.0,BRITANNIA.NS
2007-09-06,158.10000610351562,160.0,156.10499572753906,158.51499938964844,127.30059814453125,7700.0,BRITANNIA.NS
2007-09-07,159.39999389648438,159.39999389648438,156.22500610351562,157.28500366210938,126.31278991699219,16550.0,BRITANNIA.NS
2007-09-10,156.1300048828125,158.89500427246094,154.00999450683594,156.3800048828125,125.58601379394531,12230.0,BRITANNIA.NS
2007-09-11,157.0,157.0,154.60000610351562,155.0500030517578,124.51790618896484,33530.0,BRITANNIA.NS
2007-09-12,157.5,157.5,152.5,153.30499267578125,123.11650848388672,38750.0,BRITANNIA.NS
2007-09-13,158.6999969482422,160.0,153.5,153.94000244140625,123.62648010253906,16840.0,BRITANNIA.NS
2007-09-14,156.39500427246094,156.39999389648438,151.30499267578125,152.2949981689453,122.305419921875,20740.0,BRITANNIA.NS
2007-09-17,151.8000030517578,154.0,150.0,150.55999755859375,120.91207885742188,12130.0,BRITANNIA.NS
2007-09-18,150.5,153.9949951171875,147.61000061035156,152.55499267578125,122.51420593261719,348850.0,BRITANNIA.NS
2007-09-19,158.0,158.0,150.1999969482422,151.1999969482422,121.42608642578125,40760.0,BRITANNIA.NS
2007-09-20,152.3000030517578,154.60000610351562,152.3000030517578,153.59500122070312,123.3494644165039,55700.0,BRITANNIA.NS
2007-09-21,153.8000030517578,154.89999389648438,146.0,147.2899932861328,118.28598022460938,78100.0,BRITANNIA.NS
2007-09-24,154.98500061035156,154.98500061035156,147.5050048828125,148.5,119.25772857666016,286040.0,BRITANNIA.NS
2007-09-25,140.0,149.5,140.0,148.0449981689453,118.892333984375,25090.0,BRITANNIA.NS
2007-09-26,148.88499450683594,148.88499450683594,145.6199951171875,147.4149932861328,118.38641357421875,9260.0,BRITANNIA.NS
2007-09-27,147.08999633789062,148.8000030517578,144.0,145.38499450683594,116.756103515625,20760.0,BRITANNIA.NS
2007-09-28,153.80499267578125,153.80499267578125,144.10000610351562,146.21499633789062,117.42269897460938,158870.0,BRITANNIA.NS
2007-10-01,146.0,146.18499755859375,144.0,144.7899932861328,116.27827453613281,14090.0,BRITANNIA.NS
2007-10-03,145.0,148.25,141.60000610351562,142.64999389648438,114.55968475341797,38260.0,BRITANNIA.NS
2007-10-04,144.8000030517578,144.8000030517578,141.0050048828125,143.875,115.5434799194336,51270.0,BRITANNIA.NS
2007-10-05,143.875,144.69500732421875,140.10000610351562,140.99000549316406,113.22659301757812,135690.0,BRITANNIA.NS
2007-10-08,142.5,145.89999389648438,137.5,143.40499877929688,115.16603088378906,105600.0,BRITANNIA.NS
2007-10-09,138.2550048828125,146.1999969482422,135.15499877929688,145.50999450683594,116.85649108886719,101690.0,BRITANNIA.NS
2007-10-10,144.0,150.0,143.0,143.10000610351562,114.92108154296875,28140.0,BRITANNIA.NS
2007-10-11,148.47000122070312,148.47000122070312,142.11000061035156,143.59500122070312,115.31861877441406,90690.0,BRITANNIA.NS
2007-10-12,144.60000610351562,144.60000610351562,140.0,142.75999450683594,114.64802551269531,53480.0,BRITANNIA.NS
2007-10-15,141.5,143.0,139.9499969482422,140.125,112.53191375732422,1312510.0,BRITANNIA.NS
2007-10-16,138.0,144.7449951171875,137.1199951171875,140.0749969482422,112.49175262451172,37650.0,BRITANNIA.NS
2007-10-17,135.39999389648438,141.0,135.39999389648438,138.2949981689453,111.06228637695312,17940.0,BRITANNIA.NS
2007-10-18,144.0,144.0,135.0,135.58999633789062,108.88992309570312,32760.0,BRITANNIA.NS
2007-10-19,139.7949981689453,139.7949981689453,134.0,138.69000244140625,111.37950134277344,32640.0,BRITANNIA.NS
2007-10-22,133.35499572753906,140.5,133.35499572753906,140.02000427246094,112.4476089477539,35550.0,BRITANNIA.NS
2007-10-23,142.5,143.0,138.22500610351562,139.2550048828125,111.83323669433594,26980.0,BRITANNIA.NS
2007-10-24,149.89999389648438,155.96499633789062,145.5,148.0500030517578,118.89634704589844,111730.0,BRITANNIA.NS
2007-10-25,149.89999389648438,154.39500427246094,147.60000610351562,150.21499633789062,120.63500213623047,58590.0,BRITANNIA.NS
2007-10-26,151.89999389648438,153.0,150.0,152.64999389648438,122.59050750732422,76840.0,BRITANNIA.NS
2007-10-29,156.0,156.0,151.5,153.02000427246094,122.88768005371094,41330.0,BRITANNIA.NS
2007-10-30,156.0,156.0,145.5,149.88499450683594,120.37002563476562,36210.0,BRITANNIA.NS
2007-10-31,150.5,155.8000030517578,149.0,154.06500244140625,123.72688293457031,77120.0,BRITANNIA.NS
2007-11-01,155.0,155.0,150.0,151.80999755859375,121.91593933105469,32380.0,BRITANNIA.NS
2007-11-02,154.5,155.0,148.3000030517578,150.07000732421875,120.5185546875,48390.0,BRITANNIA.NS
2007-11-05,148.10000610351562,152.5,141.44000244140625,149.05499267578125,119.70344543457031,19070.0,BRITANNIA.NS
2007-11-06,152.89999389648438,153.5,149.0050048828125,150.03500366210938,120.4904556274414,29420.0,BRITANNIA.NS
2007-11-07,149.0,151.10000610351562,148.5,150.01499938964844,120.47438049316406,24050.0,BRITANNIA.NS
2007-11-08,151.3000030517578,151.5,150.0,150.11000061035156,120.5506820678711,7610.0,BRITANNIA.NS
2007-11-12,153.89999389648438,154.4949951171875,150.0050048828125,150.9949951171875,121.26143646240234,42080.0,BRITANNIA.NS
2007-11-13,155.0,155.0,150.02499389648438,151.59500122070312,121.74324798583984,25030.0,BRITANNIA.NS
2007-11-14,153.89999389648438,154.1999969482422,150.0,151.48500061035156,121.65492248535156,17860.0,BRITANNIA.NS
2007-11-15,150.52000427246094,155.5,150.5050048828125,154.30499267578125,123.91963195800781,40870.0,BRITANNIA.NS
2007-11-16,153.39999389648438,156.0,150.60000610351562,150.9600067138672,121.23331451416016,23330.0,BRITANNIA.NS
2007-11-19,151.0,154.49000549316406,150.8000030517578,152.5,122.47007751464844,12170.0,BRITANNIA.NS
2007-11-20,151.5,153.5,151.0,152.0,122.06849670410156,41620.0,BRITANNIA.NS
2007-11-21,152.0,153.89500427246094,151.0,152.02499389648438,122.08858489990234,28000.0,BRITANNIA.NS
2007-11-22,153.0,153.0,149.0,149.77999877929688,120.28568267822266,2013270.0,BRITANNIA.NS
2007-11-23,153.6999969482422,154.0,150.0,150.11000061035156,120.5506820678711,508700.0,BRITANNIA.NS
2007-11-26,150.3000030517578,151.9949951171875,150.0,150.0,120.46236419677734,16780.0,BRITANNIA.NS
2007-11-27,152.38499450683594,152.5,150.0,151.64500427246094,121.78343200683594,10070.0,BRITANNIA.NS
2007-11-28,152.4949951171875,152.4949951171875,147.0,148.2899932861328,119.0890884399414,28250.0,BRITANNIA.NS
2007-11-29,148.60499572753906,151.4949951171875,148.60499572753906,149.99000549316406,120.45433044433594,3930.0,BRITANNIA.NS
2007-11-30,146.22500610351562,151.99000549316406,146.22500610351562,149.23500061035156,119.8479995727539,10300.0,BRITANNIA.NS
2007-12-03,145.5050048828125,150.0,145.5050048828125,146.80999755859375,117.90052032470703,18190.0,BRITANNIA.NS
2007-12-04,149.3000030517578,149.3000030517578,147.00999450683594,147.43499755859375,118.40245056152344,9840.0,BRITANNIA.NS
2007-12-05,149.0,152.5,147.1999969482422,151.4600067138672,121.63484191894531,22910.0,BRITANNIA.NS
2007-12-06,151.4600067138672,155.6999969482422,148.5,149.53500366210938,120.08891296386719,18330.0,BRITANNIA.NS
2007-12-07,147.89999389648438,152.8000030517578,147.89999389648438,149.07000732421875,119.71550750732422,9330.0,BRITANNIA.NS
2007-12-10,149.0,149.0,144.89999389648438,145.8249969482422,117.10948944091797,51710.0,BRITANNIA.NS
2007-12-11,148.10000610351562,148.19000244140625,144.125,145.97000122070312,117.2259521484375,300420.0,BRITANNIA.NS
2007-12-12,144.8000030517578,148.5,144.2050018310547,148.35499572753906,119.14128875732422,45180.0,BRITANNIA.NS
2007-12-13,145.00999450683594,152.5,145.00999450683594,150.94500732421875,121.22128295898438,855150.0,BRITANNIA.NS
2007-12-14,142.26499938964844,152.6999969482422,142.26499938964844,150.125,120.56275939941406,25860.0,BRITANNIA.NS
2007-12-17,151.0,151.0,149.5,149.96499633789062,120.43423461914062,22190.0,BRITANNIA.NS
2007-12-18,149.96499633789062,149.96499633789062,149.96499633789062,149.96499633789062,120.43423461914062,0.0,BRITANNIA.NS
2007-12-19,150.1999969482422,151.1999969482422,148.5,148.65499877929688,119.38221740722656,369230.0,BRITANNIA.NS
2007-12-20,148.3000030517578,149.99000549316406,146.5,146.625,117.75196075439453,18940.0,BRITANNIA.NS
2007-12-24,150.5,150.5,146.00999450683594,146.7050018310547,117.81619262695312,25150.0,BRITANNIA.NS
2007-12-26,150.0,150.0,146.0,147.19500732421875,118.20970153808594,49700.0,BRITANNIA.NS
2007-12-27,144.3000030517578,149.60000610351562,144.3000030517578,147.0050048828125,118.0571060180664,15200.0,BRITANNIA.NS
2007-12-28,147.0399932861328,148.47999572753906,144.55499267578125,146.55999755859375,117.69974517822266,22230.0,BRITANNIA.NS
2007-12-31,149.0,149.5,146.5,147.34500122070312,118.33019256591797,72870.0,BRITANNIA.NS
2008-01-01,148.89999389648438,149.0,147.0050048828125,147.43499755859375,118.40245056152344,40210.0,BRITANNIA.NS
2008-01-02,148.0,151.9600067138672,147.0,148.9149932861328,119.59098052978516,313820.0,BRITANNIA.NS
2008-01-03,148.5,152.89999389648438,148.5,151.2100067138672,121.4340591430664,34420.0,BRITANNIA.NS
2008-01-04,153.0,153.1999969482422,150.10000610351562,150.46499633789062,120.83578491210938,30660.0,BRITANNIA.NS
2008-01-07,153.0,153.2899932861328,147.2100067138672,152.3000030517578,122.3094482421875,35810.0,BRITANNIA.NS
2008-01-08,155.39999389648438,165.0,152.0,153.28500366210938,123.10047912597656,118920.0,BRITANNIA.NS
2008-01-09,156.375,156.375,153.10000610351562,155.01499938964844,124.48980712890625,57930.0,BRITANNIA.NS
2008-01-10,156.0,158.0,153.0,155.30999755859375,124.72671508789062,71410.0,BRITANNIA.NS
2008-01-11,161.0,162.5,152.7050018310547,160.94500732421875,129.25209045410156,92310.0,BRITANNIA.NS
2008-01-14,156.2050018310547,162.0,156.2050018310547,159.97000122070312,128.46908569335938,25480.0,BRITANNIA.NS
2008-01-15,157.32000732421875,160.10000610351562,157.32000732421875,158.30999755859375,127.13595581054688,6530.0,BRITANNIA.NS
2008-01-16,157.0,157.9949951171875,154.6300048828125,155.2949981689453,124.71466827392578,29440.0,BRITANNIA.NS
2008-01-17,153.0050048828125,157.88499450683594,153.0050048828125,155.0399932861328,124.50989532470703,15350.0,BRITANNIA.NS
2008-01-18,155.0399932861328,155.0399932861328,155.0399932861328,155.0399932861328,124.50989532470703,0.0,BRITANNIA.NS
2008-01-21,152.5,155.8800048828125,137.5,147.7949981689453,118.6915512084961,32070.0,BRITANNIA.NS
2008-01-22,135.75,151.0,119.0,148.63499450683594,119.36614990234375,42060.0,BRITANNIA.NS
2008-01-23,148.5,150.0,137.5050048828125,143.50999450683594,115.25035095214844,19410.0,BRITANNIA.NS
2008-01-24,144.00999450683594,155.0,120.66500091552734,145.75999450683594,117.05726623535156,45370.0,BRITANNIA.NS
2008-01-25,141.60000610351562,149.0,141.5,147.89999389648438,118.77587127685547,12870.0,BRITANNIA.NS
2008-01-28,149.0,154.39999389648438,143.0050048828125,144.78500366210938,116.27429962158203,12290.0,BRITANNIA.NS
2008-01-29,149.99000549316406,153.89999389648438,142.5,143.8699951171875,115.53944396972656,30180.0,BRITANNIA.NS
2008-01-30,146.27999877929688,146.6999969482422,142.5,144.09500122070312,115.72015380859375,10230.0,BRITANNIA.NS
2008-01-31,144.0,145.5,142.0,144.64999389648438,116.1658706665039,7630.0,BRITANNIA.NS
2008-02-01,147.49000549316406,147.5,141.3000030517578,142.36000061035156,114.32682800292969,8730.0,BRITANNIA.NS
2008-02-04,147.39999389648438,149.8000030517578,143.60499572753906,148.32000732421875,119.11319732666016,17010.0,BRITANNIA.NS
2008-02-05,145.3000030517578,149.99000549316406,145.3000030517578,147.08999633789062,118.12538146972656,6140.0,BRITANNIA.NS
2008-02-06,127.55000305175781,146.8000030517578,127.55000305175781,144.2100067138672,115.81249237060547,9620.0,BRITANNIA.NS
2008-02-07,145.8000030517578,146.3000030517578,142.0,142.2949981689453,114.27460479736328,7170.0,BRITANNIA.NS
2008-02-08,140.8699951171875,143.4499969482422,139.5050048828125,140.47000122070312,112.80896759033203,6250.0,BRITANNIA.NS
2008-02-11,150.0,150.0,137.5,141.72999572753906,113.82085418701172,12540.0,BRITANNIA.NS
2008-02-12,138.0,142.89999389648438,135.0,136.25999450683594,109.4280014038086,9450.0,BRITANNIA.NS
2008-02-13,140.0,140.0,135.0,135.75999450683594,109.02644348144531,11040.0,BRITANNIA.NS
2008-02-14,136.0,140.0,136.0,138.05999755859375,110.87355041503906,9340.0,BRITANNIA.NS
2008-02-15,139.97999572753906,139.99000549316406,137.6199951171875,139.05999755859375,111.67665100097656,6490.0,BRITANNIA.NS
2008-02-18,142.0,142.5,138.1999969482422,138.9600067138672,111.5963363647461,7100.0,BRITANNIA.NS
2008-02-19,140.0,143.4949951171875,137.80999755859375,143.03500366210938,114.86891174316406,23050.0,BRITANNIA.NS
2008-02-20,140.5,144.6999969482422,138.2550048828125,141.5800018310547,113.70039367675781,13510.0,BRITANNIA.NS
2008-02-21,141.5800018310547,143.39999389648438,138.89999389648438,140.02499389648438,112.45159912109375,5320.0,BRITANNIA.NS
2008-02-22,143.38999938964844,143.38999938964844,137.5,139.375,111.92961120605469,6180.0,BRITANNIA.NS
2008-02-25,138.5,142.5,137.5,139.38999938964844,111.94164276123047,4250.0,BRITANNIA.NS
2008-02-26,138.02999877929688,142.96499633789062,138.02999877929688,139.5850067138672,112.0982666015625,5060.0,BRITANNIA.NS
2008-02-27,140.0,141.6999969482422,138.10000610351562,138.83999633789062,111.49992370605469,10930.0,BRITANNIA.NS
2008-02-28,138.10499572753906,141.4499969482422,137.51499938964844,140.58999633789062,112.90534210205078,4900.0,BRITANNIA.NS
2008-02-29,139.99000549316406,141.77999877929688,137.5,137.85499572753906,110.70890045166016,17260.0,BRITANNIA.NS
2008-03-03,138.39999389648438,138.85499572753906,135.11000061035156,136.05499267578125,109.26336669921875,15500.0,BRITANNIA.NS
2008-03-04,136.0,136.00999450683594,133.5,135.89500427246094,109.1348876953125,34380.0,BRITANNIA.NS
2008-03-05,134.53500366210938,137.9949951171875,134.5,137.4199981689453,110.3595962524414,10390.0,BRITANNIA.NS
2008-03-07,132.3000030517578,138.49000549316406,132.3000030517578,136.83999633789062,109.8937759399414,21680.0,BRITANNIA.NS
2008-03-10,138.5,139.0,134.0,137.46499633789062,110.39572143554688,26350.0,BRITANNIA.NS
2008-03-11,137.5,143.0,134.22500610351562,142.1199951171875,114.13408660888672,33200.0,BRITANNIA.NS
2008-03-12,148.8000030517578,151.0,136.52999877929688,138.35499572753906,111.11044311523438,6770.0,BRITANNIA.NS
2008-03-13,142.0,142.0,134.0,138.96499633789062,111.6003189086914,19770.0,BRITANNIA.NS
2008-03-14,135.14999389648438,137.3000030517578,135.14999389648438,136.7899932861328,109.8536148071289,9890.0,BRITANNIA.NS
2008-03-17,134.99000549316406,136.0,125.0,129.05999755859375,103.64579772949219,60410.0,BRITANNIA.NS
2008-03-18,129.10000610351562,132.64500427246094,129.0,129.97999572753906,104.38463592529297,13820.0,BRITANNIA.NS
2008-03-19,130.5,134.89500427246094,127.0,127.86499786376953,102.68614196777344,11720.0,BRITANNIA.NS
2008-03-24,131.5,131.5,118.91500091552734,124.2699966430664,99.79905700683594,43620.0,BRITANNIA.NS
2008-03-25,126.5,129.0,125.0,125.62000274658203,100.88320922851562,20600.0,BRITANNIA.NS
2008-03-26,126.5,132.5,125.11000061035156,131.2550048828125,105.40859985351562,45690.0,BRITANNIA.NS
2008-03-27,128.85000610351562,131.08999633789062,128.8000030517578,129.60000610351562,104.0794677734375,3870.0,BRITANNIA.NS
2008-03-28,134.48500061035156,134.48500061035156,129.5050048828125,131.59500122070312,105.68162536621094,4950.0,BRITANNIA.NS
2008-03-31,134.89999389648438,134.89999389648438,130.1999969482422,132.35000610351562,106.28794860839844,7380.0,BRITANNIA.NS
2008-04-01,128.0,135.5,128.0,133.2449951171875,107.00672149658203,7260.0,BRITANNIA.NS
2008-04-02,135.10000610351562,135.6999969482422,130.0,131.80999755859375,105.8542709350586,27020.0,BRITANNIA.NS
2008-04-03,131.5,131.5,128.3000030517578,128.99000549316406,103.58958435058594,8320.0,BRITANNIA.NS
2008-04-04,132.89999389648438,132.89999389648438,128.1999969482422,129.22000122070312,103.77429962158203,2180.0,BRITANNIA.NS
2008-04-07,126.5,133.38499450683594,126.5,129.5399932861328,104.03128051757812,10780.0,BRITANNIA.NS
2008-04-08,129.52499389648438,130.99000549316406,128.61000061035156,130.3350067138672,104.66973876953125,4010.0,BRITANNIA.NS
2008-04-09,128.10000610351562,132.5,128.10000610351562,129.55499267578125,104.04332733154297,14090.0,BRITANNIA.NS
2008-04-10,131.99000549316406,133.5,128.5,129.44000244140625,103.95096588134766,33420.0,BRITANNIA.NS
2008-04-11,130.5,131.75,126.5,129.05999755859375,103.64579772949219,54790.0,BRITANNIA.NS
2008-04-15,131.3000030517578,131.4949951171875,128.50999450683594,129.11500549316406,103.68997955322266,3710.0,BRITANNIA.NS
2008-04-16,128.2050018310547,132.99000549316406,128.2050018310547,130.55999755859375,104.85041809082031,13040.0,BRITANNIA.NS
2008-04-17,130.60000610351562,131.8000030517578,129.0,130.0,104.40069580078125,29680.0,BRITANNIA.NS
2008-04-21,129.0,131.4949951171875,129.0,130.08999633789062,104.47297668457031,5560.0,BRITANNIA.NS
2008-04-22,130.0,132.3000030517578,130.0,132.01499938964844,106.01891326904297,10610.0,BRITANNIA.NS
2008-04-23,132.99000549316406,132.99000549316406,130.60000610351562,132.0800018310547,106.07112121582031,11590.0,BRITANNIA.NS
2008-04-24,132.5,133.39999389648438,132.0050048828125,132.2550048828125,106.2116470336914,5460.0,BRITANNIA.NS
2008-04-25,132.99000549316406,143.5,132.5,137.76499938964844,110.63664245605469,74750.0,BRITANNIA.NS
2008-04-28,137.5,137.98500061035156,133.1999969482422,134.2050018310547,107.77767181396484,11790.0,BRITANNIA.NS
2008-04-29,138.0,139.89999389648438,133.6999969482422,134.36000061035156,107.90215301513672,6390.0,BRITANNIA.NS
2008-04-30,135.0,138.0,134.5,135.41000366210938,108.7453842163086,14630.0,BRITANNIA.NS
2008-05-02,136.75999450683594,139.89999389648438,135.0,135.93499755859375,109.16700744628906,18980.0,BRITANNIA.NS
2008-05-05,138.9949951171875,138.9949951171875,132.55499267578125,135.8249969482422,109.07866668701172,10220.0,BRITANNIA.NS
2008-05-06,131.3000030517578,139.89999389648438,131.3000030517578,135.71499633789062,108.99029541015625,10900.0,BRITANNIA.NS
2008-05-07,136.0,140.0,133.3300018310547,137.60499572753906,110.50813293457031,36790.0,BRITANNIA.NS
2008-05-08,137.5,138.5,135.55499267578125,137.66000366210938,110.55233001708984,17390.0,BRITANNIA.NS
2008-05-09,136.60000610351562,138.5,134.01499938964844,137.55499267578125,110.46797180175781,28790.0,BRITANNIA.NS
2008-05-12,135.25,138.5,135.0,137.77000427246094,110.64065551757812,7230.0,BRITANNIA.NS
2008-05-13,136.16000366210938,138.0,136.16000366210938,137.77499389648438,110.64466094970703,15390.0,BRITANNIA.NS
2008-05-14,137.5,137.9949951171875,137.0,137.50999450683594,110.43183898925781,10330.0,BRITANNIA.NS
2008-05-15,137.5050048828125,141.3000030517578,137.5,140.2100067138672,112.60016632080078,30970.0,BRITANNIA.NS
2008-05-16,140.8000030517578,144.5,140.1999969482422,142.63499450683594,114.54763793945312,17180.0,BRITANNIA.NS
2008-05-20,137.7449951171875,142.39999389648438,137.7449951171875,142.0500030517578,114.07786560058594,19770.0,BRITANNIA.NS
2008-05-21,141.8000030517578,144.47000122070312,141.7949981689453,143.60499572753906,115.32662963867188,15760.0,BRITANNIA.NS
2008-05-22,145.60000610351562,145.60000610351562,141.05499267578125,142.5399932861328,114.47134399414062,21260.0,BRITANNIA.NS
2008-05-23,141.2050018310547,143.0,141.2050018310547,142.5500030517578,114.47937774658203,8140.0,BRITANNIA.NS
2008-05-26,136.0,147.89999389648438,136.0,147.19500732421875,118.20970153808594,38890.0,BRITANNIA.NS
2008-05-27,148.0,152.0,142.10000610351562,143.39500427246094,115.15801239013672,47540.0,BRITANNIA.NS
2008-05-28,144.8000030517578,144.8000030517578,138.50999450683594,139.61500549316406,112.12234497070312,27960.0,BRITANNIA.NS
2008-05-29,145.0,146.5,140.2100067138672,145.2100067138672,116.61559295654297,25010.0,BRITANNIA.NS
2008-05-30,147.5,149.8000030517578,143.10000610351562,144.72000122070312,116.22209167480469,13610.0,BRITANNIA.NS
2008-06-02,143.3000030517578,148.0,141.90499877929688,144.14500427246094,115.76029968261719,16080.0,BRITANNIA.NS
2008-06-03,143.89999389648438,145.89999389648438,137.55499267578125,144.6999969482422,116.20602416992188,17380.0,BRITANNIA.NS
2008-06-04,147.7949981689453,147.7949981689453,142.5,143.85499572753906,115.52742004394531,5360.0,BRITANNIA.NS
2008-06-05,144.0,146.0,138.00999450683594,145.4949951171875,116.8444595336914,10130.0,BRITANNIA.NS
2008-06-06,153.99000549316406,153.99000549316406,143.5,147.9949951171875,118.85218048095703,4511640.0,BRITANNIA.NS
2008-06-09,144.89999389648438,151.39999389648438,140.11500549316406,148.92999267578125,119.60308837890625,1065330.0,BRITANNIA.NS
2008-06-10,146.0,148.89999389648438,146.0,148.3000030517578,119.09709930419922,25980.0,BRITANNIA.NS
2008-06-11,149.8800048828125,150.88499450683594,142.5,147.76499938964844,118.66748046875,4191650.0,BRITANNIA.NS
2008-06-12,143.3000030517578,150.0,143.3000030517578,149.05499267578125,119.70344543457031,10610.0,BRITANNIA.NS
2008-06-13,151.89999389648438,151.89999389648438,145.5,148.75999450683594,119.46652221679688,33090.0,BRITANNIA.NS
2008-06-16,149.89999389648438,151.8000030517578,145.00999450683594,147.64500427246094,118.57109069824219,24750.0,BRITANNIA.NS
2008-06-17,146.1649932861328,150.0,146.1649932861328,149.7949981689453,120.29772186279297,47770.0,BRITANNIA.NS
2008-06-18,148.25,149.1999969482422,146.10000610351562,146.5749969482422,117.7118148803711,12270.0,BRITANNIA.NS
2008-06-19,144.10000610351562,149.0,142.10000610351562,145.13499450683594,116.55533599853516,5590.0,BRITANNIA.NS
2008-06-20,146.0,149.0,140.6999969482422,144.64500427246094,116.16184997558594,9660.0,BRITANNIA.NS
2008-06-23,140.1999969482422,142.39999389648438,139.5,141.2050018310547,113.39922332763672,11130.0,BRITANNIA.NS
2008-06-24,142.0,144.0,140.0,140.23500061035156,112.6202392578125,9190.0,BRITANNIA.NS
2008-06-25,140.0,142.7899932861328,136.39999389648438,142.0,114.03767395019531,7750.0,BRITANNIA.NS
2008-06-26,142.1999969482422,144.99000549316406,141.25999450683594,143.7899932861328,115.47518920898438,5680.0,BRITANNIA.NS
2008-06-27,135.3000030517578,147.6649932861328,135.3000030517578,145.07000732421875,116.503173828125,21520.0,BRITANNIA.NS
2008-06-30,146.89500427246094,146.89500427246094,140.22500610351562,143.89999389648438,115.56354522705078,11630.0,BRITANNIA.NS
2008-07-01,143.5050048828125,144.97999572753906,137.99000549316406,141.7449951171875,113.83289337158203,7630.0,BRITANNIA.NS
2008-07-02,137.35000610351562,139.39999389648438,135.52499389648438,138.23500061035156,111.01410675048828,6990.0,BRITANNIA.NS
2008-07-03,139.89999389648438,139.89999389648438,132.0,133.30499267578125,107.05488586425781,100740.0,BRITANNIA.NS
2008-07-04,130.10000610351562,136.1999969482422,130.10000610351562,135.4949951171875,108.8136215209961,4110.0,BRITANNIA.NS
2008-07-07,135.0,138.9949951171875,135.0,136.48500061035156,109.60871124267578,111120.0,BRITANNIA.NS
2008-07-08,135.5,136.6999969482422,135.22500610351562,136.46499633789062,109.59262084960938,116380.0,BRITANNIA.NS
2008-07-09,139.89999389648438,139.89999389648438,137.10000610351562,137.28500366210938,110.25115203857422,69010.0,BRITANNIA.NS
2008-07-10,137.6999969482422,137.6999969482422,132.9199981689453,136.8000030517578,109.8616714477539,100550.0,BRITANNIA.NS
2008-07-11,140.0,140.0,135.22500610351562,136.80999755859375,109.86969757080078,5210.0,BRITANNIA.NS
2008-07-14,140.0,140.0,134.39999389648438,135.42999267578125,110.21148681640625,5580.0,BRITANNIA.NS
2008-07-15,132.02999877929688,135.1999969482422,131.75,132.13999938964844,107.53411865234375,2860.0,BRITANNIA.NS
2008-07-16,135.0,135.0,131.0,132.00999450683594,107.4283447265625,5500.0,BRITANNIA.NS
2008-07-17,134.0,134.97999572753906,131.5,131.88999938964844,107.3306884765625,63370.0,BRITANNIA.NS
2008-07-18,134.5,137.0,132.05999755859375,133.0399932861328,108.26651000976562,6560.0,BRITANNIA.NS
2008-07-21,132.5,134.0,131.2100067138672,133.3000030517578,108.4781265258789,2350.0,BRITANNIA.NS
2008-07-22,130.3000030517578,133.89999389648438,130.3000030517578,131.875,107.31847381591797,83380.0,BRITANNIA.NS
2008-07-23,132.0,135.8000030517578,132.0,133.86500549316406,108.93791961669922,8560.0,BRITANNIA.NS
2008-07-24,135.0,135.0,132.53500366210938,133.3249969482422,108.49845886230469,8580.0,BRITANNIA.NS
2008-07-25,134.0,137.2899932861328,133.1999969482422,136.27499389648438,110.89911651611328,5740.0,BRITANNIA.NS
2008-07-28,136.0399932861328,139.5,133.00999450683594,138.05499267578125,112.34766387939453,8380.0,BRITANNIA.NS
2008-07-29,133.60000610351562,137.4949951171875,133.60000610351562,135.09500122070312,109.93887329101562,2650.0,BRITANNIA.NS
2008-07-30,134.5,137.5,133.0,136.2100067138672,110.84625244140625,3350.0,BRITANNIA.NS
2008-07-31,138.35000610351562,139.5,134.9149932861328,138.125,112.40464782714844,7870.0,BRITANNIA.NS
2008-08-01,138.0,138.0,135.72500610351562,137.27499389648438,111.71292114257812,1420.0,BRITANNIA.NS
2008-08-04,136.1750030517578,138.5,136.11000061035156,136.52000427246094,111.0985107421875,12530.0,BRITANNIA.NS
2008-08-05,137.39999389648438,139.39999389648438,137.0,137.33999633789062,111.76580810546875,3660.0,BRITANNIA.NS
2008-08-06,138.60000610351562,139.0,136.5,136.94500732421875,111.44438934326172,12360.0,BRITANNIA.NS
2008-08-07,136.89999389648438,138.39999389648438,136.5,137.47999572753906,111.8797378540039,1940.0,BRITANNIA.NS
2008-08-08,137.80999755859375,138.44000244140625,133.30999755859375,135.05999755859375,109.91038513183594,5120.0,BRITANNIA.NS
2008-08-11,138.4250030517578,138.44000244140625,136.0,137.5050048828125,111.90011596679688,6690.0,BRITANNIA.NS
2008-08-12,136.60000610351562,138.6999969482422,135.01499938964844,136.23500061035156,110.86659240722656,6020.0,BRITANNIA.NS
2008-08-13,137.5,138.5,136.42999267578125,138.2949981689453,112.54300689697266,9940.0,BRITANNIA.NS
2008-08-14,139.0,139.5,138.0,139.03500366210938,113.14520263671875,5000.0,BRITANNIA.NS
2008-08-18,139.89999389648438,139.89999389648438,139.0,139.0,113.11671447753906,7410.0,BRITANNIA.NS
2008-08-19,140.0,140.0,138.0,139.71499633789062,113.69856262207031,12570.0,BRITANNIA.NS
2008-08-20,139.10000610351562,142.5,139.0,141.9949951171875,115.55400848388672,9420.0,BRITANNIA.NS
2008-08-21,141.8000030517578,143.0,141.0,142.52000427246094,115.98124694824219,7620.0,BRITANNIA.NS
2008-08-22,142.99000549316406,142.99000549316406,140.00999450683594,142.47000122070312,115.94058227539062,8110.0,BRITANNIA.NS
2008-08-25,146.52499389648438,146.52499389648438,142.3000030517578,142.5050048828125,115.96906280517578,7400.0,BRITANNIA.NS
2008-08-26,142.5,143.85000610351562,141.60000610351562,142.64500427246094,116.08302307128906,6600.0,BRITANNIA.NS
2008-08-27,141.6999969482422,142.9949951171875,139.5050048828125,142.6999969482422,116.12773132324219,2740.0,BRITANNIA.NS
2008-08-28,142.10000610351562,142.75,141.50999450683594,142.5449981689453,116.00159454345703,1230.0,BRITANNIA.NS
2008-08-29,143.39999389648438,144.5,141.30999755859375,144.08999633789062,117.2588882446289,17890.0,BRITANNIA.NS
2008-09-01,144.5,145.8000030517578,142.10499572753906,144.1699981689453,117.3239974975586,13250.0,BRITANNIA.NS
2008-09-02,144.5,145.85000610351562,142.60000610351562,144.8000030517578,117.83672332763672,5520.0,BRITANNIA.NS
2008-09-04,146.0,146.22500610351562,144.10000610351562,146.02999877929688,118.83763885498047,10200.0,BRITANNIA.NS
2008-09-05,142.02499389648438,145.0,139.14999389648438,140.85499572753906,114.62628173828125,7130.0,BRITANNIA.NS
2008-09-08,142.8000030517578,144.89999389648438,141.00999450683594,142.85000610351562,116.24980163574219,8660.0,BRITANNIA.NS
2008-09-09,142.0,142.97999572753906,138.89999389648438,139.80999755859375,113.77589416503906,4380.0,BRITANNIA.NS
2008-09-10,141.8000030517578,141.8000030517578,138.5050048828125,139.32000732421875,113.37712860107422,2470.0,BRITANNIA.NS
2008-09-11,139.5,139.5,137.0,137.14999389648438,111.61119842529297,5000.0,BRITANNIA.NS
2008-09-12,138.5,143.5,133.80999755859375,134.51499938964844,109.46685791015625,11100.0,BRITANNIA.NS
2008-09-15,131.02499389648438,136.35000610351562,129.0,131.2050018310547,106.77323150634766,8940.0,BRITANNIA.NS
2008-09-16,130.0,146.69000244140625,128.0,134.03500366210938,109.07625579833984,184210.0,BRITANNIA.NS
2008-09-17,137.5,137.5,132.10000610351562,134.5,109.45468139648438,10420.0,BRITANNIA.NS
2008-09-18,134.94500732421875,138.8000030517578,128.10000610351562,137.35499572753906,111.77803039550781,9270.0,BRITANNIA.NS
2008-09-19,134.1999969482422,141.3000030517578,132.5050048828125,137.8699951171875,112.19713592529297,16380.0,BRITANNIA.NS
2008-09-22,136.0,136.875,133.5,135.5399932861328,110.30099487304688,2430.0,BRITANNIA.NS
2008-09-23,132.60000610351562,136.4499969482422,131.10000610351562,133.02999877929688,108.2583999633789,21110.0,BRITANNIA.NS
2008-09-24,134.0,135.89999389648438,134.0,135.05999755859375,109.91038513183594,7130.0,BRITANNIA.NS
2008-09-25,136.0,136.0,132.52999877929688,132.63499450683594,107.93693542480469,2270.0,BRITANNIA.NS
2008-09-26,133.1999969482422,134.5,131.3000030517578,132.0399932861328,107.45275115966797,1880.0,BRITANNIA.NS
2008-09-29,131.10000610351562,135.0,128.1999969482422,133.5500030517578,108.68158721923828,17570.0,BRITANNIA.NS
2008-09-30,132.0,138.0,128.11500549316406,135.03500366210938,109.89005279541016,14830.0,BRITANNIA.NS
2008-10-01,132.10000610351562,135.0,132.10000610351562,132.7050018310547,107.99393463134766,2810.0,BRITANNIA.NS
2008-10-03,132.5,135.0,131.61000061035156,131.80999755859375,107.26555633544922,3960.0,BRITANNIA.NS
2008-10-06,131.5,131.5,125.4000015258789,126.87999725341797,103.25359344482422,12430.0,BRITANNIA.NS
2008-10-07,130.6999969482422,132.10000610351562,125.00499725341797,130.22000122070312,105.97164916992188,41320.0,BRITANNIA.NS
2008-10-08,128.6999969482422,128.6999969482422,122.5,124.80500030517578,101.56497955322266,9900.0,BRITANNIA.NS
2008-10-10,117.0,124.69999694824219,115.0,119.91500091552734,97.58554077148438,10280.0,BRITANNIA.NS
2008-10-13,125.9000015258789,125.9000015258789,118.0,120.45999908447266,98.029052734375,7890.0,BRITANNIA.NS
2008-10-14,124.0,127.5,120.0,121.16000366210938,98.59870910644531,4000.0,BRITANNIA.NS
2008-10-15,121.0,121.98999786376953,117.11000061035156,119.19000244140625,96.99555206298828,2880.0,BRITANNIA.NS
2008-10-16,113.51000213623047,124.5,113.51000213623047,116.12999725341797,94.5053482055664,7270.0,BRITANNIA.NS
2008-10-17,119.5,120.5,113.5,114.84500122070312,93.45964050292969,7450.0,BRITANNIA.NS
2008-10-20,116.5,116.5,112.0999984741211,114.54000091552734,93.21144104003906,7220.0,BRITANNIA.NS
2008-10-21,110.45999908447266,116.875,110.0,115.03500366210938,93.6142578125,6610.0,BRITANNIA.NS
2008-10-22,112.70999908447266,115.375,112.0,112.72000122070312,91.73033905029297,3320.0,BRITANNIA.NS
2008-10-23,112.5,113.69999694824219,108.30000305175781,113.45500183105469,92.32847595214844,16000.0,BRITANNIA.NS
2008-10-24,110.11000061035156,113.5999984741211,108.5,110.13999938964844,89.6307601928711,26980.0,BRITANNIA.NS
2008-10-27,110.0,115.0,98.0250015258789,110.92500305175781,90.26959228515625,27080.0,BRITANNIA.NS
2008-10-29,111.5999984741211,114.5999984741211,109.00499725341797,113.6500015258789,92.48715209960938,3780.0,BRITANNIA.NS
2008-10-31,110.00499725341797,118.0,110.00499725341797,117.31999969482422,95.47376251220703,17400.0,BRITANNIA.NS
2008-11-03,117.30000305175781,120.9800033569336,116.5,118.42500305175781,96.37300872802734,8460.0,BRITANNIA.NS
2008-11-04,119.9000015258789,120.0,115.55500030517578,119.1500015258789,96.96300506591797,7240.0,BRITANNIA.NS
2008-11-05,122.4000015258789,122.4000015258789,116.9000015258789,118.19999694824219,96.18990325927734,7990.0,BRITANNIA.NS
2008-11-06,113.69999694824219,117.5,113.5,116.41999816894531,94.74136352539062,5810.0,BRITANNIA.NS
2008-11-07,118.5,118.5,113.40499877929688,115.26499938964844,93.80142974853516,11840.0,BRITANNIA.NS
2008-11-10,116.0,117.94999694824219,114.51000213623047,115.62000274658203,94.09032440185547,58950.0,BRITANNIA.NS
2008-11-11,116.5,118.0,116.0,116.66000366210938,94.9366683959961,3160.0,BRITANNIA.NS
2008-11-12,113.51000213623047,116.38999938964844,113.51000213623047,115.30000305175781,93.82991790771484,1430.0,BRITANNIA.NS
2008-11-14,113.24500274658203,115.98999786376953,112.5999984741211,112.875,91.8564682006836,1190.0,BRITANNIA.NS
2008-11-17,112.5999984741211,113.5,111.0999984741211,111.51000213623047,90.74564361572266,102600.0,BRITANNIA.NS
2008-11-18,111.0,111.86499786376953,108.99500274658203,110.55999755859375,89.97256469726562,4620.0,BRITANNIA.NS
2008-11-19,107.19999694824219,111.4000015258789,107.19999694824219,110.25,89.72028350830078,18360.0,BRITANNIA.NS
2008-11-20,110.25,110.25,110.25,110.25,89.72028350830078,0.0,BRITANNIA.NS
2008-11-21,111.0,113.69999694824219,106.0250015258789,110.30000305175781,89.76097106933594,6620.0,BRITANNIA.NS
2008-11-24,111.4000015258789,113.5999984741211,110.5,113.48500061035156,92.3528823852539,4630.0,BRITANNIA.NS
2008-11-25,113.00499725341797,114.80000305175781,111.5,112.0999984741211,91.22578430175781,4650.0,BRITANNIA.NS
2008-11-26,115.0,115.0,109.50499725341797,110.5199966430664,89.93999481201172,2810.0,BRITANNIA.NS
2008-11-27,110.5199966430664,110.5199966430664,110.5199966430664,110.5199966430664,89.93999481201172,0.0,BRITANNIA.NS
2008-11-28,108.0199966430664,111.83999633789062,108.0199966430664,110.86000061035156,90.21668243408203,3590.0,BRITANNIA.NS
2008-12-01,110.25,112.0,110.0,110.18000030517578,89.6633071899414,5560.0,BRITANNIA.NS
2008-12-02,115.0,115.0,110.0,111.07499694824219,90.39164733886719,11060.0,BRITANNIA.NS
2008-12-03,114.9000015258789,114.9000015258789,110.55000305175781,112.375,91.44957733154297,4900.0,BRITANNIA.NS
2008-12-04,110.80500030517578,134.39999389648438,110.80500030517578,125.43000030517578,102.07359313964844,45610.0,BRITANNIA.NS
2008-12-05,122.55000305175781,127.5,117.0,117.375,95.51852416992188,363800.0,BRITANNIA.NS
2008-12-08,127.5,130.0,118.01000213623047,118.88500213623047,96.7473373413086,17820.0,BRITANNIA.NS
2008-12-10,121.0,121.0,119.01000213623047,120.13999938964844,97.76866912841797,160030.0,BRITANNIA.NS
2008-12-11,119.0,128.8000030517578,118.0250015258789,126.22000122070312,102.71649932861328,26780.0,BRITANNIA.NS
2008-12-12,121.80000305175781,124.87999725341797,121.5999984741211,122.80999755859375,99.94145202636719,6970.0,BRITANNIA.NS
2008-12-15,121.01000213623047,134.39999389648438,121.0,122.07499694824219,99.34333038330078,18030.0,BRITANNIA.NS
2008-12-16,123.0,123.5,118.0,119.68000030517578,97.39432525634766,10660.0,BRITANNIA.NS
2008-12-17,122.0,122.0,119.0,119.33999633789062,97.11760711669922,5220.0,BRITANNIA.NS
2008-12-18,118.5999984741211,120.5,115.20500183105469,119.24500274658203,97.0403060913086,14150.0,BRITANNIA.NS
2008-12-19,119.30000305175781,131.0,118.69999694824219,129.88999938964844,105.70308685302734,28690.0,BRITANNIA.NS
2008-12-22,127.69999694824219,137.0,122.6050033569336,128.83999633789062,104.84860229492188,56030.0,BRITANNIA.NS
2008-12-23,128.8000030517578,134.9949951171875,126.5999984741211,127.38999938964844,103.66863250732422,9320.0,BRITANNIA.NS
2008-12-24,129.0,129.0,122.125,123.7249984741211,100.68607330322266,34330.0,BRITANNIA.NS
2008-12-26,124.20500183105469,126.69999694824219,122.30000305175781,125.29000091552734,101.95966339111328,510030.0,BRITANNIA.NS
2008-12-29,126.5,128.67999267578125,124.51000213623047,126.93499755859375,103.29833984375,4140.0,BRITANNIA.NS
2008-12-30,134.47500610351562,134.47500610351562,123.0,128.10499572753906,104.25047302246094,8230.0,BRITANNIA.NS
2008-12-31,128.10000610351562,133.02999877929688,128.0,132.2449951171875,107.61955261230469,20160.0,BRITANNIA.NS
2009-01-02,131.6999969482422,133.59500122070312,130.60499572753906,132.625,107.92879486083984,5730.0,BRITANNIA.NS
2009-01-05,134.89999389648438,135.0,132.10499572753906,134.23500061035156,109.239013671875,23660.0,BRITANNIA.NS
2009-01-06,133.5,134.9499969482422,132.63499450683594,134.0050048828125,109.0518569946289,11320.0,BRITANNIA.NS
2009-01-07,134.0,134.0,127.51499938964844,129.13499450683594,105.08869171142578,61840.0,BRITANNIA.NS
2009-01-09,130.0,130.0,124.69999694824219,126.5,102.9443588256836,499570.0,BRITANNIA.NS
2009-01-12,126.5999984741211,129.5,126.5999984741211,127.99500274658203,104.16096496582031,118380.0,BRITANNIA.NS
2009-01-13,127.80000305175781,128.89500427246094,127.5,128.47500610351562,104.55158996582031,9980.0,BRITANNIA.NS
2009-01-14,129.10000610351562,130.5,128.0,130.0050048828125,105.79669189453125,3620.0,BRITANNIA.NS
2009-01-15,129.0,130.8000030517578,126.0,130.15499877929688,105.91874694824219,8400.0,BRITANNIA.NS
2009-01-16,129.89999389648438,131.0,129.0,130.10000610351562,105.87397766113281,6040.0,BRITANNIA.NS
2009-01-19,127.50499725341797,132.4499969482422,127.50499725341797,131.1750030517578,106.74881744384766,8720.0,BRITANNIA.NS
2009-01-20,128.52999877929688,131.3000030517578,128.52999877929688,131.02000427246094,106.62269592285156,4130.0,BRITANNIA.NS
2009-01-21,128.5050048828125,133.5,128.5050048828125,132.74000549316406,108.02239990234375,205230.0,BRITANNIA.NS
2009-01-22,134.1999969482422,134.1999969482422,131.1999969482422,132.17999267578125,107.56668090820312,11460.0,BRITANNIA.NS
2009-01-23,131.5,132.0,130.72999572753906,131.1699981689453,106.74473571777344,3440.0,BRITANNIA.NS
2009-01-27,130.0050048828125,135.6999969482422,130.0050048828125,135.1649932861328,109.99581146240234,12870.0,BRITANNIA.NS
2009-01-28,132.0,133.5,131.02999877929688,132.71499633789062,108.0020523071289,11460.0,BRITANNIA.NS
2009-01-29,132.5,135.89999389648438,131.77999877929688,134.0449981689453,109.08438873291016,22880.0,BRITANNIA.NS
2009-01-30,133.0,140.0,131.0050048828125,139.06500244140625,113.16958618164062,61370.0,BRITANNIA.NS
2009-02-02,142.4949951171875,142.89999389648438,135.0500030517578,140.0050048828125,113.9345703125,23780.0,BRITANNIA.NS
2009-02-03,138.10499572753906,140.88999938964844,138.0,138.41000366210938,112.63660430908203,11780.0,BRITANNIA.NS
2009-02-04,139.0,140.0,136.00999450683594,137.56500244140625,111.94893646240234,11720.0,BRITANNIA.NS
2009-02-05,136.5500030517578,137.875,135.2050018310547,136.00999450683594,110.6834945678711,93260.0,BRITANNIA.NS
2009-02-06,137.5,140.0,136.0,139.72500610351562,113.70671081542969,21050.0,BRITANNIA.NS
2009-02-09,138.00999450683594,139.89999389648438,137.39999389648438,137.93499755859375,112.25000762939453,5860.0,BRITANNIA.NS
2009-02-10,139.0,139.99000549316406,136.1300048828125,139.7100067138672,113.69449615478516,17190.0,BRITANNIA.NS
2009-02-11,140.01499938964844,140.01499938964844,137.02999877929688,139.625,113.62535095214844,1690.0,BRITANNIA.NS
2009-02-12,140.0,140.4949951171875,137.125,138.0399932861328,112.33546447753906,6740.0,BRITANNIA.NS
2009-02-13,137.50999450683594,139.0,135.30999755859375,138.7949981689453,112.94989776611328,21050.0,BRITANNIA.NS
2009-02-16,138.9949951171875,138.9949951171875,137.0,137.13499450683594,111.59899139404297,4100.0,BRITANNIA.NS
2009-02-17,136.5,136.89999389648438,134.30499267578125,135.30499267578125,110.10975646972656,3040.0,BRITANNIA.NS
2009-02-18,136.0,139.10000610351562,135.2050018310547,138.32000732421875,112.56333923339844,17200.0,BRITANNIA.NS
2009-02-19,138.00999450683594,139.69000244140625,135.6999969482422,135.98500061035156,110.66311645507812,3270.0,BRITANNIA.NS
2009-02-20,137.9949951171875,138.0449981689453,135.0500030517578,135.73500061035156,110.45970153808594,11800.0,BRITANNIA.NS
2009-02-24,137.5,137.89500427246094,130.2100067138672,134.0500030517578,109.08845520019531,147790.0,BRITANNIA.NS
2009-02-25,134.38999938964844,134.38999938964844,131.10000610351562,132.71499633789062,108.0020523071289,9210.0,BRITANNIA.NS
2009-02-26,131.5050048828125,133.39500427246094,131.10000610351562,131.49000549316406,107.00515747070312,7090.0,BRITANNIA.NS
2009-02-27,131.5,132.48500061035156,131.0050048828125,131.50999450683594,107.02143096923828,1290.0,BRITANNIA.NS
2009-03-02,132.0,133.5,131.5,131.5,107.01331329345703,3900.0,BRITANNIA.NS
2009-03-03,131.5,132.41000366210938,130.0,131.8000030517578,107.25743103027344,10990.0,BRITANNIA.NS
2009-03-04,131.2050018310547,131.98500061035156,128.0,128.90499877929688,104.90150451660156,10670.0,BRITANNIA.NS
2009-03-05,131.39999389648438,131.39999389648438,125.43499755859375,126.7249984741211,103.12744140625,32720.0,BRITANNIA.NS
2009-03-06,126.0,128.4499969482422,126.0,126.93499755859375,103.29833984375,4890.0,BRITANNIA.NS
2009-03-09,127.9800033569336,127.9800033569336,122.0,122.48999786376953,99.68106079101562,8680.0,BRITANNIA.NS
2009-03-12,123.1050033569336,124.4749984741211,122.4000015258789,124.36000061035156,101.20282745361328,6050.0,BRITANNIA.NS
2009-03-13,125.0,125.0,122.5,123.79499816894531,100.7430419921875,5810.0,BRITANNIA.NS
2009-03-16,124.79499816894531,132.0,123.5,129.10499572753906,105.06427764892578,30070.0,BRITANNIA.NS
2009-03-17,128.3000030517578,129.52499389648438,128.2100067138672,129.46499633789062,105.35723876953125,54120.0,BRITANNIA.NS
2009-03-18,130.39999389648438,135.0,128.52000427246094,134.14999389648438,109.16983795166016,14750.0,BRITANNIA.NS
2009-03-19,132.0050048828125,134.5,129.10000610351562,130.17999267578125,105.9390869140625,41450.0,BRITANNIA.NS
2009-03-20,132.4949951171875,136.3699951171875,130.11000061035156,135.50999450683594,110.27658081054688,437550.0,BRITANNIA.NS
2009-03-23,135.5,136.88999938964844,133.5,135.3800048828125,110.17080688476562,63860.0,BRITANNIA.NS
2009-03-24,136.47999572753906,136.47999572753906,130.60000610351562,133.75999450683594,108.85247039794922,46320.0,BRITANNIA.NS
2009-03-25,131.64999389648438,132.9600067138672,126.25,128.26499938964844,104.38068389892578,70790.0,BRITANNIA.NS
2009-03-26,134.89500427246094,152.0,131.3249969482422,132.78500366210938,108.05901336669922,45630.0,BRITANNIA.NS
2009-03-27,136.49000549316406,136.49000549316406,132.125,133.81500244140625,108.897216796875,31480.0,BRITANNIA.NS
2009-03-30,130.5050048828125,139.0,129.00999450683594,138.7449951171875,112.90919494628906,50010.0,BRITANNIA.NS
2009-03-31,140.0,144.8000030517578,136.5,140.0050048828125,113.9345703125,701060.0,BRITANNIA.NS
2009-04-01,138.5,142.38999938964844,138.39999389648438,139.98500061035156,113.91829681396484,129510.0,BRITANNIA.NS
2009-04-02,142.77000427246094,143.5,139.00999450683594,142.72999572753906,116.15216064453125,49130.0,BRITANNIA.NS
2009-04-06,145.3000030517578,168.8000030517578,140.60000610351562,147.89999389648438,120.35943603515625,919940.0,BRITANNIA.NS
2009-04-08,141.1649932861328,148.47999572753906,141.1649932861328,147.25,119.8304672241211,68050.0,BRITANNIA.NS
2009-04-09,148.0,151.89999389648438,143.11000061035156,144.69000244140625,117.74716186523438,55930.0,BRITANNIA.NS
2009-04-13,145.47999572753906,148.60000610351562,145.0,147.52999877929688,120.05835723876953,38810.0,BRITANNIA.NS
2009-04-15,145.0,152.5,145.0,151.9600067138672,123.6634292602539,362020.0,BRITANNIA.NS
2009-04-16,152.5,153.5,151.10000610351562,152.07000732421875,123.75296020507812,78850.0,BRITANNIA.NS
2009-04-17,153.8000030517578,155.0,152.1999969482422,153.6300048828125,125.02245330810547,138740.0,BRITANNIA.NS
2009-04-20,153.5,160.10000610351562,151.5,159.5399932861328,129.83193969726562,131020.0,BRITANNIA.NS
2009-04-21,164.0,169.89999389648438,151.6999969482422,155.6699981689453,126.68255615234375,317190.0,BRITANNIA.NS
2009-04-22,156.89999389648438,156.89999389648438,150.0,151.98500061035156,123.68379974365234,66220.0,BRITANNIA.NS
2009-04-23,152.5,152.5,150.0,152.38499450683594,124.00927734375,17360.0,BRITANNIA.NS
2009-04-24,152.39999389648438,156.0,150.5,155.35000610351562,126.42218780517578,658590.0,BRITANNIA.NS
2009-04-27,154.89500427246094,161.6999969482422,150.10499572753906,154.14500427246094,125.44153594970703,114550.0,BRITANNIA.NS
2009-04-28,156.0,158.0,152.5,156.28500366210938,127.18306732177734,45990.0,BRITANNIA.NS
2009-04-29,157.5,161.5,154.5050048828125,160.0800018310547,130.27137756347656,79390.0,BRITANNIA.NS
2009-04-30,160.0800018310547,160.0800018310547,160.0800018310547,160.0800018310547,130.27137756347656,0.0,BRITANNIA.NS
2009-05-04,157.3000030517578,162.0,156.0,158.02000427246094,128.594970703125,29770.0,BRITANNIA.NS
2009-05-05,158.0500030517578,159.0,154.0,154.74000549316406,125.92577362060547,25620.0,BRITANNIA.NS
2009-05-06,155.8000030517578,156.5,150.8000030517578,155.9499969482422,126.91043090820312,30240.0,BRITANNIA.NS
2009-05-07,156.99000549316406,159.5,152.6999969482422,156.0449981689453,126.98776245117188,22510.0,BRITANNIA.NS
2009-05-08,154.48500061035156,156.3699951171875,152.8000030517578,156.03500366210938,126.97959899902344,46130.0,BRITANNIA.NS
2009-05-11,150.66000366210938,157.6999969482422,135.14999389648438,156.92999267578125,127.70795440673828,130470.0,BRITANNIA.NS
2009-05-12,155.36000061035156,157.85000610351562,153.8000030517578,157.01499938964844,127.77711486816406,26950.0,BRITANNIA.NS
2009-05-13,157.0,157.5,154.60499572753906,157.10000610351562,127.84632873535156,63000.0,BRITANNIA.NS
2009-05-14,154.5,161.0,153.10000610351562,160.05999755859375,130.255126953125,77580.0,BRITANNIA.NS
2009-05-15,160.89999389648438,165.1999969482422,160.0,163.5800018310547,133.11968994140625,174720.0,BRITANNIA.NS
2009-05-18,163.5800018310547,163.5800018310547,163.5800018310547,163.5800018310547,133.11968994140625,0.0,BRITANNIA.NS
2009-05-19,168.0,178.8000030517578,164.0,168.19500732421875,136.87530517578125,539010.0,BRITANNIA.NS
2009-05-20,168.10000610351562,179.0,166.5,173.48500061035156,141.1802215576172,214970.0,BRITANNIA.NS
2009-05-21,174.5,178.5,171.5,173.6649932861328,141.3267059326172,45340.0,BRITANNIA.NS
2009-05-22,172.00999450683594,174.0,169.1999969482422,170.21499633789062,138.5191650390625,6410.0,BRITANNIA.NS
2009-05-25,172.5,172.5,167.0050048828125,169.97500610351562,138.3238525390625,9700.0,BRITANNIA.NS
2009-05-26,170.3000030517578,172.5,167.5,169.81500244140625,138.1936492919922,64790.0,BRITANNIA.NS
2009-05-27,179.9949951171875,200.0,171.0,173.90499877929688,141.52203369140625,278600.0,BRITANNIA.NS
2009-05-28,198.22000122070312,198.22000122070312,165.625,169.84500122070312,138.21803283691406,327130.0,BRITANNIA.NS
2009-05-29,179.5,179.5,166.0,171.44000244140625,139.51605224609375,80790.0,BRITANNIA.NS
2009-06-01,170.89999389648438,172.3300018310547,166.0,168.27999877929688,136.9444580078125,70630.0,BRITANNIA.NS
2009-06-02,164.5,169.47999572753906,164.5,166.9499969482422,135.86215209960938,26730.0,BRITANNIA.NS
2009-06-03,169.39999389648438,169.39999389648438,162.57000732421875,163.93499755859375,133.40855407714844,33620.0,BRITANNIA.NS
2009-06-04,163.1199951171875,166.39999389648438,162.0,163.17999267578125,132.79415893554688,43680.0,BRITANNIA.NS
2009-06-05,164.97000122070312,165.3000030517578,163.67999267578125,164.3300018310547,133.72996520996094,75490.0,BRITANNIA.NS
2009-06-08,165.1999969482422,168.0,163.5,163.8800048828125,133.36380004882812,31360.0,BRITANNIA.NS
2009-06-09,162.6999969482422,163.0,153.39999389648438,161.75,134.9236602783203,43070.0,BRITANNIA.NS
2009-06-10,160.8000030517578,164.39999389648438,160.0,160.30499267578125,133.7183074951172,21850.0,BRITANNIA.NS
2009-06-11,161.10000610351562,163.39999389648438,158.10000610351562,160.38999938964844,133.7892303466797,15080.0,BRITANNIA.NS
2009-06-12,161.3000030517578,161.3249969482422,156.0,156.50999450683594,130.55270385742188,18470.0,BRITANNIA.NS
2009-06-15,158.60000610351562,160.0,155.50999450683594,158.7100067138672,132.38784790039062,14060.0,BRITANNIA.NS
2009-06-16,156.5,158.27999877929688,155.5,157.80499267578125,131.63291931152344,23540.0,BRITANNIA.NS
2009-06-17,159.99000549316406,161.0,158.69500732421875,159.97999572753906,133.44720458984375,20160.0,BRITANNIA.NS
2009-06-18,159.89999389648438,161.97999572753906,158.0500030517578,160.0449981689453,133.5014190673828,16800.0,BRITANNIA.NS
2009-06-19,160.0,160.0,155.50999450683594,156.55499267578125,130.59022521972656,10720.0,BRITANNIA.NS
2009-06-22,155.0,159.89999389648438,152.60000610351562,156.55499267578125,130.59022521972656,9250.0,BRITANNIA.NS
2009-06-23,154.5050048828125,156.4499969482422,152.7100067138672,155.9949951171875,130.12315368652344,43050.0,BRITANNIA.NS
2009-06-24,156.00999450683594,157.5,156.00999450683594,156.9199981689453,130.8946990966797,10490.0,BRITANNIA.NS
2009-06-25,156.00999450683594,157.47999572753906,155.0,155.0749969482422,129.35569763183594,10460.0,BRITANNIA.NS
2009-06-26,156.0,158.0,154.5,155.92999267578125,130.06890869140625,15310.0,BRITANNIA.NS
2009-06-29,157.5,163.0,155.10499572753906,161.0050048828125,134.3022003173828,72240.0,BRITANNIA.NS
2009-06-30,160.99000549316406,162.4949951171875,157.30499267578125,159.53500366210938,133.07601928710938,57550.0,BRITANNIA.NS
2009-07-01,160.0,160.49000549316406,156.1300048828125,157.01499938964844,130.97396850585938,43540.0,BRITANNIA.NS
2009-07-02,158.0,160.0,157.5,158.13499450683594,131.90818786621094,18300.0,BRITANNIA.NS
2009-07-03,158.99000549316406,159.7949981689453,157.5,158.28500366210938,132.0333251953125,32530.0,BRITANNIA.NS
2009-07-06,158.11000061035156,159.89500427246094,155.5500030517578,158.1699981689453,131.93739318847656,45600.0,BRITANNIA.NS
2009-07-07,158.89500427246094,165.89999389648438,156.05499267578125,162.58999633789062,135.62435913085938,53900.0,BRITANNIA.NS
2009-07-08,159.0,162.0,158.60000610351562,160.4499969482422,133.83926391601562,13390.0,BRITANNIA.NS
2009-07-09,160.02000427246094,160.02000427246094,158.00999450683594,159.3699951171875,132.9383544921875,4740.0,BRITANNIA.NS
2009-07-10,159.64999389648438,159.64999389648438,157.02000427246094,157.875,131.69131469726562,3050.0,BRITANNIA.NS
2009-07-13,158.89999389648438,162.5,157.0,160.96499633789062,134.26882934570312,43920.0,BRITANNIA.NS
2009-07-14,160.96499633789062,161.39999389648438,158.5500030517578,159.8249969482422,133.3179168701172,4570.0,BRITANNIA.NS
2009-07-15,160.85000610351562,161.4499969482422,158.39999389648438,159.32000732421875,132.8966827392578,4330.0,BRITANNIA.NS
2009-07-16,160.5,160.5,157.75999450683594,158.375,132.10838317871094,5170.0,BRITANNIA.NS
2009-07-17,158.0,159.99000549316406,158.0,158.52000427246094,132.2293243408203,3790.0,BRITANNIA.NS
2009-07-20,159.88999938964844,168.5,159.3000030517578,165.82000732421875,138.31866455078125,252040.0,BRITANNIA.NS
2009-07-21,167.5,167.5,160.5,166.14999389648438,138.59390258789062,15430.0,BRITANNIA.NS
2009-07-22,166.14999389648438,173.0,166.14999389648438,171.39500427246094,142.968994140625,46070.0,BRITANNIA.NS
2009-07-23,172.0,179.5,170.60000610351562,178.1750030517578,148.62457275390625,182020.0,BRITANNIA.NS
2009-07-24,179.5,183.5,179.0,182.00999450683594,151.82351684570312,83390.0,BRITANNIA.NS
2009-07-27,181.94000244140625,185.0,180.0,184.3350067138672,153.76290893554688,36940.0,BRITANNIA.NS
2009-07-28,185.0,185.0,176.89999389648438,180.35499572753906,150.4429931640625,17890.0,BRITANNIA.NS
2009-07-29,178.0,183.48500061035156,174.5,182.4149932861328,152.16136169433594,24900.0,BRITANNIA.NS
2009-07-30,180.11000061035156,182.9949951171875,180.10000610351562,181.69000244140625,151.55661010742188,5170.0,BRITANNIA.NS
2009-07-31,183.4949951171875,189.39999389648438,182.2100067138672,186.875,155.88165283203125,82160.0,BRITANNIA.NS
2009-08-03,189.0,189.0,182.5,183.64500427246094,153.18734741210938,132370.0,BRITANNIA.NS
2009-08-04,183.69500732421875,185.0,177.8000030517578,178.47000122070312,148.87063598632812,15420.0,BRITANNIA.NS
2009-08-05,182.0,183.85000610351562,179.6999969482422,180.5800018310547,150.63067626953125,17420.0,BRITANNIA.NS
2009-08-06,181.0,182.5,171.22999572753906,174.6199951171875,145.65919494628906,29570.0,BRITANNIA.NS
2009-08-07,175.0,175.0,170.0,170.4499969482422,142.1807403564453,16270.0,BRITANNIA.NS
2009-08-10,174.89500427246094,179.24000549316406,168.0,169.09500122070312,141.05050659179688,198460.0,BRITANNIA.NS
2009-08-11,171.0,172.5,164.94500732421875,165.7050018310547,138.2227020263672,9930.0,BRITANNIA.NS
2009-08-12,167.4499969482422,167.4499969482422,163.6999969482422,164.63499450683594,137.3301544189453,47020.0,BRITANNIA.NS
2009-08-13,166.10000610351562,169.0,163.5,167.61500549316406,139.81591796875,12300.0,BRITANNIA.NS
2009-08-14,169.0,174.9949951171875,169.0,172.39999389648438,143.8073272705078,78580.0,BRITANNIA.NS
2009-08-17,173.0,173.0,167.39999389648438,168.05999755859375,140.18710327148438,10100.0,BRITANNIA.NS
2009-08-18,166.39999389648438,169.4949951171875,165.5,166.3350067138672,138.7482147216797,15360.0,BRITANNIA.NS
2009-08-19,167.39999389648438,168.5,165.10000610351562,166.63999938964844,139.00267028808594,14690.0,BRITANNIA.NS
2009-08-20,166.8000030517578,168.5,164.2050018310547,164.7899932861328,137.45947265625,11050.0,BRITANNIA.NS
2009-08-21,167.0,167.0,162.5,163.69000244140625,136.5419158935547,16460.0,BRITANNIA.NS
2009-08-24,167.47999572753906,167.47999572753906,163.6999969482422,165.0,137.63465881347656,666200.0,BRITANNIA.NS
2009-08-25,166.47000122070312,173.10000610351562,165.5,168.34500122070312,140.4248504638672,36670.0,BRITANNIA.NS
2009-08-26,169.3000030517578,169.39999389648438,165.0,166.0800018310547,138.53550720214844,11120.0,BRITANNIA.NS
2009-08-27,165.1199951171875,169.0,162.1999969482422,163.81500244140625,136.6461639404297,40860.0,BRITANNIA.NS
2009-08-28,164.0,166.99000549316406,164.0,165.89500427246094,138.38121032714844,217550.0,BRITANNIA.NS
2009-08-31,164.0050048828125,168.5,164.0050048828125,166.39500427246094,138.79827880859375,431010.0,BRITANNIA.NS
2009-09-01,169.0,178.61000061035156,166.5,168.23500061035156,140.33311462402344,68010.0,BRITANNIA.NS
2009-09-02,168.0,169.0,166.89999389648438,167.93499755859375,140.08287048339844,8590.0,BRITANNIA.NS
2009-09-03,167.0,168.39999389648438,167.0,167.72999572753906,139.91188049316406,5300.0,BRITANNIA.NS
2009-09-04,166.5,168.5,165.0,165.50999450683594,138.06002807617188,7300.0,BRITANNIA.NS
2009-09-07,168.39999389648438,168.89999389648438,164.7899932861328,165.02499389648438,137.65548706054688,286270.0,BRITANNIA.NS
2009-09-08,167.3000030517578,167.3000030517578,163.5,165.9600067138672,138.43545532226562,15480.0,BRITANNIA.NS
2009-09-09,165.89999389648438,166.89999389648438,164.0,164.77000427246094,137.44281005859375,11140.0,BRITANNIA.NS
2009-09-10,162.10000610351562,166.9949951171875,162.10000610351562,164.60499572753906,137.3051300048828,24840.0,BRITANNIA.NS
2009-09-11,166.39999389648438,166.39999389648438,164.25,164.8300018310547,137.49282836914062,85830.0,BRITANNIA.NS
2009-09-14,166.0,166.0,163.7050018310547,164.41000366210938,137.1425018310547,6080.0,BRITANNIA.NS
2009-09-15,165.39999389648438,165.39999389648438,163.61000061035156,164.6750030517578,137.36355590820312,14300.0,BRITANNIA.NS
2009-09-16,166.0,166.0,159.10000610351562,159.89500427246094,133.37631225585938,63950.0,BRITANNIA.NS
2009-09-17,163.5,163.53500366210938,156.6649932861328,156.92999267578125,130.90304565429688,1262870.0,BRITANNIA.NS
2009-09-18,158.4949951171875,158.4949951171875,153.10000610351562,154.3300018310547,128.7342529296875,111150.0,BRITANNIA.NS
2009-09-22,154.3300018310547,156.4949951171875,150.5,151.2949981689453,126.20262145996094,219680.0,BRITANNIA.NS
2009-09-23,152.0,154.0,151.1999969482422,151.4949951171875,126.36943817138672,253250.0,BRITANNIA.NS
2009-09-24,152.0,154.0,150.60499572753906,153.10499572753906,127.71240997314453,193450.0,BRITANNIA.NS
2009-09-25,152.3300018310547,154.49000549316406,152.10000610351562,152.7899932861328,127.44967651367188,41880.0,BRITANNIA.NS
2009-09-29,154.8000030517578,155.9499969482422,151.0,154.6999969482422,129.04293823242188,24770.0,BRITANNIA.NS
2009-09-30,153.1999969482422,158.10000610351562,153.1999969482422,156.51499938964844,130.55685424804688,432440.0,BRITANNIA.NS
2009-10-01,154.10000610351562,158.0,154.10000610351562,155.9600067138672,130.09396362304688,33740.0,BRITANNIA.NS
2009-10-05,156.0,157.0800018310547,154.5,155.19500732421875,129.45584106445312,29280.0,BRITANNIA.NS
2009-10-06,159.5,160.5,152.00999450683594,153.67999267578125,128.19207763671875,73120.0,BRITANNIA.NS
2009-10-07,154.5,156.99000549316406,154.0500030517578,154.89500427246094,129.20558166503906,33040.0,BRITANNIA.NS
2009-10-08,154.1999969482422,157.88999938964844,153.5,157.22999572753906,131.15330505371094,80980.0,BRITANNIA.NS
2009-10-09,156.8000030517578,165.5,155.0,163.50999450683594,136.39175415039062,168340.0,BRITANNIA.NS
2009-10-12,163.89999389648438,166.0050048828125,162.5,164.0749969482422,136.86302185058594,42240.0,BRITANNIA.NS
2009-10-13,164.0749969482422,164.0749969482422,164.0749969482422,164.0749969482422,136.86302185058594,0.0,BRITANNIA.NS
2009-10-14,164.0,165.35000610351562,161.25,163.1649932861328,136.1039581298828,35920.0,BRITANNIA.NS
2009-10-15,163.10000610351562,164.8000030517578,161.50999450683594,164.09500122070312,136.87973022460938,21400.0,BRITANNIA.NS
2009-10-16,162.80999755859375,165.5800018310547,162.80999755859375,164.13999938964844,136.91725158691406,27180.0,BRITANNIA.NS
2009-10-20,173.5,178.5,173.5,176.30499267578125,147.064697265625,156180.0,BRITANNIA.NS
2009-10-21,172.0,178.64999389648438,172.0,175.83999633789062,146.6768035888672,87180.0,BRITANNIA.NS
2009-10-22,174.0500030517578,175.0,169.5,170.01499938964844,141.8179168701172,19860.0,BRITANNIA.NS
2009-10-23,171.0,176.99000549316406,171.0,173.0500030517578,144.3495330810547,45940.0,BRITANNIA.NS
2009-10-26,173.0,175.0,171.1199951171875,171.52000427246094,143.07330322265625,20070.0,BRITANNIA.NS
2009-10-27,170.0,172.89500427246094,166.1999969482422,167.02499389648438,139.3237762451172,17920.0,BRITANNIA.NS
2009-10-28,165.0,168.0,164.0,167.27999877929688,139.53646850585938,30970.0,BRITANNIA.NS
2009-10-29,165.1999969482422,168.89999389648438,165.1999969482422,167.99000549316406,140.12876892089844,15790.0,BRITANNIA.NS
2009-10-30,171.0,173.44500732421875,165.5500030517578,166.375,138.7816162109375,16670.0,BRITANNIA.NS
2009-11-03,165.1999969482422,167.89500427246094,164.00999450683594,165.59500122070312,138.1309814453125,9810.0,BRITANNIA.NS
2009-11-04,166.9499969482422,166.9499969482422,164.23500061035156,165.78500366210938,138.28945922851562,14490.0,BRITANNIA.NS
2009-11-05,161.8000030517578,166.10000610351562,161.8000030517578,164.52499389648438,137.2384490966797,11500.0,BRITANNIA.NS
2009-11-06,165.0,166.3000030517578,162.0,164.00999450683594,136.80882263183594,73970.0,BRITANNIA.NS
2009-11-09,163.5,168.0,162.39999389648438,167.1750030517578,139.44894409179688,16520.0,BRITANNIA.NS
2009-11-10,167.0,168.99000549316406,166.2100067138672,166.96499633789062,139.27377319335938,10620.0,BRITANNIA.NS
2009-11-11,167.0,170.0,165.5,169.19000244140625,141.12973022460938,16470.0,BRITANNIA.NS
2009-11-12,170.0,170.0,167.0,167.6649932861328,139.85765075683594,7080.0,BRITANNIA.NS
2009-11-13,168.89999389648438,169.89999389648438,166.0050048828125,167.13999938964844,139.41973876953125,8760.0,BRITANNIA.NS
2009-11-16,169.49000549316406,169.49000549316406,166.0,167.22999572753906,139.4947967529297,16300.0,BRITANNIA.NS
2009-11-17,168.0,168.0,156.22500610351562,163.7100067138672,136.55859375,24540.0,BRITANNIA.NS
2009-11-18,167.89999389648438,168.89999389648438,165.0,167.24000549316406,139.50311279296875,85190.0,BRITANNIA.NS
2009-11-19,168.0,169.10000610351562,167.8000030517578,168.3300018310547,140.412353515625,9870.0,BRITANNIA.NS
2009-11-20,166.125,169.1199951171875,166.125,168.83999633789062,140.83775329589844,92200.0,BRITANNIA.NS
2009-11-23,167.3000030517578,168.6999969482422,164.00999450683594,164.92999267578125,137.5762481689453,15520.0,BRITANNIA.NS
2009-11-24,167.0,168.0,166.11000061035156,167.28500366210938,139.54067993164062,9220.0,BRITANNIA.NS
2009-11-25,168.39500427246094,168.39500427246094,166.5,166.7050018310547,139.05686950683594,5340.0,BRITANNIA.NS
2009-11-26,165.5,167.5,164.0,164.97999572753906,137.61795043945312,12130.0,BRITANNIA.NS
2009-11-27,165.0,165.0,159.60000610351562,162.3300018310547,135.407470703125,24330.0,BRITANNIA.NS
2009-11-30,162.60000610351562,165.5,159.0,160.30999755859375,133.72247314453125,34850.0,BRITANNIA.NS
2009-12-01,166.89999389648438,166.89999389648438,161.19000244140625,162.55499267578125,135.59512329101562,16550.0,BRITANNIA.NS
2009-12-02,162.5,164.89999389648438,161.2100067138672,162.08999633789062,135.20729064941406,111950.0,BRITANNIA.NS
2009-12-03,161.5,164.7899932861328,161.5,163.2550048828125,136.1790771484375,15380.0,BRITANNIA.NS
2009-12-04,161.60000610351562,166.8000030517578,161.60000610351562,163.89500427246094,136.71292114257812,20280.0,BRITANNIA.NS
2009-12-07,164.1999969482422,167.0,164.1999969482422,166.69000244140625,139.04434204101562,27920.0,BRITANNIA.NS
2009-12-08,166.0,168.0,166.0,167.19500732421875,139.46559143066406,14920.0,BRITANNIA.NS
2009-12-09,166.10000610351562,166.99000549316406,165.1999969482422,165.80999755859375,138.31027221679688,7180.0,BRITANNIA.NS
2009-12-10,166.89500427246094,167.0,164.5,165.18499755859375,137.7889404296875,15570.0,BRITANNIA.NS
2009-12-11,166.0,167.875,165.0,166.03500366210938,138.4979705810547,19890.0,BRITANNIA.NS
2009-12-14,166.0,166.97999572753906,163.5,163.9550018310547,136.76296997070312,12860.0,BRITANNIA.NS
2009-12-15,163.0050048828125,165.8000030517578,162.0,162.24000549316406,135.3323974609375,19160.0,BRITANNIA.NS
2009-12-16,162.5,164.8800048828125,161.7050018310547,163.88499450683594,136.70455932617188,6220.0,BRITANNIA.NS
2009-12-17,165.99000549316406,165.99000549316406,161.0,162.06500244140625,135.1864013671875,12350.0,BRITANNIA.NS
2009-12-18,162.1999969482422,165.0,162.1999969482422,163.3300018310547,136.24160766601562,12670.0,BRITANNIA.NS
2009-12-21,164.5,164.75,162.75,163.05499267578125,136.01222229003906,6700.0,BRITANNIA.NS
2009-12-22,163.6999969482422,163.8699951171875,161.125,161.82000732421875,134.9820556640625,12440.0,BRITANNIA.NS
2009-12-23,162.5,164.0,162.5,163.89500427246094,136.71292114257812,14060.0,BRITANNIA.NS
2009-12-24,164.0,164.1999969482422,162.0,162.61000061035156,135.64102172851562,6770.0,BRITANNIA.NS
2009-12-29,165.0,166.5,163.0,164.47000122070312,137.1925506591797,14790.0,BRITANNIA.NS
2009-12-30,164.89999389648438,167.0,164.10000610351562,166.69500732421875,139.04855346679688,13680.0,BRITANNIA.NS
2009-12-31,168.4499969482422,168.4499969482422,164.14999389648438,168.0399932861328,140.17042541503906,24750.0,BRITANNIA.NS
2010-01-04,166.89999389648438,169.5,166.10499572753906,166.85499572753906,139.1820068359375,18690.0,BRITANNIA.NS
2010-01-05,167.0,169.4199981689453,166.0,167.10499572753906,139.3905029296875,22810.0,BRITANNIA.NS
2010-01-06,168.5,168.5,164.5,165.5850067138672,138.12261962890625,21500.0,BRITANNIA.NS
2010-01-07,165.5850067138672,166.5,164.0,164.90499877929688,137.55540466308594,821990.0,BRITANNIA.NS
2010-01-08,164.10000610351562,166.98500061035156,164.10000610351562,165.27000427246094,137.85984802246094,145140.0,BRITANNIA.NS
2010-01-11,167.3000030517578,167.3000030517578,165.0,165.22999572753906,137.82647705078125,1115070.0,BRITANNIA.NS
2010-01-12,167.5,169.5,164.52499389648438,166.63999938964844,139.00267028808594,534950.0,BRITANNIA.NS
2010-01-13,167.8000030517578,167.8000030517578,165.25999450683594,166.03500366210938,138.4979705810547,10840.0,BRITANNIA.NS
2010-01-14,167.39999389648438,169.1999969482422,166.03500366210938,168.02499389648438,140.15794372558594,36870.0,BRITANNIA.NS
2010-01-15,167.22500610351562,169.60000610351562,167.1999969482422,169.3699951171875,141.27984619140625,22940.0,BRITANNIA.NS
2010-01-18,169.89999389648438,171.39999389648438,167.5,168.3249969482422,140.40818786621094,31790.0,BRITANNIA.NS
2010-01-19,169.39999389648438,170.375,168.02999877929688,169.00999450683594,140.97958374023438,28070.0,BRITANNIA.NS
2010-01-20,169.97999572753906,170.89500427246094,165.8800048828125,166.22000122070312,138.6522979736328,11010.0,BRITANNIA.NS
2010-01-21,166.0,166.99000549316406,164.2449951171875,164.7550048828125,137.43026733398438,22210.0,BRITANNIA.NS
2010-01-22,161.60000610351562,165.0,160.8000030517578,164.1699981689453,136.94229125976562,18500.0,BRITANNIA.NS
2010-01-25,165.9499969482422,165.9499969482422,162.5,163.26499938964844,136.18739318847656,13250.0,BRITANNIA.NS
2010-01-27,164.0,165.47999572753906,155.0,157.35499572753906,131.257568359375,29810.0,BRITANNIA.NS
2010-01-28,160.0,161.5,157.5,159.55499267578125,133.0927276611328,101900.0,BRITANNIA.NS
2010-01-29,158.89999389648438,158.89999389648438,154.50999450683594,156.64999389648438,130.66949462890625,33120.0,BRITANNIA.NS
2010-02-01,156.60000610351562,160.5,155.60499572753906,159.5800018310547,133.11354064941406,10330.0,BRITANNIA.NS
2010-02-02,160.0050048828125,160.97999572753906,159.10000610351562,159.98500061035156,133.4513702392578,12330.0,BRITANNIA.NS
2010-02-03,159.0,161.44000244140625,156.5,159.9149932861328,133.39300537109375,21660.0,BRITANNIA.NS
2010-02-04,160.0,161.39500427246094,159.10000610351562,159.58999633789062,133.12185668945312,6310.0,BRITANNIA.NS
2010-02-05,159.11000061035156,161.39999389648438,154.5,159.75,133.25535583496094,23760.0,BRITANNIA.NS
2010-02-06,,,,,,,BRITANNIA.NS
2010-02-08,161.8000030517578,163.3000030517578,159.5,160.73500061035156,134.07701110839844,37340.0,BRITANNIA.NS
2010-02-09,163.5,163.5,160.0,160.89500427246094,134.21046447753906,10100.0,BRITANNIA.NS
2010-02-10,160.72000122070312,163.33999633789062,160.10000610351562,162.63499450683594,135.661865234375,22230.0,BRITANNIA.NS
2010-02-11,161.5,165.47999572753906,161.5,163.02999877929688,135.99134826660156,52810.0,BRITANNIA.NS
2010-02-15,162.14500427246094,166.6999969482422,162.13999938964844,164.99000549316406,137.6262969970703,24750.0,BRITANNIA.NS
2010-02-16,163.5,164.27499389648438,162.60000610351562,163.0,135.96632385253906,16400.0,BRITANNIA.NS
2010-02-17,162.7050018310547,164.5,162.6999969482422,163.13999938964844,136.0831298828125,18400.0,BRITANNIA.NS
2010-02-18,165.0,178.5,162.11000061035156,163.60499572753906,136.47100830078125,12690.0,BRITANNIA.NS
2010-02-19,164.5,165.0,162.5,163.2100067138672,136.14151000976562,25950.0,BRITANNIA.NS
2010-02-22,164.4949951171875,164.4949951171875,162.10499572753906,163.0050048828125,135.97048950195312,5810.0,BRITANNIA.NS
2010-02-23,162.01499938964844,163.77999877929688,162.0,162.89999389648438,135.88290405273438,18380.0,BRITANNIA.NS
2010-02-24,162.0050048828125,164.7899932861328,160.1999969482422,164.0,136.80050659179688,125160.0,BRITANNIA.NS
2010-02-25,165.0,167.0,160.52999877929688,164.59500122070312,137.2968292236328,31950.0,BRITANNIA.NS
2010-02-26,166.00999450683594,167.69500732421875,164.89999389648438,167.34500122070312,139.59072875976562,64360.0,BRITANNIA.NS
2010-03-02,170.0,170.0,166.72500610351562,169.0850067138672,141.04212951660156,123080.0,BRITANNIA.NS
2010-03-03,167.8000030517578,176.0,167.8000030517578,174.27000427246094,145.36721801757812,54550.0,BRITANNIA.NS
2010-03-04,174.97000122070312,175.10499572753906,172.2050018310547,174.60000610351562,145.64248657226562,55360.0,BRITANNIA.NS
2010-03-05,175.5,177.39999389648438,174.60000610351562,176.74000549316406,147.4275360107422,143710.0,BRITANNIA.NS
2010-03-08,169.77000427246094,169.89500427246094,161.0050048828125,164.00999450683594,136.80882263183594,191150.0,BRITANNIA.NS
2010-03-09,166.0,166.5,157.5,160.9949951171875,134.29385375976562,88590.0,BRITANNIA.NS
2010-03-10,162.0,163.0,159.10000610351562,159.625,133.1510772705078,57860.0,BRITANNIA.NS
2010-03-11,160.8000030517578,161.49000549316406,156.5050048828125,157.68499755859375,131.53282165527344,49360.0,BRITANNIA.NS
2010-03-12,160.0,160.0,155.7100067138672,157.64999389648438,131.50364685058594,45280.0,BRITANNIA.NS
2010-03-15,158.875,159.39999389648438,157.52000427246094,158.92999267578125,132.57135009765625,38060.0,BRITANNIA.NS
2010-03-16,158.11000061035156,160.5,158.10000610351562,160.07000732421875,133.52227783203125,34540.0,BRITANNIA.NS
2010-03-17,160.0,161.0,159.1199951171875,159.52999877929688,133.0718536376953,17930.0,BRITANNIA.NS
2010-03-18,159.02000427246094,160.6999969482422,158.5,158.6199951171875,132.312744140625,21730.0,BRITANNIA.NS
2010-03-19,159.9499969482422,159.9499969482422,156.0,158.18499755859375,131.94989013671875,25160.0,BRITANNIA.NS
2010-03-22,157.00999450683594,158.60000610351562,156.10000610351562,158.02499389648438,131.81643676757812,22870.0,BRITANNIA.NS
2010-03-23,157.52499389648438,159.0,156.13499450683594,157.30499267578125,131.2158660888672,21960.0,BRITANNIA.NS
2010-03-25,157.00999450683594,160.39999389648438,157.0050048828125,159.55499267578125,133.0927276611328,48310.0,BRITANNIA.NS
2010-03-26,159.10000610351562,159.99000549316406,158.0,158.27000427246094,132.02081298828125,10030.0,BRITANNIA.NS
2010-03-29,158.10000610351562,159.35000610351562,156.5,156.85000610351562,130.83631896972656,214220.0,BRITANNIA.NS
2010-03-30,157.0,160.0,157.0,157.38999938964844,131.2867431640625,22000.0,BRITANNIA.NS
2010-03-31,158.8000030517578,160.5,157.76499938964844,159.90499877929688,133.3846435546875,291500.0,BRITANNIA.NS
2010-04-01,160.5,161.77999877929688,158.60000610351562,160.0,133.4639129638672,169390.0,BRITANNIA.NS
2010-04-05,160.89999389648438,161.8000030517578,159.50999450683594,160.1300048828125,133.57232666015625,20550.0,BRITANNIA.NS
2010-04-06,159.10000610351562,162.3000030517578,158.5,161.9199981689453,135.06544494628906,117620.0,BRITANNIA.NS
2010-04-07,162.89999389648438,166.8000030517578,161.89999389648438,165.31500244140625,137.89739990234375,71600.0,BRITANNIA.NS
2010-04-08,162.0,173.60000610351562,162.0,164.9199981689453,137.56787109375,201200.0,BRITANNIA.NS
2010-04-09,166.97500610351562,169.0,165.10000610351562,165.74000549316406,138.25193786621094,31000.0,BRITANNIA.NS
2010-04-12,167.89999389648438,167.89999389648438,164.33999633789062,165.0850067138672,137.70556640625,15510.0,BRITANNIA.NS
2010-04-13,167.39999389648438,169.5,164.5,165.28500366210938,137.8723602294922,128680.0,BRITANNIA.NS
2010-04-15,167.6999969482422,167.6999969482422,165.0,165.0050048828125,137.63882446289062,88960.0,BRITANNIA.NS
2010-04-16,164.0,166.89999389648438,163.60000610351562,165.65499877929688,138.1810302734375,13410.0,BRITANNIA.NS
2010-04-19,166.39999389648438,166.39999389648438,163.02499389648438,163.61500549316406,136.4793701171875,6950.0,BRITANNIA.NS
2010-04-20,163.02499389648438,164.9499969482422,163.02499389648438,164.1750030517578,136.9464569091797,8000.0,BRITANNIA.NS
2010-04-21,164.97999572753906,166.2899932861328,162.50999450683594,165.22999572753906,137.82647705078125,118800.0,BRITANNIA.NS
2010-04-22,166.89500427246094,166.89500427246094,165.1999969482422,165.59500122070312,138.1309814453125,6310.0,BRITANNIA.NS
2010-04-23,164.0050048828125,170.0,164.0050048828125,166.52499389648438,138.90672302246094,27520.0,BRITANNIA.NS
2010-04-26,167.44000244140625,167.9949951171875,165.7100067138672,166.4199981689453,138.8191375732422,9640.0,BRITANNIA.NS
2010-04-27,166.3699951171875,166.59500122070312,163.63999938964844,164.09500122070312,136.87973022460938,13280.0,BRITANNIA.NS
2010-04-28,164.5,166.0,162.61000061035156,164.18499755859375,136.9547882080078,13400.0,BRITANNIA.NS
2010-04-29,164.0,165.9949951171875,163.0,163.24000549316406,136.16653442382812,13910.0,BRITANNIA.NS
2010-04-30,165.89999389648438,165.89999389648438,163.5050048828125,165.48500061035156,138.03921508789062,219580.0,BRITANNIA.NS
2010-05-03,163.89999389648438,167.5,163.8000030517578,165.0050048828125,137.63882446289062,10730.0,BRITANNIA.NS
2010-05-04,165.9499969482422,165.9499969482422,165.0,165.0,137.63465881347656,11770.0,BRITANNIA.NS
2010-05-05,161.0,165.39999389648438,161.0,165.0,137.63465881347656,28490.0,BRITANNIA.NS
2010-05-06,165.88999938964844,165.99000549316406,163.33999633789062,165.53500366210938,138.0809326171875,12650.0,BRITANNIA.NS
2010-05-07,162.5,165.39999389648438,162.5,163.38499450683594,136.2874755859375,9600.0,BRITANNIA.NS
2010-05-10,164.5,166.0,164.5,165.00999450683594,137.64295959472656,64260.0,BRITANNIA.NS
2010-05-11,164.1999969482422,166.0,163.3000030517578,165.00999450683594,137.64295959472656,14020.0,BRITANNIA.NS
2010-05-12,165.0,166.5,165.0,165.06500244140625,137.6888885498047,14670.0,BRITANNIA.NS
2010-05-13,166.0,166.39500427246094,164.10000610351562,165.06500244140625,137.6888885498047,24110.0,BRITANNIA.NS
2010-05-14,165.8000030517578,165.8000030517578,165.0,165.0800018310547,137.7013702392578,11650.0,BRITANNIA.NS
2010-05-17,165.0,165.97999572753906,162.2550048828125,165.56500244140625,138.10594177246094,28100.0,BRITANNIA.NS
2010-05-18,165.69500732421875,169.5,165.39999389648438,168.30499267578125,140.39149475097656,57910.0,BRITANNIA.NS
2010-05-19,165.5,168.0,165.13999938964844,167.30499267578125,139.5573272705078,29410.0,BRITANNIA.NS
2010-05-20,166.5,168.49000549316406,166.0,167.55499267578125,139.76588439941406,19800.0,BRITANNIA.NS
2010-05-21,167.0,167.5,164.5,167.3350067138672,139.58238220214844,44350.0,BRITANNIA.NS
2010-05-24,165.44000244140625,168.7949981689453,165.44000244140625,167.52499389648438,139.74082946777344,10220.0,BRITANNIA.NS
2010-05-25,166.50999450683594,167.64999389648438,166.5,167.19000244140625,139.46144104003906,70220.0,BRITANNIA.NS
2010-05-26,166.25,169.4949951171875,166.0,166.85499572753906,139.1820068359375,77170.0,BRITANNIA.NS
2010-05-27,169.0,169.0,166.50999450683594,167.21499633789062,139.4822540283203,67230.0,BRITANNIA.NS
2010-05-28,167.52999877929688,171.89999389648438,167.02499389648438,170.0850067138672,141.8762969970703,70670.0,BRITANNIA.NS
2010-05-31,167.10499572753906,172.5,166.39999389648438,170.88999938964844,142.5478057861328,25340.0,BRITANNIA.NS
2010-06-01,166.5,170.875,166.0,168.08999633789062,140.21212768554688,13170.0,BRITANNIA.NS
2010-06-02,168.5,170.49000549316406,168.0,169.0399932861328,141.00460815429688,10480.0,BRITANNIA.NS
2010-06-03,169.0399932861328,172.5,169.0399932861328,171.40499877929688,142.97738647460938,23030.0,BRITANNIA.NS
2010-06-04,172.0,172.39999389648438,169.55499267578125,171.63999938964844,143.1733856201172,16090.0,BRITANNIA.NS
2010-06-07,170.0,171.39500427246094,167.5850067138672,170.26499938964844,142.0264434814453,22900.0,BRITANNIA.NS
2010-06-08,168.61000061035156,170.5,168.61000061035156,169.5,141.38833618164062,8820.0,BRITANNIA.NS
2010-06-09,169.5,174.0,169.5,172.41000366210938,143.81565856933594,24280.0,BRITANNIA.NS
2010-06-10,172.0,174.8000030517578,172.0,172.6750030517578,144.0367431640625,21720.0,BRITANNIA.NS
2010-06-11,173.5,176.39999389648438,172.51499938964844,175.6199951171875,146.49325561523438,19660.0,BRITANNIA.NS
2010-06-14,173.0,177.5,173.0,176.83999633789062,147.51095581054688,10760.0,BRITANNIA.NS
2010-06-15,175.0,179.0,175.0,177.9499969482422,148.43685913085938,16130.0,BRITANNIA.NS
2010-06-16,178.10000610351562,182.4949951171875,177.5,181.33999633789062,151.2646484375,38520.0,BRITANNIA.NS
2010-06-17,181.0,184.8350067138672,180.1999969482422,181.63499450683594,151.51071166992188,26300.0,BRITANNIA.NS
2010-06-18,182.5,186.0,182.5,185.13999938964844,154.4344024658203,57870.0,BRITANNIA.NS
2010-06-21,185.0,186.9949951171875,184.3000030517578,186.08999633789062,155.22686767578125,35620.0,BRITANNIA.NS
2010-06-22,186.8000030517578,186.8000030517578,182.60000610351562,185.22999572753906,154.50946044921875,12140.0,BRITANNIA.NS
2010-06-23,185.5,186.39500427246094,184.52999877929688,185.34500122070312,154.60540771484375,5990.0,BRITANNIA.NS
2010-06-24,186.34500122070312,190.59500122070312,185.0050048828125,186.93499755859375,155.93173217773438,24110.0,BRITANNIA.NS
2010-06-25,185.0050048828125,188.86500549316406,185.0050048828125,185.94500732421875,155.1059112548828,18360.0,BRITANNIA.NS
2010-06-28,185.5050048828125,186.89999389648438,184.53500366210938,185.0449981689453,154.35516357421875,23390.0,BRITANNIA.NS
2010-06-29,185.50999450683594,190.0,184.00999450683594,185.82000732421875,155.0016632080078,33420.0,BRITANNIA.NS
2010-06-30,184.0,186.8800048828125,184.0,185.6750030517578,154.88067626953125,16080.0,BRITANNIA.NS
2010-07-01,188.39999389648438,188.5,183.2100067138672,186.48500061035156,155.5563507080078,226200.0,BRITANNIA.NS
2010-07-02,186.10000610351562,188.0,185.3000030517578,186.0500030517578,155.1934814453125,6560.0,BRITANNIA.NS
2010-07-05,186.50999450683594,187.27999877929688,185.75,186.02999877929688,155.17678833007812,3490.0,BRITANNIA.NS
2010-07-06,199.39999389648438,199.39999389648438,185.10000610351562,186.56500244140625,155.62307739257812,13240.0,BRITANNIA.NS
2010-07-07,186.39999389648438,195.89999389648438,186.0,192.2550048828125,160.369384765625,68620.0,BRITANNIA.NS
2010-07-08,196.0,196.0,189.60000610351562,190.25999450683594,158.7052459716797,70030.0,BRITANNIA.NS
2010-07-09,189.11000061035156,194.0,189.11000061035156,190.02499389648438,158.50921630859375,46870.0,BRITANNIA.NS
2010-07-12,195.1649932861328,195.1649932861328,190.7100067138672,191.9600067138672,160.1233367919922,21780.0,BRITANNIA.NS
2010-07-13,191.10000610351562,194.89999389648438,191.10000610351562,193.3249969482422,161.2618865966797,21390.0,BRITANNIA.NS
2010-07-14,194.39999389648438,199.0,193.60000610351562,194.9949951171875,162.65492248535156,33020.0,BRITANNIA.NS
2010-07-15,197.0,197.5,193.1999969482422,194.2449951171875,162.0293731689453,11540.0,BRITANNIA.NS
2010-07-16,194.0,196.8000030517578,192.50999450683594,194.5800018310547,162.30877685546875,19270.0,BRITANNIA.NS
2010-07-19,194.0,194.8000030517578,193.03500366210938,193.43499755859375,161.35366821289062,8290.0,BRITANNIA.NS
2010-07-20,194.47999572753906,194.6999969482422,184.60000610351562,185.92999267578125,155.0933837890625,43080.0,BRITANNIA.NS
2010-07-21,194.0,197.0,188.10000610351562,188.57000732421875,157.29554748535156,30010.0,BRITANNIA.NS
2010-07-22,188.0,196.39999389648438,184.0,193.74000549316406,161.60812377929688,162310.0,BRITANNIA.NS
2010-07-23,191.0,199.0,191.0,195.88999938964844,165.53758239746094,295990.0,BRITANNIA.NS
2010-07-26,196.0,196.9949951171875,191.5,192.38499450683594,162.57566833496094,14170.0,BRITANNIA.NS
2010-07-27,188.1199951171875,194.1999969482422,188.1199951171875,191.92999267578125,162.19117736816406,9400.0,BRITANNIA.NS
2010-07-28,192.0,193.89500427246094,190.10000610351562,190.81500244140625,161.2489471435547,16990.0,BRITANNIA.NS
2010-07-29,191.0,193.0,188.10000610351562,188.5500030517578,159.33493041992188,11940.0,BRITANNIA.NS
2010-07-30,188.5,198.0,188.5,196.8350067138672,166.33619689941406,119180.0,BRITANNIA.NS
2010-08-02,202.61000061035156,214.72000122070312,199.02499389648438,208.96499633789062,176.586669921875,710190.0,BRITANNIA.NS
2010-08-03,210.0,214.5,208.0,211.97999572753906,179.13449096679688,431500.0,BRITANNIA.NS
2010-08-04,212.89999389648438,218.5,210.89999389648438,217.2050018310547,183.5499267578125,340040.0,BRITANNIA.NS
2010-08-05,218.8000030517578,237.66000366210938,218.0,229.7949981689453,194.1891326904297,1220100.0,BRITANNIA.NS
2010-08-06,232.0,233.5,224.4949951171875,228.3000030517578,192.92579650878906,441510.0,BRITANNIA.NS
2010-08-09,229.0,234.6999969482422,213.0,215.0500030517578,181.7288360595703,957970.0,BRITANNIA.NS
2010-08-10,205.5,214.0,182.05999755859375,204.97000122070312,173.21066284179688,360270.0,BRITANNIA.NS
2010-08-11,204.0050048828125,213.39999389648438,204.0050048828125,208.0500030517578,175.81346130371094,265670.0,BRITANNIA.NS
2010-08-12,205.510009765625,213.5,204.5,209.97500610351562,177.440185546875,182070.0,BRITANNIA.NS
2010-08-13,213.39999389648438,213.5,208.2100067138672,210.33999633789062,177.74862670898438,609890.0,BRITANNIA.NS
2010-08-16,209.8000030517578,210.39999389648438,200.3000030517578,205.13999938964844,173.35433959960938,112090.0,BRITANNIA.NS
2010-08-17,209.4949951171875,209.4949951171875,200.8000030517578,201.94500732421875,170.65438842773438,59080.0,BRITANNIA.NS
2010-08-18,205.0,207.5,199.11000061035156,200.47000122070312,169.40789794921875,112780.0,BRITANNIA.NS
2010-08-19,202.10000610351562,204.875,199.72999572753906,200.4250030517578,169.3699188232422,56430.0,BRITANNIA.NS
2010-08-20,198.39999389648438,205.39999389648438,198.39999389648438,204.39500427246094,172.72476196289062,103310.0,BRITANNIA.NS
2010-08-23,202.39999389648438,209.10000610351562,202.39999389648438,203.66000366210938,172.10365295410156,156950.0,BRITANNIA.NS
2010-08-24,204.0,207.5,202.39999389648438,202.91000366210938,171.46986389160156,112690.0,BRITANNIA.NS
2010-08-25,203.99000549316406,205.89500427246094,200.0,201.2100067138672,170.0332489013672,64360.0,BRITANNIA.NS
2010-08-26,204.8000030517578,204.8000030517578,200.5,202.22999572753906,170.89523315429688,39870.0,BRITANNIA.NS
2010-08-27,203.7949981689453,203.7949981689453,200.0,200.55999755859375,169.48397827148438,39070.0,BRITANNIA.NS
2010-08-30,201.8000030517578,205.0,200.1999969482422,202.1999969482422,170.86988830566406,117360.0,BRITANNIA.NS
2010-08-31,201.5,206.94000244140625,200.5,204.97500610351562,173.2149200439453,119020.0,BRITANNIA.NS
2010-09-01,206.39999389648438,207.5,204.03500366210938,205.58999633789062,173.73460388183594,73280.0,BRITANNIA.NS
2010-09-02,206.0,207.1999969482422,204.0,205.3249969482422,173.51065063476562,30330.0,BRITANNIA.NS
2010-09-03,204.8100128173828,207.5,204.8100128173828,205.6699981689453,173.8022003173828,38810.0,BRITANNIA.NS
2010-09-06,206.7949981689453,209.6999969482422,206.0,208.17999267578125,175.9232940673828,68510.0,BRITANNIA.NS
2010-09-07,209.0,215.510009765625,209.0,212.3249969482422,179.426025390625,179840.0,BRITANNIA.NS
2010-09-08,215.125,249.5,212.5749969482422,241.375,203.97483825683594,1064572.0,BRITANNIA.NS
2010-09-09,245.0500030517578,267.45001220703125,239.0749969482422,241.3000030517578,203.91146850585938,2624460.0,BRITANNIA.NS
2010-09-13,237.5,247.3249969482422,225.8000030517578,236.125,199.538330078125,557102.0,BRITANNIA.NS
2010-09-14,236.5,237.39999389648438,222.5,224.02499389648438,189.31320190429688,490184.0,BRITANNIA.NS
2010-09-15,225.0,227.5,220.0500030517578,222.875,188.34136962890625,468788.0,BRITANNIA.NS
2010-09-16,224.75,226.4250030517578,215.625,216.72500610351562,183.14431762695312,279096.0,BRITANNIA.NS
2010-09-17,217.5,218.97500610351562,212.5,214.125,180.94715881347656,399560.0,BRITANNIA.NS
2010-09-20,215.875,223.0,214.5,217.97500610351562,184.2006072998047,456820.0,BRITANNIA.NS
2010-09-21,219.875,223.0,216.0500030517578,217.3249969482422,183.65130615234375,399604.0,BRITANNIA.NS
2010-09-22,217.0500030517578,222.0,215.52499389648438,217.02499389648438,183.39781188964844,264442.0,BRITANNIA.NS
2010-09-23,218.9499969482422,218.9499969482422,213.5,214.0500030517578,180.88375854492188,138560.0,BRITANNIA.NS
2010-09-24,215.0,217.0,213.02499389648438,214.35000610351562,181.13729858398438,721184.0,BRITANNIA.NS
2010-09-27,217.4499969482422,217.4499969482422,213.5,214.35000610351562,181.13729858398438,139462.0,BRITANNIA.NS
2010-09-28,212.5,221.5,212.5,217.22500610351562,183.5668182373047,575712.0,BRITANNIA.NS
2010-09-29,217.22500610351562,219.97500610351562,214.5,215.25,181.89784240722656,224070.0,BRITANNIA.NS
2010-09-30,215.5,220.0,213.5,218.97500610351562,185.04566955566406,200504.0,BRITANNIA.NS
2010-10-01,217.5749969482422,221.97500610351562,217.5,218.3249969482422,184.49636840820312,150832.0,BRITANNIA.NS
2010-10-04,218.5,219.875,215.5,216.02499389648438,182.552734375,106300.0,BRITANNIA.NS
2010-10-05,215.75,219.75,215.02499389648438,216.3000030517578,182.78515625,129972.0,BRITANNIA.NS
2010-10-06,218.0,219.0,216.5500030517578,217.52499389648438,183.82029724121094,107528.0,BRITANNIA.NS
2010-10-07,218.0,226.4499969482422,217.5500030517578,220.5500030517578,186.3765869140625,589042.0,BRITANNIA.NS
2010-10-08,220.75,222.85000610351562,219.77499389648438,220.5,186.33438110351562,182360.0,BRITANNIA.NS
2010-10-11,220.5,223.0,219.5,222.5749969482422,188.0878448486328,115846.0,BRITANNIA.NS
2010-10-12,222.5,223.75,220.0500030517578,222.97500610351562,188.4258575439453,93946.0,BRITANNIA.NS
2010-10-13,222.5,223.0,217.8000030517578,218.72500610351562,184.83436584472656,70706.0,BRITANNIA.NS
2010-10-14,220.3000030517578,221.4499969482422,217.5,217.72500610351562,183.98934936523438,51818.0,BRITANNIA.NS
2010-10-15,217.75,220.47500610351562,213.02499389648438,214.77499389648438,181.4964141845703,75724.0,BRITANNIA.NS
2010-10-18,215.5,215.89999389648438,210.1999969482422,211.9499969482422,179.109130859375,44560.0,BRITANNIA.NS
2010-10-19,212.60000610351562,214.9499969482422,210.125,212.1750030517578,179.29930114746094,40314.0,BRITANNIA.NS
2010-10-20,212.02499389648438,214.6999969482422,212.02499389648438,213.0500030517578,180.03872680664062,111524.0,BRITANNIA.NS
2010-10-21,214.35000610351562,216.89999389648438,212.5,215.22500610351562,181.87669372558594,60940.0,BRITANNIA.NS
2010-10-22,215.0,215.9499969482422,212.5,212.89999389648438,179.9119415283203,38170.0,BRITANNIA.NS
2010-10-25,213.0,214.5,211.3000030517578,212.52499389648438,179.59500122070312,60660.0,BRITANNIA.NS
2010-10-26,212.75,213.9499969482422,209.25,209.72500610351562,177.2289276123047,61560.0,BRITANNIA.NS
2010-10-27,211.9499969482422,212.35000610351562,207.5,207.9499969482422,175.7289276123047,52642.0,BRITANNIA.NS
2010-10-28,207.5,212.4250030517578,207.5,210.5749969482422,177.9471893310547,48678.0,BRITANNIA.NS
2010-10-29,209.0500030517578,212.375,205.5500030517578,206.8249969482422,174.77825927734375,43070.0,BRITANNIA.NS
2010-11-01,207.0,209.9499969482422,204.60000610351562,206.5749969482422,174.56695556640625,39684.0,BRITANNIA.NS
2010-11-02,208.4499969482422,208.4499969482422,204.0,206.8000030517578,174.75709533691406,54082.0,BRITANNIA.NS
2010-11-03,207.1750030517578,209.0,207.0,207.875,175.66558837890625,30640.0,BRITANNIA.NS
2010-11-04,207.5500030517578,208.89999389648438,205.0,206.875,174.8205108642578,44012.0,BRITANNIA.NS
2010-11-08,210.0,211.0,207.5,209.375,176.93310546875,434200.0,BRITANNIA.NS
2010-11-09,210.0,224.0,209.375,220.1750030517578,186.05972290039062,389802.0,BRITANNIA.NS
2010-11-10,220.8249969482422,226.0,218.3000030517578,219.3249969482422,185.34141540527344,250576.0,BRITANNIA.NS
2010-11-11,213.75,222.35000610351562,206.14999389648438,215.8249969482422,182.3837432861328,347066.0,BRITANNIA.NS
2010-11-12,217.0,218.4250030517578,211.02499389648438,211.9499969482422,179.109130859375,130578.0,BRITANNIA.NS
2010-11-15,212.5,213.5,205.0500030517578,206.97500610351562,174.90499877929688,79656.0,BRITANNIA.NS
2010-11-16,209.0,211.375,204.0500030517578,205.22500610351562,173.42617797851562,66366.0,BRITANNIA.NS
2010-11-18,207.5,225.0,203.10000610351562,205.0500030517578,173.27825927734375,88276.0,BRITANNIA.NS
2010-11-19,205.25,206.9499969482422,199.1750030517578,203.0749969482422,171.6092987060547,147368.0,BRITANNIA.NS
2010-11-22,205.0,205.5,201.52499389648438,202.6999969482422,171.29238891601562,26838.0,BRITANNIA.NS
2010-11-23,205.0,205.0,198.5,199.25,168.37698364257812,73462.0,BRITANNIA.NS
2010-11-24,202.75,202.75,197.5,199.125,168.27133178710938,34074.0,BRITANNIA.NS
2010-11-25,199.125,201.0,195.0500030517578,196.5,166.05308532714844,38822.0,BRITANNIA.NS
2010-11-26,196.5,199.5,195.52499389648438,196.3000030517578,165.88406372070312,61532.0,BRITANNIA.NS
2010-11-29,199.4499969482422,204.9499969482422,197.5,201.4250030517578,170.2149658203125,86514.0,BRITANNIA.NS
2010-11-30,201.0,205.39999389648438,195.52499389648438,201.22500610351562,170.04595947265625,69792.0,BRITANNIA.NS
2010-12-01,201.5,206.9250030517578,199.0,205.14999389648438,173.36276245117188,73118.0,BRITANNIA.NS
2010-12-02,207.0,207.4499969482422,205.02499389648438,206.22500610351562,174.27122497558594,30874.0,BRITANNIA.NS
2010-12-03,206.5,207.5,195.0,199.4499969482422,168.54598999023438,59728.0,BRITANNIA.NS
2010-12-06,202.5,203.5,198.5,202.27499389648438,170.93321228027344,55922.0,BRITANNIA.NS
2010-12-07,202.8249969482422,202.9250030517578,199.0500030517578,200.22500610351562,169.20089721679688,24788.0,BRITANNIA.NS
2010-12-08,200.0500030517578,206.5,199.0,205.5749969482422,173.72195434570312,66818.0,BRITANNIA.NS
2010-12-09,203.5,207.8249969482422,199.0,200.02499389648438,169.03187561035156,252040.0,BRITANNIA.NS
2010-12-10,200.0,202.5,198.9250030517578,201.1750030517578,170.00369262695312,34630.0,BRITANNIA.NS
2010-12-13,201.5,205.5,201.35000610351562,202.8000030517578,171.37692260742188,22248.0,BRITANNIA.NS
2010-12-14,202.5,205.0,202.0,202.64999389648438,171.25013732910156,12400.0,BRITANNIA.NS
2010-12-15,204.5,204.5,202.5,202.875,171.44029235839844,12830.0,BRITANNIA.NS
2010-12-16,204.0,204.0,201.5,202.27499389648438,170.93321228027344,67916.0,BRITANNIA.NS
2010-12-20,200.5,203.97500610351562,198.6999969482422,199.75,168.7995147705078,2108058.0,BRITANNIA.NS
2010-12-21,200.5,204.3249969482422,199.5,202.0,170.7008819580078,269500.0,BRITANNIA.NS
2010-12-22,202.5,203.9250030517578,200.02499389648438,200.5500030517578,169.4755401611328,175802.0,BRITANNIA.NS
2010-12-23,200.75,201.64999389648438,198.5,198.9250030517578,168.10232543945312,12926.0,BRITANNIA.NS
2010-12-24,199.25,200.5,197.5,198.375,167.63751220703125,14230.0,BRITANNIA.NS
2010-12-27,200.1999969482422,203.0,197.0,197.6750030517578,167.0460205078125,18706.0,BRITANNIA.NS
2010-12-28,200.5,200.5,198.0500030517578,199.4499969482422,168.54598999023438,13942.0,BRITANNIA.NS
2010-12-29,198.35000610351562,202.0,198.35000610351562,199.89999389648438,168.92625427246094,107262.0,BRITANNIA.NS
2010-12-30,199.89999389648438,204.0,198.39999389648438,200.6999969482422,169.602294921875,46328.0,BRITANNIA.NS
2010-12-31,200.89999389648438,211.0,199.5,206.75,174.71487426757812,63744.0,BRITANNIA.NS
2011-01-03,206.0,211.85000610351562,203.0,204.6750030517578,172.96136474609375,42202.0,BRITANNIA.NS
2011-01-04,204.5,208.5,204.0500030517578,204.8000030517578,173.06703186035156,459664.0,BRITANNIA.NS
2011-01-05,204.0,206.60000610351562,202.47500610351562,205.0,173.2360382080078,459554.0,BRITANNIA.NS
2011-01-06,205.0,205.0,197.52499389648438,200.8249969482422,169.7079315185547,35418.0,BRITANNIA.NS
2011-01-07,200.8249969482422,201.85000610351562,197.5,197.89999389648438,167.2361297607422,20294.0,BRITANNIA.NS
2011-01-10,198.5,198.5,192.5,192.97500610351562,163.0742645263672,35886.0,BRITANNIA.NS
2011-01-11,195.0,195.0,186.5,187.39999389648438,158.36306762695312,41522.0,BRITANNIA.NS
2011-01-12,189.0,189.97500610351562,184.0,186.9250030517578,157.96168518066406,83762.0,BRITANNIA.NS
2011-01-13,185.5,189.0,185.0,186.0,157.1799774169922,29996.0,BRITANNIA.NS
2011-01-14,188.22500610351562,188.22500610351562,182.60000610351562,184.14999389648438,155.61663818359375,71954.0,BRITANNIA.NS
2011-01-17,184.27499389648438,186.97500610351562,176.0,177.4499969482422,149.95480346679688,50810.0,BRITANNIA.NS
2011-01-18,182.5,182.5,177.0,177.97500610351562,150.39842224121094,40580.0,BRITANNIA.NS
2011-01-19,181.5500030517578,184.22500610351562,175.5,177.14999389648438,149.7012939453125,47490.0,BRITANNIA.NS
2011-01-20,179.0,199.35000610351562,175.5,194.0749969482422,164.0038299560547,147652.0,BRITANNIA.NS
2011-01-21,195.0,195.0,185.0,186.4250030517578,157.5391387939453,113410.0,BRITANNIA.NS
2011-01-24,185.10000610351562,191.5,184.5,186.60000610351562,157.6870574951172,91450.0,BRITANNIA.NS
2011-01-25,188.0,190.47500610351562,186.4499969482422,186.9250030517578,157.96168518066406,21078.0,BRITANNIA.NS
2011-01-27,186.5,189.97500610351562,184.0749969482422,185.89999389648438,157.09548950195312,33068.0,BRITANNIA.NS
2011-01-28,186.97500610351562,187.5,182.5500030517578,184.1750030517578,155.6377716064453,94322.0,BRITANNIA.NS
2011-01-31,185.9499969482422,191.0,182.5,189.14999389648438,159.8419189453125,81856.0,BRITANNIA.NS
2011-02-01,186.0,190.9499969482422,184.0500030517578,188.0749969482422,158.9334716796875,18934.0,BRITANNIA.NS
2011-02-02,189.5,197.35000610351562,182.3249969482422,183.0749969482422,154.70822143554688,91076.0,BRITANNIA.NS
2011-02-03,183.14999389648438,186.9499969482422,182.0,184.6750030517578,156.06031799316406,48618.0,BRITANNIA.NS
2011-02-04,186.0,186.0,180.5,181.39999389648438,153.29275512695312,39440.0,BRITANNIA.NS
2011-02-07,180.75,182.9499969482422,177.5,178.39999389648438,150.75758361816406,19764.0,BRITANNIA.NS
2011-02-08,178.0,186.39999389648438,175.52499389648438,179.52499389648438,151.70826721191406,179664.0,BRITANNIA.NS
2011-02-09,179.75,182.5,172.64999389648438,177.77499389648438,150.2294158935547,195350.0,BRITANNIA.NS
2011-02-10,176.5,180.0,172.60000610351562,172.89999389648438,146.1098175048828,72824.0,BRITANNIA.NS
2011-02-11,173.0,176.0,170.5,174.72500610351562,147.65199279785156,38606.0,BRITANNIA.NS
2011-02-14,175.0,187.0,175.0,181.27499389648438,153.1871337890625,115988.0,BRITANNIA.NS
2011-02-15,182.5,184.5,180.10000610351562,181.4499969482422,153.33502197265625,139700.0,BRITANNIA.NS
2011-02-16,183.0,183.4499969482422,180.0,181.1999969482422,153.1237335205078,21008.0,BRITANNIA.NS
2011-02-17,181.47500610351562,183.02499389648438,180.5,180.875,152.84909057617188,26474.0,BRITANNIA.NS
2011-02-18,182.0,186.0,180.0,184.0500030517578,155.53216552734375,87488.0,BRITANNIA.NS
2011-02-21,183.0,185.1999969482422,179.10000610351562,180.02499389648438,152.13079833984375,17482.0,BRITANNIA.NS
2011-02-22,181.0,182.8249969482422,178.8000030517578,179.6999969482422,151.8561553955078,18242.0,BRITANNIA.NS
2011-02-23,180.0,183.125,178.25,179.0500030517578,151.30686950683594,32170.0,BRITANNIA.NS
2011-02-24,181.0,182.5,177.0,177.8249969482422,150.27169799804688,30814.0,BRITANNIA.NS
2011-02-25,178.0,179.14999389648438,173.0,173.3000030517578,146.4478302001953,27498.0,BRITANNIA.NS
2011-02-28,173.5,178.5,166.5,168.1750030517578,142.11692810058594,99186.0,BRITANNIA.NS
2011-03-01,170.0,174.0,169.52499389648438,171.5500030517578,144.96897888183594,44902.0,BRITANNIA.NS
2011-03-03,172.0,175.0,172.0,173.25,146.40557861328125,36438.0,BRITANNIA.NS
2011-03-04,173.47500610351562,175.47500610351562,171.5,172.22500610351562,145.5393829345703,19556.0,BRITANNIA.NS
2011-03-07,172.75,173.85000610351562,171.0500030517578,172.875,146.08868408203125,63802.0,BRITANNIA.NS
2011-03-08,173.5,175.4499969482422,173.0749969482422,173.9499969482422,146.99710083007812,13308.0,BRITANNIA.NS
2011-03-09,173.9499969482422,176.5,173.9499969482422,174.9250030517578,147.8209991455078,20076.0,BRITANNIA.NS
2011-03-10,174.60000610351562,176.5,173.25,175.39999389648438,148.22242736816406,12200.0,BRITANNIA.NS
2011-03-11,172.5,181.8000030517578,172.5,177.77499389648438,150.2294158935547,113618.0,BRITANNIA.NS
2011-03-14,178.0500030517578,178.9250030517578,176.5,177.875,150.31393432617188,18606.0,BRITANNIA.NS
2011-03-15,177.0,182.25,175.5,179.52499389648438,151.70826721191406,56210.0,BRITANNIA.NS
2011-03-16,181.0,182.39999389648438,179.39999389648438,180.1750030517578,152.25753784179688,16874.0,BRITANNIA.NS
2011-03-17,180.0,181.0,178.5,179.9499969482422,152.06741333007812,35100.0,BRITANNIA.NS
2011-03-18,178.52499389648438,181.89999389648438,175.8249969482422,177.6999969482422,150.1660614013672,16504.0,BRITANNIA.NS
2011-03-21,178.35000610351562,179.8000030517578,174.10000610351562,176.375,149.04635620117188,16150.0,BRITANNIA.NS
2011-03-22,177.0,178.02499389648438,174.5,175.3249969482422,148.15904235839844,53280.0,BRITANNIA.NS
2011-03-23,175.5,176.3249969482422,172.60000610351562,174.6750030517578,147.60980224609375,35864.0,BRITANNIA.NS
2011-03-24,175.02499389648438,176.75,172.25,175.39999389648438,148.22242736816406,47020.0,BRITANNIA.NS
2011-03-25,176.0,179.5,173.0500030517578,177.1999969482422,149.74354553222656,250198.0,BRITANNIA.NS
2011-03-28,178.02499389648438,180.5,177.5,180.0500030517578,152.15194702148438,23446.0,BRITANNIA.NS
2011-03-29,178.5749969482422,180.9499969482422,176.60000610351562,177.4250030517578,149.9337158203125,19828.0,BRITANNIA.NS
2011-03-30,178.9499969482422,183.5,177.75,183.0,154.64486694335938,35336.0,BRITANNIA.NS
2011-03-31,183.0,187.60000610351562,180.0,186.25,157.39125061035156,87548.0,BRITANNIA.NS
2011-04-01,184.75,187.5,183.0,186.0500030517578,157.22225952148438,22116.0,BRITANNIA.NS
2011-04-04,186.14999389648438,187.0,185.0,185.875,157.07437133789062,13878.0,BRITANNIA.NS
2011-04-05,188.39999389648438,188.39999389648438,181.3000030517578,182.89999389648438,154.56033325195312,30670.0,BRITANNIA.NS
2011-04-06,181.77499389648438,184.9250030517578,181.5,183.02499389648438,154.66595458984375,16370.0,BRITANNIA.NS
2011-04-07,183.14999389648438,185.0,183.0500030517578,183.47500610351562,155.04623413085938,11696.0,BRITANNIA.NS
2011-04-08,184.9499969482422,194.3249969482422,183.0500030517578,188.02499389648438,158.8912353515625,192522.0,BRITANNIA.NS
2011-04-11,185.0,193.625,185.0,189.1999969482422,159.8842010498047,98448.0,BRITANNIA.NS
2011-04-13,190.5,201.0,188.0500030517578,192.85000610351562,162.96864318847656,458526.0,BRITANNIA.NS
2011-04-15,194.0,197.5,191.4499969482422,194.625,164.46859741210938,119252.0,BRITANNIA.NS
2011-04-18,194.0,196.9499969482422,187.3000030517578,188.5500030517578,159.33493041992188,77044.0,BRITANNIA.NS
2011-04-19,190.4250030517578,190.4499969482422,186.25,187.0,158.0250701904297,38472.0,BRITANNIA.NS
2011-04-20,188.4250030517578,195.89999389648438,188.4250030517578,190.3000030517578,160.81373596191406,214036.0,BRITANNIA.NS
2011-04-21,192.5,194.875,190.0,190.72500610351562,161.1728973388672,92326.0,BRITANNIA.NS
2011-04-25,191.0500030517578,192.85000610351562,188.25,189.9499969482422,160.51791381835938,73046.0,BRITANNIA.NS
2011-04-26,191.9499969482422,191.9499969482422,189.8000030517578,190.1999969482422,160.72923278808594,40608.0,BRITANNIA.NS
2011-04-27,192.4499969482422,192.4499969482422,187.5,189.10000610351562,159.7996826171875,45520.0,BRITANNIA.NS
2011-04-28,190.02499389648438,191.39999389648438,188.52499389648438,189.875,160.45455932617188,31298.0,BRITANNIA.NS
2011-04-29,189.5500030517578,190.5,184.0,184.64999389648438,156.03919982910156,177574.0,BRITANNIA.NS
2011-05-02,185.89999389648438,185.89999389648438,181.64999389648438,182.39999389648438,154.13780212402344,20882.0,BRITANNIA.NS
2011-05-03,181.14999389648438,183.72500610351562,180.0749969482422,181.4250030517578,153.31390380859375,35470.0,BRITANNIA.NS
2011-05-04,182.625,182.89999389648438,179.0,181.3249969482422,153.22940063476562,32432.0,BRITANNIA.NS
2011-05-05,181.0749969482422,183.8000030517578,179.14999389648438,181.6999969482422,153.54624938964844,28716.0,BRITANNIA.NS
2011-05-06,183.9499969482422,186.10000610351562,181.3000030517578,185.3249969482422,156.60960388183594,19868.0,BRITANNIA.NS
2011-05-09,185.60000610351562,187.22500610351562,183.75,184.47500610351562,155.8913116455078,15008.0,BRITANNIA.NS
2011-05-10,185.0,221.375,147.60000610351562,183.9499969482422,155.44766235351562,1758376.0,BRITANNIA.NS
2011-05-11,194.39999389648438,202.1999969482422,186.5,188.60000610351562,159.3771514892578,687186.0,BRITANNIA.NS
2011-05-12,188.5,190.4499969482422,185.25,186.3249969482422,157.45465087890625,75592.0,BRITANNIA.NS
2011-05-13,185.02499389648438,187.5,185.0,185.60000610351562,156.84201049804688,34174.0,BRITANNIA.NS
2011-05-16,185.0,191.39999389648438,183.5,187.5500030517578,158.4898223876953,102290.0,BRITANNIA.NS
2011-05-17,192.0,192.0,185.8000030517578,187.47500610351562,158.4264678955078,107704.0,BRITANNIA.NS
2011-05-18,189.4250030517578,190.0,186.5,188.6750030517578,159.44052124023438,214826.0,BRITANNIA.NS
2011-05-19,189.0,192.0,188.0,191.125,161.51089477539062,70468.0,BRITANNIA.NS
2011-05-20,192.47500610351562,192.47500610351562,189.25,191.02499389648438,161.42642211914062,29068.0,BRITANNIA.NS
2011-05-23,186.1750030517578,198.5,186.1750030517578,192.52499389648438,162.69398498535156,123158.0,BRITANNIA.NS
2011-05-24,190.625,199.85000610351562,190.625,197.0500030517578,166.5178680419922,164724.0,BRITANNIA.NS
2011-05-25,195.0500030517578,199.75,195.0500030517578,197.6999969482422,167.06710815429688,145786.0,BRITANNIA.NS
2011-05-26,196.625,197.89999389648438,194.02499389648438,195.875,165.52491760253906,18064.0,BRITANNIA.NS
2011-05-27,195.875,199.1750030517578,191.35000610351562,195.52499389648438,165.2291717529297,266432.0,BRITANNIA.NS
2011-05-30,197.9250030517578,206.0,192.75,204.875,173.13038635253906,430544.0,BRITANNIA.NS
2011-05-31,206.0,212.5,204.14999389648438,210.25,177.6725616455078,265010.0,BRITANNIA.NS
2011-06-01,211.0,214.5,208.5500030517578,210.5749969482422,177.9471893310547,200310.0,BRITANNIA.NS
2011-06-02,208.4499969482422,218.14999389648438,207.1999969482422,215.9499969482422,182.48936462402344,271638.0,BRITANNIA.NS
2011-06-03,217.39999389648438,225.5,217.375,222.52499389648438,188.0455780029297,438520.0,BRITANNIA.NS
2011-06-06,223.625,226.0,216.5749969482422,223.8249969482422,189.1441650390625,180306.0,BRITANNIA.NS
2011-06-07,224.1999969482422,224.1999969482422,220.5500030517578,222.97500610351562,188.4258575439453,85138.0,BRITANNIA.NS
2011-06-08,220.0500030517578,223.9250030517578,220.0500030517578,222.5,188.02447509765625,42600.0,BRITANNIA.NS
2011-06-09,223.5,225.0,219.5,221.4499969482422,187.1371612548828,154748.0,BRITANNIA.NS
2011-06-10,222.39999389648438,223.5,218.0,221.75,187.3907012939453,43176.0,BRITANNIA.NS
2011-06-13,221.25,225.0,219.52499389648438,223.52499389648438,188.89065551757812,82146.0,BRITANNIA.NS
2011-06-14,222.02499389648438,242.5,222.0,235.35000610351562,198.88340759277344,758392.0,BRITANNIA.NS
2011-06-15,235.97500610351562,240.5,230.5,232.72500610351562,196.66513061523438,155360.0,BRITANNIA.NS
2011-06-16,230.5,238.5,229.5,235.8000030517578,199.26365661621094,303098.0,BRITANNIA.NS
2011-06-17,237.0,243.5,233.5,235.1750030517578,198.7355194091797,334360.0,BRITANNIA.NS
2011-06-20,235.0,239.5,230.0749969482422,235.22500610351562,198.77777099609375,135630.0,BRITANNIA.NS
2011-06-21,237.1999969482422,240.0,232.0,236.02499389648438,199.45379638671875,209324.0,BRITANNIA.NS
2011-06-22,237.5,237.5,228.3000030517578,230.10000610351562,194.4468994140625,167690.0,BRITANNIA.NS
2011-06-23,230.35000610351562,232.4499969482422,224.0,228.0749969482422,192.7356414794922,94190.0,BRITANNIA.NS
2011-06-24,225.5500030517578,233.89999389648438,215.125,232.6999969482422,196.64401245117188,92530.0,BRITANNIA.NS
2011-06-27,225.5,236.9499969482422,225.5,233.0,196.89752197265625,74898.0,BRITANNIA.NS
2011-06-28,235.0,236.5,232.5,233.9499969482422,197.70033264160156,44464.0,BRITANNIA.NS
2011-06-29,233.97500610351562,242.0,233.97500610351562,236.72500610351562,200.04534912109375,189860.0,BRITANNIA.NS
2011-06-30,239.0,241.89999389648438,237.52499389648438,239.60000610351562,202.4748992919922,148600.0,BRITANNIA.NS
2011-07-01,239.60000610351562,249.10000610351562,239.60000610351562,243.8000030517578,206.02410888671875,198742.0,BRITANNIA.NS
2011-07-04,245.9499969482422,248.75,242.625,243.625,205.87619018554688,119572.0,BRITANNIA.NS
2011-07-05,243.52499389648438,245.52499389648438,241.27499389648438,241.9499969482422,204.4607696533203,43086.0,BRITANNIA.NS
2011-07-06,241.52499389648438,245.0,241.22500610351562,242.52499389648438,204.94668579101562,82642.0,BRITANNIA.NS
2011-07-07,243.0,247.3000030517578,241.5,242.27499389648438,204.73541259765625,71610.0,BRITANNIA.NS
2011-07-08,242.75,244.6999969482422,236.64999389648438,238.64999389648438,201.67208862304688,101554.0,BRITANNIA.NS
2011-07-11,238.60000610351562,241.0,237.3000030517578,238.5500030517578,201.58761596679688,26812.0,BRITANNIA.NS
2011-07-12,238.85000610351562,239.25,234.3000030517578,235.6999969482422,199.17918395996094,44634.0,BRITANNIA.NS
2011-07-13,239.0,239.6999969482422,235.0,237.3249969482422,200.5524139404297,85802.0,BRITANNIA.NS
2011-07-14,218.8249969482422,242.25,218.8249969482422,239.72500610351562,202.5805206298828,52446.0,BRITANNIA.NS
2011-07-15,244.39999389648438,244.39999389648438,237.5500030517578,239.4499969482422,202.34812927246094,34188.0,BRITANNIA.NS
2011-07-18,237.5,242.3249969482422,237.5,241.14999389648438,203.7847137451172,85894.0,BRITANNIA.NS
2011-07-19,239.5,246.875,238.27499389648438,244.77499389648438,209.673828125,153162.0,BRITANNIA.NS
2011-07-20,245.10000610351562,245.97500610351562,239.0,239.75,205.36941528320312,93448.0,BRITANNIA.NS
2011-07-21,240.5,242.35000610351562,237.64999389648438,241.3000030517578,206.69715881347656,37874.0,BRITANNIA.NS
2011-07-22,242.5,243.4499969482422,238.27499389648438,240.0,205.5835723876953,55956.0,BRITANNIA.NS
2011-07-25,242.4499969482422,244.0,239.0500030517578,240.72500610351562,206.20460510253906,129446.0,BRITANNIA.NS
2011-07-26,239.3000030517578,241.625,236.02499389648438,236.6750030517578,202.73538208007812,85032.0,BRITANNIA.NS
2011-07-27,238.0,238.0,230.75,234.1999969482422,200.6153106689453,87260.0,BRITANNIA.NS
2011-07-28,232.0749969482422,239.5,231.52499389648438,238.0,203.8704071044922,71726.0,BRITANNIA.NS
2011-07-29,239.5,242.9499969482422,236.5,240.97500610351562,206.4187774658203,42658.0,BRITANNIA.NS
2011-08-01,241.25,244.9499969482422,235.47500610351562,239.10000610351562,204.8126220703125,42058.0,BRITANNIA.NS
2011-08-02,242.4499969482422,242.4499969482422,236.27499389648438,240.0500030517578,205.6263885498047,54702.0,BRITANNIA.NS
2011-08-03,239.5,240.0,235.6999969482422,239.89999389648438,205.49790954589844,57352.0,BRITANNIA.NS
2011-08-04,241.0,241.0,237.0,239.125,204.8340301513672,165220.0,BRITANNIA.NS
2011-08-05,235.0,239.5,230.0,234.97500610351562,201.2791748046875,119408.0,BRITANNIA.NS
2011-08-08,230.0,238.0,229.5,237.27499389648438,203.24935913085938,241248.0,BRITANNIA.NS
2011-08-09,216.1750030517578,237.3000030517578,216.1750030517578,236.0749969482422,202.221435546875,263328.0,BRITANNIA.NS
2011-08-10,217.6750030517578,239.5,217.6750030517578,234.72500610351562,201.06503295898438,225078.0,BRITANNIA.NS
2011-08-11,235.5,238.3249969482422,232.0,232.5500030517578,199.20193481445312,63980.0,BRITANNIA.NS
2011-08-12,233.25,236.5,233.25,235.875,202.0500946044922,27010.0,BRITANNIA.NS
2011-08-16,236.25,236.25,231.52499389648438,233.5500030517578,200.05853271484375,34430.0,BRITANNIA.NS
2011-08-17,230.5,238.0,230.5,236.5500030517578,202.62831115722656,33728.0,BRITANNIA.NS
2011-08-18,236.5500030517578,236.5500030517578,236.5500030517578,236.5500030517578,202.62831115722656,0.0,BRITANNIA.NS
2011-08-19,226.0,236.875,226.0,230.375,197.3388214111328,35910.0,BRITANNIA.NS
2011-08-22,238.8249969482422,238.8249969482422,229.5,230.3249969482422,197.2959747314453,348636.0,BRITANNIA.NS
2011-08-23,230.75,234.0,229.5,231.97500610351562,198.70938110351562,77610.0,BRITANNIA.NS
2011-08-24,237.4499969482422,239.5,230.52499389648438,237.5749969482422,203.5063018798828,59686.0,BRITANNIA.NS
2011-08-25,240.0,240.0,234.0,236.5500030517578,202.62831115722656,74068.0,BRITANNIA.NS
2011-08-26,237.47500610351562,239.75,234.0,236.8249969482422,202.86387634277344,47872.0,BRITANNIA.NS
2011-08-29,239.0,239.0,234.02499389648438,234.9250030517578,201.23635864257812,26282.0,BRITANNIA.NS
2011-08-30,235.4250030517578,246.0,235.25,244.52499389648438,209.45970153808594,162920.0,BRITANNIA.NS
2011-09-02,245.0,247.35000610351562,238.0,239.875,205.47650146484375,82988.0,BRITANNIA.NS
2011-09-05,241.0500030517578,243.3249969482422,239.0500030517578,239.77499389648438,205.39083862304688,25914.0,BRITANNIA.NS
2011-09-06,239.77499389648438,241.5,237.5,238.8249969482422,204.57708740234375,15318.0,BRITANNIA.NS
2011-09-07,240.0,241.9250030517578,238.5,238.9499969482422,204.68414306640625,27254.0,BRITANNIA.NS
2011-09-08,238.5749969482422,241.0,235.5749969482422,237.625,203.54916381835938,15428.0,BRITANNIA.NS
2011-09-09,194.5,241.0,194.5,235.10000610351562,201.38624572753906,121794.0,BRITANNIA.NS
2011-09-12,236.875,239.375,233.0749969482422,238.25,204.0845184326172,124116.0,BRITANNIA.NS
2011-09-13,238.77499389648438,239.875,233.0,234.27499389648438,200.6795654296875,29850.0,BRITANNIA.NS
2011-09-14,235.0749969482422,237.47500610351562,231.0500030517578,232.5500030517578,199.20193481445312,83642.0,BRITANNIA.NS
2011-09-15,235.0,237.0,232.1999969482422,234.72500610351562,201.06503295898438,13550.0,BRITANNIA.NS
2011-09-16,230.0,236.22500610351562,226.0,232.375,199.05201721191406,22656.0,BRITANNIA.NS
2011-09-19,232.0,232.0,227.5,228.0500030517578,195.34722900390625,86578.0,BRITANNIA.NS
2011-09-20,229.0,235.0,227.5500030517578,229.22500610351562,196.353759765625,50570.0,BRITANNIA.NS
2011-09-21,229.5749969482422,232.47500610351562,229.5500030517578,231.72500610351562,198.4952392578125,37820.0,BRITANNIA.NS
2011-09-22,230.22500610351562,231.6999969482422,226.5,227.5,194.8760986328125,26924.0,BRITANNIA.NS
2011-09-23,227.5,233.5,225.0,231.6999969482422,198.47381591796875,39114.0,BRITANNIA.NS
2011-09-26,226.0,230.0,223.3000030517578,227.5500030517578,194.9188995361328,53508.0,BRITANNIA.NS
2011-09-27,224.1999969482422,234.9499969482422,224.1999969482422,232.6999969482422,199.33041381835938,31444.0,BRITANNIA.NS
2011-09-28,236.85000610351562,236.85000610351562,227.5,227.9250030517578,195.2401580810547,18240.0,BRITANNIA.NS
2011-09-29,226.625,235.72500610351562,226.625,230.64999389648438,197.57435607910156,32606.0,BRITANNIA.NS
2011-09-30,228.6999969482422,235.8000030517578,228.6999969482422,234.89999389648438,201.2149200439453,42172.0,BRITANNIA.NS
2011-10-03,232.5,233.8249969482422,224.5,230.6750030517578,197.59580993652344,14646.0,BRITANNIA.NS
2011-10-04,228.5,234.47500610351562,228.0,229.97500610351562,196.9961700439453,60356.0,BRITANNIA.NS
2011-10-05,229.0500030517578,233.89999389648438,225.0,225.4250030517578,193.0986328125,18008.0,BRITANNIA.NS
2011-10-07,228.0,232.0,221.72500610351562,225.39999389648438,193.07725524902344,70784.0,BRITANNIA.NS
2011-10-10,217.5500030517578,228.5,217.5,223.1750030517578,191.17129516601562,91108.0,BRITANNIA.NS
2011-10-11,226.5,226.5,220.0500030517578,223.10000610351562,191.1071014404297,38874.0,BRITANNIA.NS
2011-10-12,230.0,230.0,223.22500610351562,225.02499389648438,192.75604248046875,45428.0,BRITANNIA.NS
2011-10-13,226.5500030517578,229.9250030517578,223.5500030517578,224.1999969482422,192.04931640625,49570.0,BRITANNIA.NS
2011-10-14,224.89999389648438,226.0,220.0,223.85000610351562,191.74951171875,39836.0,BRITANNIA.NS
2011-10-17,225.5,226.39999389648438,222.5,224.0500030517578,191.92083740234375,14822.0,BRITANNIA.NS
2011-10-18,224.0,224.0,220.5500030517578,222.60000610351562,190.6787872314453,9402.0,BRITANNIA.NS
2011-10-19,223.85000610351562,227.1999969482422,222.5,226.27499389648438,193.82676696777344,118608.0,BRITANNIA.NS
2011-10-20,226.0,228.0,220.52499389648438,221.5,189.7364959716797,46324.0,BRITANNIA.NS
2011-10-21,222.0,227.0,219.5500030517578,222.14999389648438,190.29330444335938,129258.0,BRITANNIA.NS
2011-10-24,222.14999389648438,227.5,222.14999389648438,225.52499389648438,193.18434143066406,32464.0,BRITANNIA.NS
2011-10-25,223.0,228.4250030517578,223.0,227.77499389648438,195.11166381835938,19610.0,BRITANNIA.NS
2011-10-28,232.5,236.75,231.0,235.02499389648438,201.32200622558594,151084.0,BRITANNIA.NS
2011-10-31,234.77499389648438,237.22500610351562,232.5,234.52499389648438,200.89369201660156,62008.0,BRITANNIA.NS
2011-11-01,235.0,240.5,235.0,237.35000610351562,203.3135986328125,41176.0,BRITANNIA.NS
2011-11-02,238.5,239.0,235.0,237.39999389648438,203.35641479492188,15962.0,BRITANNIA.NS
2011-11-03,237.0,238.85000610351562,232.5,235.625,201.83596801757812,14496.0,BRITANNIA.NS
2011-11-04,231.0,236.6999969482422,231.0,234.4499969482422,200.82948303222656,14556.0,BRITANNIA.NS
2011-11-08,234.0,237.14999389648438,234.0,236.02499389648438,202.17857360839844,29090.0,BRITANNIA.NS
2011-11-09,237.5500030517578,242.0,237.0500030517578,238.1750030517578,204.02029418945312,95210.0,BRITANNIA.NS
2011-11-11,237.5,246.5,235.5749969482422,242.3000030517578,207.55377197265625,186620.0,BRITANNIA.NS
2011-11-14,242.5,246.5,235.47500610351562,236.77499389648438,202.82106018066406,42956.0,BRITANNIA.NS
2011-11-15,237.5,239.9250030517578,234.5,238.8000030517578,204.55564880371094,54904.0,BRITANNIA.NS
2011-11-16,239.0,243.8000030517578,236.5,243.0500030517578,208.1962127685547,461910.0,BRITANNIA.NS
2011-11-17,243.0,243.5500030517578,240.0,242.22500610351562,207.48951721191406,244280.0,BRITANNIA.NS
2011-11-18,241.0,242.5,231.60000610351562,235.5500030517578,201.77171325683594,33238.0,BRITANNIA.NS
2011-11-21,236.5,240.97500610351562,233.0,239.0,204.7270050048828,45286.0,BRITANNIA.NS
2011-11-22,236.8249969482422,240.0,235.125,237.6999969482422,203.61341857910156,60490.0,BRITANNIA.NS
2011-11-23,239.4499969482422,239.4499969482422,230.0,232.5500030517578,199.20193481445312,33716.0,BRITANNIA.NS
2011-11-24,232.52499389648438,236.47500610351562,229.5,234.3249969482422,200.7223663330078,15846.0,BRITANNIA.NS
2011-11-25,232.0,239.14999389648438,230.5749969482422,237.27499389648438,203.24935913085938,37304.0,BRITANNIA.NS
2011-11-28,238.0,240.0,233.0,234.0500030517578,200.48683166503906,26262.0,BRITANNIA.NS
2011-11-29,232.5,236.125,232.5,235.0749969482422,201.36483764648438,24844.0,BRITANNIA.NS
2011-11-30,235.0,237.0,233.5,234.52499389648438,200.89369201660156,647412.0,BRITANNIA.NS
2011-12-01,235.10000610351562,239.0,233.25,234.25,200.6581268310547,833608.0,BRITANNIA.NS
2011-12-02,233.0,236.0,230.0,232.52499389648438,199.1804962158203,145838.0,BRITANNIA.NS
2011-12-05,233.0,235.0,232.5,233.14999389648438,199.71588134765625,112062.0,BRITANNIA.NS
2011-12-07,234.89999389648438,235.0,231.0,234.0749969482422,200.5082244873047,18858.0,BRITANNIA.NS
2011-12-08,235.5,237.5,229.39999389648438,230.89999389648438,197.78855895996094,108906.0,BRITANNIA.NS
2011-12-09,232.5,234.875,225.5749969482422,228.60000610351562,195.81837463378906,93030.0,BRITANNIA.NS
2011-12-12,232.0,234.85000610351562,227.5,229.72500610351562,196.7820281982422,378592.0,BRITANNIA.NS
2011-12-13,227.5,233.0,227.0,230.0,197.01759338378906,44478.0,BRITANNIA.NS
2011-12-14,229.25,231.25,222.1999969482422,223.22500610351562,191.21414184570312,34308.0,BRITANNIA.NS
2011-12-15,222.5,227.75,219.52499389648438,226.8249969482422,194.2978973388672,17532.0,BRITANNIA.NS
2011-12-16,228.5,230.47500610351562,224.52499389648438,227.0500030517578,194.4906463623047,15420.0,BRITANNIA.NS
2011-12-19,228.5,230.89999389648438,220.5,222.60000610351562,190.6787872314453,54164.0,BRITANNIA.NS
2011-12-20,222.5,224.0,219.5,220.35000610351562,188.75144958496094,16074.0,BRITANNIA.NS
2011-12-21,223.97500610351562,223.97500610351562,217.97500610351562,219.85000610351562,188.3231658935547,21886.0,BRITANNIA.NS
2011-12-22,221.39999389648438,222.25,216.0500030517578,220.77499389648438,189.115478515625,19842.0,BRITANNIA.NS
2011-12-23,222.4499969482422,227.0,220.0,220.0749969482422,188.51583862304688,174220.0,BRITANNIA.NS
2011-12-26,221.5500030517578,224.47500610351562,219.0,220.0749969482422,188.51583862304688,26284.0,BRITANNIA.NS
2011-12-27,218.5,226.875,218.5,223.52499389648438,191.4711456298828,68082.0,BRITANNIA.NS
2011-12-28,225.5,226.0,220.52499389648438,225.1750030517578,192.884521484375,25108.0,BRITANNIA.NS
2011-12-29,225.1750030517578,226.75,219.89999389648438,221.3249969482422,189.5865936279297,23290.0,BRITANNIA.NS
2011-12-30,223.8249969482422,225.4499969482422,221.64999389648438,224.3000030517578,192.13497924804688,25106.0,BRITANNIA.NS
2012-01-02,222.5,225.39999389648438,220.625,223.14999389648438,191.14990234375,16654.0,BRITANNIA.NS
2012-01-03,224.5,227.9250030517578,222.5,223.64999389648438,191.5781707763672,47238.0,BRITANNIA.NS
2012-01-04,221.0,225.47500610351562,221.0,224.10000610351562,191.9636688232422,12650.0,BRITANNIA.NS
2012-01-05,223.0,225.5,214.27499389648438,219.75,188.2374267578125,23998.0,BRITANNIA.NS
2012-01-06,221.5,223.0,220.0500030517578,221.5749969482422,189.80075073242188,13846.0,BRITANNIA.NS
2012-01-07,,,,,,,BRITANNIA.NS
2012-01-09,223.0,225.47500610351562,220.0,225.02499389648438,192.75604248046875,36260.0,BRITANNIA.NS
2012-01-10,223.0500030517578,226.25,222.5,223.5,191.44973754882812,21868.0,BRITANNIA.NS
2012-01-11,223.5,224.9499969482422,220.5,221.1750030517578,189.4581298828125,21988.0,BRITANNIA.NS
2012-01-12,223.75,223.75,217.75,219.0500030517578,187.63784790039062,39016.0,BRITANNIA.NS
2012-01-13,219.25,227.6750030517578,218.0,219.47500610351562,188.00189208984375,79902.0,BRITANNIA.NS
2012-01-16,221.85000610351562,224.5,217.8000030517578,219.25,187.8091278076172,29978.0,BRITANNIA.NS
2012-01-17,222.5,222.5,219.0,222.0749969482422,190.22906494140625,19792.0,BRITANNIA.NS
2012-01-18,223.75,225.0,221.5,222.60000610351562,190.6787872314453,47576.0,BRITANNIA.NS
2012-01-19,222.02499389648438,227.5,222.02499389648438,226.14999389648438,193.71969604492188,56888.0,BRITANNIA.NS
2012-01-20,225.75,232.64999389648438,225.75,227.97500610351562,195.28298950195312,50974.0,BRITANNIA.NS
2012-01-23,235.5500030517578,235.5500030517578,223.5,225.52499389648438,193.18434143066406,42338.0,BRITANNIA.NS
2012-01-24,225.0,229.35000610351562,225.0,227.1999969482422,194.61911010742188,14278.0,BRITANNIA.NS
2012-01-25,225.52499389648438,229.4499969482422,223.5,228.25,195.51852416992188,162864.0,BRITANNIA.NS
2012-01-27,229.0,231.0500030517578,225.75,229.6750030517578,196.73922729492188,24878.0,BRITANNIA.NS
2012-01-30,230.0,230.0500030517578,220.0500030517578,222.97500610351562,190.99998474121094,20292.0,BRITANNIA.NS
2012-01-31,224.9250030517578,227.89999389648438,223.85000610351562,226.77499389648438,194.2550506591797,21504.0,BRITANNIA.NS
2012-02-01,223.5749969482422,232.5,223.5749969482422,232.1750030517578,198.88070678710938,30952.0,BRITANNIA.NS
2012-02-02,234.89999389648438,234.89999389648438,229.5,232.0749969482422,198.79501342773438,30038.0,BRITANNIA.NS
2012-02-03,234.5,238.39999389648438,230.0,237.5749969482422,203.5063018798828,57472.0,BRITANNIA.NS
2012-02-06,237.5,239.9499969482422,220.8249969482422,237.5500030517578,203.48492431640625,52126.0,BRITANNIA.NS
2012-02-07,244.0,244.0,237.0,237.72500610351562,203.6348419189453,94104.0,BRITANNIA.NS
2012-02-08,240.125,242.0,236.0500030517578,241.0,206.440185546875,27930.0,BRITANNIA.NS
2012-02-09,240.0,243.9499969482422,240.0,242.89999389648438,208.06771850585938,49390.0,BRITANNIA.NS
2012-02-10,248.5,250.5,244.25,246.875,211.47271728515625,334890.0,BRITANNIA.NS
2012-02-13,250.5,264.0,250.5,258.92498779296875,221.79469299316406,660724.0,BRITANNIA.NS
2012-02-14,263.9750061035156,263.9750061035156,256.20001220703125,259.32501220703125,222.13735961914062,264080.0,BRITANNIA.NS
2012-02-15,262.0,264.95001220703125,260.0,263.5,225.71365356445312,241302.0,BRITANNIA.NS
2012-02-16,265.0,267.5,262.25,264.70001220703125,226.7415771484375,95728.0,BRITANNIA.NS
2012-02-17,266.75,271.2250061035156,260.5,262.67498779296875,225.00694274902344,174942.0,BRITANNIA.NS
2012-02-21,266.1000061035156,274.75,262.5,263.82501220703125,225.99203491210938,348814.0,BRITANNIA.NS
2012-02-22,266.3999938964844,266.3999938964844,255.0,256.0,219.28916931152344,121832.0,BRITANNIA.NS
2012-02-23,261.5,261.5,251.0,257.125,220.25283813476562,216316.0,BRITANNIA.NS
2012-02-24,257.8999938964844,264.875,255.5500030517578,258.9750061035156,221.83755493164062,104752.0,BRITANNIA.NS
2012-02-27,263.4750061035156,263.5,252.0,253.8249969482422,217.42604064941406,53746.0,BRITANNIA.NS
2012-02-28,255.0,258.45001220703125,252.5749969482422,255.22500610351562,218.62530517578125,44832.0,BRITANNIA.NS
2012-02-29,257.0,267.45001220703125,254.0,260.20001220703125,222.88685607910156,161660.0,BRITANNIA.NS
2012-03-01,257.54998779296875,264.95001220703125,214.9499969482422,261.82501220703125,224.2788543701172,161820.0,BRITANNIA.NS
2012-03-02,262.5,273.1000061035156,258.5,269.20001220703125,230.59628295898438,613610.0,BRITANNIA.NS
2012-03-03,,,,,,,BRITANNIA.NS
2012-03-05,265.0,276.5,264.9750061035156,271.17498779296875,232.28802490234375,251928.0,BRITANNIA.NS
2012-03-06,267.0,275.7250061035156,266.75,268.67498779296875,230.1465606689453,883966.0,BRITANNIA.NS
2012-03-07,268.67498779296875,268.67498779296875,264.0249938964844,266.20001220703125,228.02647399902344,143478.0,BRITANNIA.NS
2012-03-09,269.5,277.5,269.07501220703125,277.1499938964844,237.4062042236328,361870.0,BRITANNIA.NS
2012-03-12,280.0,286.4750061035156,277.5,283.5249938964844,242.8669891357422,257896.0,BRITANNIA.NS
2012-03-13,285.0,289.45001220703125,284.04998779296875,286.9750061035156,245.82229614257812,816900.0,BRITANNIA.NS
2012-03-14,287.5,287.5,280.2250061035156,283.75,243.05975341796875,212296.0,BRITANNIA.NS
2012-03-15,280.5,286.0,276.8999938964844,283.17498779296875,242.567138671875,231520.0,BRITANNIA.NS
2012-03-16,284.8999938964844,289.25,283.5,286.07501220703125,245.05133056640625,87442.0,BRITANNIA.NS
2012-03-19,285.0249938964844,287.3500061035156,276.29998779296875,282.7749938964844,242.2245635986328,133818.0,BRITANNIA.NS
2012-03-20,284.9750061035156,287.3999938964844,277.54998779296875,279.3500061035156,239.29071044921875,186004.0,BRITANNIA.NS
2012-03-21,279.25,284.0,279.125,283.1000061035156,242.5029296875,77722.0,BRITANNIA.NS
2012-03-22,281.6499938964844,286.25,281.6499938964844,285.29998779296875,244.38746643066406,48734.0,BRITANNIA.NS
2012-03-23,285.0,288.45001220703125,280.6499938964844,282.75,242.20318603515625,98470.0,BRITANNIA.NS
2012-03-26,283.0,287.5,282.0249938964844,286.5,245.4154052734375,78614.0,BRITANNIA.NS
2012-03-27,287.5,288.0,285.92498779296875,286.5249938964844,245.43678283691406,57496.0,BRITANNIA.NS
2012-03-28,283.5,287.375,281.0,281.7749938964844,241.3679656982422,70388.0,BRITANNIA.NS
2012-03-29,283.4750061035156,287.5,278.4750061035156,283.75,243.05975341796875,124940.0,BRITANNIA.NS
2012-03-30,287.0,297.29998779296875,284.5249938964844,296.5,253.98143005371094,1432356.0,BRITANNIA.NS
2012-04-02,295.0,299.5,291.5,295.8999938964844,253.4674530029297,56306.0,BRITANNIA.NS
2012-04-03,298.375,299.95001220703125,295.5249938964844,297.8999938964844,255.18060302734375,66070.0,BRITANNIA.NS
2012-04-04,297.4750061035156,298.0,292.54998779296875,296.67498779296875,254.1313018798828,87090.0,BRITANNIA.NS
2012-04-09,295.5,299.45001220703125,288.79998779296875,297.32501220703125,254.68809509277344,22600.0,BRITANNIA.NS
2012-04-10,294.5,297.5249938964844,294.5,295.0249938964844,252.71791076660156,26268.0,BRITANNIA.NS
2012-04-11,296.5,296.5,287.6000061035156,292.3999938964844,250.46932983398438,17578.0,BRITANNIA.NS
2012-04-12,295.0,296.1000061035156,291.0,291.95001220703125,250.08387756347656,18684.0,BRITANNIA.NS
2012-04-13,290.5,298.5,287.5249938964844,291.4750061035156,249.6769561767578,29072.0,BRITANNIA.NS
2012-04-16,291.5,297.5,286.9750061035156,294.7749938964844,252.50372314453125,274922.0,BRITANNIA.NS
2012-04-17,288.0,295.95001220703125,265.04998779296875,288.375,247.021484375,49364.0,BRITANNIA.NS
2012-04-18,290.0,291.9750061035156,284.04998779296875,285.29998779296875,244.38746643066406,40710.0,BRITANNIA.NS
2012-04-19,285.0249938964844,290.0,283.1499938964844,285.1000061035156,244.21615600585938,54988.0,BRITANNIA.NS
2012-04-20,288.4750061035156,288.4750061035156,280.0,282.875,242.31027221679688,48452.0,BRITANNIA.NS
2012-04-23,281.1499938964844,285.5,280.0,281.29998779296875,240.9611053466797,20202.0,BRITANNIA.NS
2012-04-24,280.57501220703125,286.9750061035156,275.5,284.2250061035156,243.46661376953125,428096.0,BRITANNIA.NS
2012-04-25,279.92498779296875,285.9750061035156,278.5249938964844,284.75,243.9163360595703,32318.0,BRITANNIA.NS
2012-04-26,283.1499938964844,284.875,278.54998779296875,280.5249938964844,240.29722595214844,25288.0,BRITANNIA.NS
2012-04-27,284.0,284.25,276.5,280.2250061035156,240.04025268554688,32814.0,BRITANNIA.NS
2012-04-30,282.04998779296875,282.04998779296875,278.6499938964844,280.8999938964844,240.6184844970703,27120.0,BRITANNIA.NS
2012-05-02,280.29998779296875,281.45001220703125,277.7749938964844,280.7749938964844,240.51138305664062,20858.0,BRITANNIA.NS
2012-05-03,281.45001220703125,283.04998779296875,277.0,278.29998779296875,238.3912811279297,28004.0,BRITANNIA.NS
2012-05-04,280.1499938964844,280.1499938964844,271.0,275.25,235.77865600585938,17628.0,BRITANNIA.NS
2012-05-07,267.1499938964844,277.4750061035156,267.1499938964844,275.20001220703125,235.7358856201172,15986.0,BRITANNIA.NS
2012-05-08,278.875,278.875,270.0,270.82501220703125,231.98825073242188,21970.0,BRITANNIA.NS
2012-05-09,270.25,274.0,265.04998779296875,266.625,228.39053344726562,19886.0,BRITANNIA.NS
2012-05-10,269.5,279.5,266.20001220703125,276.82501220703125,237.12783813476562,32878.0,BRITANNIA.NS
2012-05-11,279.5,281.5,267.95001220703125,269.29998779296875,230.68190002441406,623050.0,BRITANNIA.NS
2012-05-14,269.0,272.45001220703125,265.82501220703125,267.8999938964844,229.48269653320312,16164.0,BRITANNIA.NS
2012-05-15,267.6499938964844,269.0,265.0,265.25,227.21266174316406,36240.0,BRITANNIA.NS
2012-05-16,265.0,266.9750061035156,261.17498779296875,261.9750061035156,224.40731811523438,155966.0,BRITANNIA.NS
2012-05-17,263.45001220703125,263.7250061035156,259.0,260.6000061035156,223.22950744628906,53880.0,BRITANNIA.NS
2012-05-18,260.70001220703125,268.0,253.25,263.6000061035156,225.79928588867188,54784.0,BRITANNIA.NS
2012-05-21,263.9750061035156,266.82501220703125,262.5,264.2250061035156,226.33468627929688,10386.0,BRITANNIA.NS
2012-05-22,264.0,269.42498779296875,264.0,265.57501220703125,227.4910888671875,6752.0,BRITANNIA.NS
2012-05-23,270.95001220703125,270.95001220703125,262.625,265.67498779296875,227.5767364501953,30644.0,BRITANNIA.NS
2012-05-24,265.0,265.75,260.1499938964844,262.79998779296875,225.11399841308594,34860.0,BRITANNIA.NS
2012-05-25,264.5,268.92498779296875,259.9750061035156,264.375,226.46311950683594,22218.0,BRITANNIA.NS
2012-05-28,267.45001220703125,272.125,266.5249938964844,268.7250061035156,230.18936157226562,49302.0,BRITANNIA.NS
2012-05-29,270.0,272.4750061035156,261.0,263.4750061035156,225.69223022460938,131142.0,BRITANNIA.NS
2012-05-30,256.875,263.4750061035156,256.875,259.04998779296875,221.90176391601562,978174.0,BRITANNIA.NS
2012-05-31,257.4750061035156,270.0,256.9750061035156,267.32501220703125,228.99012756347656,570584.0,BRITANNIA.NS
2012-06-01,267.5,267.5,261.54998779296875,263.1000061035156,225.37098693847656,15614.0,BRITANNIA.NS
2012-06-04,265.0,265.0,255.85000610351562,258.4750061035156,221.40924072265625,15750.0,BRITANNIA.NS
2012-06-05,259.0,263.0,250.5749969482422,259.375,222.18016052246094,13540.0,BRITANNIA.NS
2012-06-06,262.5,265.79998779296875,261.0,262.25,224.64288330078125,45662.0,BRITANNIA.NS
2012-06-07,264.25,264.25,260.04998779296875,261.82501220703125,224.2788543701172,51654.0,BRITANNIA.NS
2012-06-08,263.57501220703125,264.5,260.0,260.7749938964844,223.37940979003906,45112.0,BRITANNIA.NS
2012-06-11,263.8999938964844,263.8999938964844,259.5,259.92498779296875,222.6512908935547,27510.0,BRITANNIA.NS
2012-06-12,260.0,261.0,255.75,259.25,222.0730743408203,48218.0,BRITANNIA.NS
2012-06-13,257.5,270.0,257.5,269.6499938964844,230.9817352294922,192932.0,BRITANNIA.NS
2012-06-14,268.0,273.95001220703125,262.5,263.82501220703125,225.99203491210938,99864.0,BRITANNIA.NS
2012-06-15,261.82501220703125,266.20001220703125,260.1000061035156,262.70001220703125,225.02838134765625,60772.0,BRITANNIA.NS
2012-06-18,262.5,266.95001220703125,256.5,258.7749938964844,221.6661834716797,32434.0,BRITANNIA.NS
2012-06-19,262.0,262.0,256.5,260.32501220703125,222.99395751953125,37942.0,BRITANNIA.NS
2012-06-20,263.0,265.0,260.0,261.375,223.8933868408203,45414.0,BRITANNIA.NS
2012-06-21,261.0249938964844,264.625,260.0,261.04998779296875,223.61495971679688,78610.0,BRITANNIA.NS
2012-06-22,260.25,263.0,260.0,261.42498779296875,223.93618774414062,18000.0,BRITANNIA.NS
2012-06-25,247.47500610351562,267.0,247.47500610351562,263.9750061035156,226.1205291748047,316814.0,BRITANNIA.NS
2012-06-26,265.0,265.5,260.0,260.92498779296875,223.5078887939453,32092.0,BRITANNIA.NS
2012-06-27,260.2749938964844,264.0,260.1499938964844,261.42498779296875,223.93618774414062,14106.0,BRITANNIA.NS
2012-06-28,260.75,263.2250061035156,260.45001220703125,262.3999938964844,224.77137756347656,23232.0,BRITANNIA.NS
2012-06-29,263.0,265.0,261.3999938964844,262.67498779296875,225.00694274902344,39556.0,BRITANNIA.NS
2012-07-02,258.5,276.07501220703125,258.5,269.29998779296875,230.68190002441406,319272.0,BRITANNIA.NS
2012-07-03,268.04998779296875,272.32501220703125,266.29998779296875,268.6000061035156,230.0823211669922,57590.0,BRITANNIA.NS
2012-07-04,268.6000061035156,270.9750061035156,267.75,269.04998779296875,230.46774291992188,31926.0,BRITANNIA.NS
2012-07-05,271.0,271.0,265.2749938964844,267.3999938964844,229.0543670654297,83304.0,BRITANNIA.NS
2012-07-06,266.0249938964844,269.4750061035156,263.125,266.8999938964844,228.62608337402344,147954.0,BRITANNIA.NS
2012-07-09,265.82501220703125,266.07501220703125,258.25,260.2749938964844,222.9510955810547,40284.0,BRITANNIA.NS
2012-07-10,263.0,264.1499938964844,260.625,262.8999938964844,225.1996612548828,32058.0,BRITANNIA.NS
2012-07-11,263.0249938964844,264.0,260.2250061035156,261.20001220703125,223.74346923828125,175460.0,BRITANNIA.NS
2012-07-12,261.0,261.92498779296875,258.0,261.0,223.57212829589844,36814.0,BRITANNIA.NS
2012-07-13,263.5,265.0,261.0,262.42498779296875,224.79278564453125,37344.0,BRITANNIA.NS
2012-07-16,263.95001220703125,263.95001220703125,256.75,257.4750061035156,220.55264282226562,148524.0,BRITANNIA.NS
2012-07-17,256.75,258.2749938964844,254.0,256.95001220703125,223.79702758789062,69068.0,BRITANNIA.NS
2012-07-18,257.0,257.5249938964844,252.5,255.60000610351562,222.62118530273438,34634.0,BRITANNIA.NS
2012-07-19,257.5,257.5,247.97500610351562,249.9499969482422,217.7001953125,478984.0,BRITANNIA.NS
2012-07-20,250.89999389648438,251.4499969482422,247.5,248.85000610351562,216.74212646484375,85548.0,BRITANNIA.NS
2012-07-23,249.97500610351562,250.0,246.02499389648438,248.02499389648438,216.0235595703125,51258.0,BRITANNIA.NS
2012-07-24,247.0749969482422,248.97500610351562,240.77499389648438,245.8249969482422,214.10743713378906,122004.0,BRITANNIA.NS
2012-07-25,245.5749969482422,256.8500061035156,238.5500030517578,240.27499389648438,209.27349853515625,136424.0,BRITANNIA.NS
2012-07-26,242.10000610351562,242.5,236.0749969482422,237.72500610351562,207.05252075195312,360666.0,BRITANNIA.NS
2012-07-27,238.5,242.125,234.02499389648438,235.5749969482422,205.17990112304688,68142.0,BRITANNIA.NS
2012-07-30,237.9499969482422,238.22500610351562,232.77499389648438,234.0749969482422,203.8734588623047,69764.0,BRITANNIA.NS
2012-07-31,241.0,241.0,231.02499389648438,232.3249969482422,202.3492431640625,106610.0,BRITANNIA.NS
2012-08-01,234.4499969482422,234.4499969482422,230.5,231.60000610351562,201.7178192138672,108598.0,BRITANNIA.NS
2012-08-02,233.4499969482422,239.375,231.5500030517578,233.25,203.15489196777344,420410.0,BRITANNIA.NS
2012-08-03,190.0,237.25,190.0,236.5749969482422,206.05088806152344,337164.0,BRITANNIA.NS
2012-08-06,237.52499389648438,241.0,229.0500030517578,230.35000610351562,200.62908935546875,604546.0,BRITANNIA.NS
2012-08-07,230.35000610351562,232.77499389648438,225.5,226.5500030517578,197.31936645507812,173650.0,BRITANNIA.NS
2012-08-08,226.625,231.85000610351562,225.85000610351562,226.60000610351562,197.36294555664062,127984.0,BRITANNIA.NS
2012-08-09,226.5,229.8249969482422,226.47500610351562,227.39999389648438,198.05967712402344,58866.0,BRITANNIA.NS
2012-08-10,225.75,229.0,224.875,226.125,196.94918823242188,57528.0,BRITANNIA.NS
2012-08-13,227.5,234.4250030517578,227.0,228.3000030517578,198.84359741210938,61752.0,BRITANNIA.NS
2012-08-14,228.4499969482422,233.72500610351562,228.4250030517578,232.5749969482422,202.56700134277344,151706.0,BRITANNIA.NS
2012-08-16,232.89999389648438,236.0,231.97500610351562,233.9250030517578,203.7427978515625,122710.0,BRITANNIA.NS
2012-08-17,234.97500610351562,237.6999969482422,232.5,234.97500610351562,204.65736389160156,180896.0,BRITANNIA.NS
2012-08-21,237.4250030517578,237.5,235.02499389648438,236.875,206.3121795654297,287150.0,BRITANNIA.NS
2012-08-22,236.5,238.6750030517578,234.0,237.0749969482422,206.4863739013672,153260.0,BRITANNIA.NS
2012-08-23,237.0749969482422,239.8249969482422,237.0749969482422,239.1999969482422,208.33718872070312,63660.0,BRITANNIA.NS
2012-08-24,243.1999969482422,249.0,240.0,242.4250030517578,211.1461181640625,388586.0,BRITANNIA.NS
2012-08-27,242.5500030517578,246.85000610351562,241.02499389648438,244.77499389648438,213.19290161132812,92948.0,BRITANNIA.NS
2012-08-28,245.02499389648438,246.5500030517578,242.5500030517578,244.22500610351562,212.7138671875,51724.0,BRITANNIA.NS
2012-08-29,244.5,245.8249969482422,243.0,243.97500610351562,212.4961395263672,21824.0,BRITANNIA.NS
2012-08-30,244.0,245.4499969482422,241.5,244.75,213.17111206054688,365728.0,BRITANNIA.NS
2012-08-31,244.75,252.5,242.5,250.5,218.1792449951172,434660.0,BRITANNIA.NS
2012-09-03,251.25,254.75,250.5,252.1750030517578,219.6381072998047,282556.0,BRITANNIA.NS
2012-09-04,254.0,255.0,251.625,253.3249969482422,220.63973999023438,75008.0,BRITANNIA.NS
2012-09-05,251.52499389648438,253.5,250.3249969482422,251.4499969482422,219.00662231445312,102990.0,BRITANNIA.NS
2012-09-06,252.5,254.8249969482422,250.0,252.5,219.92117309570312,250906.0,BRITANNIA.NS
2012-09-07,253.35000610351562,254.8249969482422,247.3000030517578,248.75,216.6549835205078,68616.0,BRITANNIA.NS
2012-09-08,,,,,,,BRITANNIA.NS
2012-09-10,249.0749969482422,249.97500610351562,245.0,248.0749969482422,216.06707763671875,32114.0,BRITANNIA.NS
2012-09-11,245.0,251.5,244.0500030517578,245.02499389648438,213.41062927246094,37114.0,BRITANNIA.NS
2012-09-12,245.02499389648438,248.9499969482422,243.5,245.47500610351562,213.80259704589844,51736.0,BRITANNIA.NS
2012-09-13,245.10000610351562,249.25,243.3000030517578,243.97500610351562,212.4961395263672,114614.0,BRITANNIA.NS
2012-09-14,244.625,248.39999389648438,243.75,244.39999389648438,212.8662872314453,40570.0,BRITANNIA.NS
2012-09-17,252.0,252.0,244.5500030517578,245.3249969482422,213.67193603515625,55798.0,BRITANNIA.NS
2012-09-18,244.52499389648438,246.875,238.10000610351562,244.0749969482422,212.5832061767578,99482.0,BRITANNIA.NS
2012-09-20,243.5,246.5,241.39999389648438,242.0500030517578,210.8195037841797,36908.0,BRITANNIA.NS
2012-09-21,243.3249969482422,245.10000610351562,238.8000030517578,240.0749969482422,209.09930419921875,236146.0,BRITANNIA.NS
2012-09-24,241.0,246.64999389648438,236.125,237.0,206.42105102539062,102412.0,BRITANNIA.NS
2012-09-25,237.5,239.0,234.0,235.10000610351562,204.76620483398438,205348.0,BRITANNIA.NS
2012-09-26,237.4250030517578,244.0,235.0,239.125,208.27183532714844,145896.0,BRITANNIA.NS
2012-09-27,242.5,242.5,235.0,240.22500610351562,209.22996520996094,116936.0,BRITANNIA.NS
2012-09-28,241.39999389648438,244.4250030517578,236.6999969482422,237.875,207.1831817626953,199230.0,BRITANNIA.NS
2012-10-01,239.8249969482422,241.5,237.5,238.5,207.7275390625,224146.0,BRITANNIA.NS
2012-10-03,240.0,240.0,235.3000030517578,236.47500610351562,205.9638214111328,209378.0,BRITANNIA.NS
2012-10-04,237.97500610351562,240.72500610351562,236.625,238.85000610351562,208.03233337402344,124618.0,BRITANNIA.NS
2012-10-05,241.5,249.0,240.02499389648438,243.125,211.75579833984375,616948.0,BRITANNIA.NS
2012-10-08,244.5,248.0,243.0,246.14999389648438,214.39047241210938,468618.0,BRITANNIA.NS
2012-10-09,247.10000610351562,262.45001220703125,247.0749969482422,254.89999389648438,222.01150512695312,761880.0,BRITANNIA.NS
2012-10-10,255.5,257.20001220703125,250.5500030517578,252.1750030517578,219.6381072998047,232950.0,BRITANNIA.NS
2012-10-11,252.5,253.875,247.60000610351562,250.3000030517578,218.00502014160156,154518.0,BRITANNIA.NS
2012-10-12,250.5,252.6999969482422,246.0,246.77499389648438,214.93482971191406,75390.0,BRITANNIA.NS
2012-10-15,250.0,250.0,243.0,245.27499389648438,213.6283721923828,45048.0,BRITANNIA.NS
2012-10-16,245.5,251.0,244.0749969482422,247.8000030517578,215.8275909423828,161016.0,BRITANNIA.NS
2012-10-17,247.60000610351562,249.6999969482422,243.6999969482422,244.25,212.73562622070312,196196.0,BRITANNIA.NS
2012-10-18,245.1999969482422,247.0,243.0500030517578,244.22500610351562,212.7138671875,151886.0,BRITANNIA.NS
2012-10-19,244.27499389648438,245.27499389648438,242.5,242.75,211.42916870117188,341398.0,BRITANNIA.NS
2012-10-22,242.75,245.4499969482422,241.0,244.4250030517578,212.8880615234375,59014.0,BRITANNIA.NS
2012-10-23,244.39999389648438,244.39999389648438,239.5,241.22500610351562,210.10092163085938,129694.0,BRITANNIA.NS
2012-10-25,243.4250030517578,247.5,241.0,245.4499969482422,213.78079223632812,92708.0,BRITANNIA.NS
2012-10-29,246.0,247.39999389648438,242.72500610351562,244.5500030517578,212.9969024658203,64842.0,BRITANNIA.NS
2012-10-30,247.0,247.0,240.5,242.1750030517578,210.9283447265625,42956.0,BRITANNIA.NS
2012-10-31,240.97500610351562,243.375,237.72500610351562,241.8249969482422,210.62351989746094,26220.0,BRITANNIA.NS
2012-11-01,242.02499389648438,242.5,238.14999389648438,238.5,207.7275390625,112860.0,BRITANNIA.NS
2012-11-02,239.52499389648438,241.9499969482422,236.5500030517578,237.4499969482422,206.81300354003906,82908.0,BRITANNIA.NS
2012-11-05,237.5500030517578,238.9499969482422,235.1999969482422,236.27499389648438,205.7895965576172,92194.0,BRITANNIA.NS
2012-11-06,239.9250030517578,241.375,237.5,239.97500610351562,209.01222229003906,270226.0,BRITANNIA.NS
2012-11-07,241.5,242.5,233.75,234.4499969482422,204.20005798339844,319210.0,BRITANNIA.NS
2012-11-08,234.0,237.5,232.89999389648438,234.8249969482422,204.52667236328125,166608.0,BRITANNIA.NS
2012-11-09,236.47500610351562,236.47500610351562,231.35000610351562,232.89999389648438,202.85008239746094,397218.0,BRITANNIA.NS
2012-11-11,,,,,,,BRITANNIA.NS
2012-11-12,230.625,234.0749969482422,229.25,230.3249969482422,200.6072998046875,213354.0,BRITANNIA.NS
2012-11-15,235.0,236.47500610351562,233.0,234.6999969482422,204.4178466796875,126910.0,BRITANNIA.NS
2012-11-16,233.0,239.9499969482422,231.125,238.52499389648438,207.74929809570312,516924.0,BRITANNIA.NS
2012-11-19,238.75,239.1999969482422,235.52499389648438,237.8249969482422,207.1396026611328,46594.0,BRITANNIA.NS
2012-11-20,238.125,242.0,238.02499389648438,240.9250030517578,209.8396453857422,243842.0,BRITANNIA.NS
2012-11-21,240.25,240.6999969482422,237.0,237.6750030517578,207.0089569091797,24630.0,BRITANNIA.NS
2012-11-22,236.64999389648438,239.6999969482422,236.5,239.02499389648438,208.18478393554688,404320.0,BRITANNIA.NS
2012-11-23,240.0500030517578,245.5,240.0500030517578,241.89999389648438,210.68881225585938,112860.0,BRITANNIA.NS
2012-11-26,241.0,246.5,241.0,244.375,212.84449768066406,66076.0,BRITANNIA.NS
2012-11-27,244.97500610351562,246.4499969482422,241.60000610351562,242.10000610351562,210.863037109375,55092.0,BRITANNIA.NS
2012-11-29,242.89999389648438,248.625,242.0,246.60000610351562,214.7824249267578,175166.0,BRITANNIA.NS
2012-11-30,249.4499969482422,251.89999389648438,245.60000610351562,249.10000610351562,216.9598846435547,258822.0,BRITANNIA.NS
2012-12-03,250.97500610351562,250.97500610351562,245.25,247.0,215.1308135986328,71734.0,BRITANNIA.NS
2012-12-04,246.5,248.5,243.5749969482422,244.4499969482422,212.90982055664062,85544.0,BRITANNIA.NS
2012-12-05,244.5500030517578,246.97500610351562,242.625,244.1999969482422,212.6920928955078,38900.0,BRITANNIA.NS
2012-12-06,245.5749969482422,247.97500610351562,244.02499389648438,247.22500610351562,215.32676696777344,437924.0,BRITANNIA.NS
2012-12-07,248.9250030517578,248.9499969482422,246.02499389648438,247.875,215.89292907714844,59166.0,BRITANNIA.NS
2012-12-10,249.4499969482422,249.4499969482422,247.10000610351562,247.6750030517578,215.71873474121094,45894.0,BRITANNIA.NS
2012-12-11,247.5,251.5,245.5,249.47500610351562,217.2864532470703,437238.0,BRITANNIA.NS
2012-12-12,251.4499969482422,252.5,246.0500030517578,247.02499389648438,215.15257263183594,51096.0,BRITANNIA.NS
2012-12-13,222.4499969482422,252.5,222.4499969482422,247.97500610351562,215.98001098632812,122844.0,BRITANNIA.NS
2012-12-14,249.97500610351562,250.5,247.3000030517578,249.3249969482422,217.15582275390625,72168.0,BRITANNIA.NS
2012-12-17,250.0,250.875,247.52499389648438,248.8249969482422,216.72032165527344,27128.0,BRITANNIA.NS
2012-12-18,249.5,249.5,245.52499389648438,246.9250030517578,215.0654754638672,46170.0,BRITANNIA.NS
2012-12-19,247.47500610351562,249.72500610351562,244.0749969482422,248.8249969482422,216.72032165527344,152552.0,BRITANNIA.NS
2012-12-20,249.9499969482422,249.9499969482422,246.3000030517578,247.8249969482422,215.849365234375,23684.0,BRITANNIA.NS
2012-12-21,247.8000030517578,247.8000030517578,244.3249969482422,245.22500610351562,213.58480834960938,44716.0,BRITANNIA.NS
2012-12-24,245.5,247.0,243.5,246.10000610351562,214.34693908691406,22604.0,BRITANNIA.NS
2012-12-26,245.52499389648438,250.4250030517578,244.52499389648438,249.8249969482422,217.59132385253906,71786.0,BRITANNIA.NS
2012-12-27,249.6999969482422,249.6999969482422,245.64999389648438,246.10000610351562,214.34693908691406,40068.0,BRITANNIA.NS
2012-12-28,247.8249969482422,247.97500610351562,244.3249969482422,247.47500610351562,215.5445556640625,89098.0,BRITANNIA.NS
2012-12-31,246.25,250.0,245.75,249.375,217.1993865966797,41230.0,BRITANNIA.NS
2013-01-01,249.97500610351562,251.47500610351562,248.5,250.6750030517578,218.3316650390625,61352.0,BRITANNIA.NS
2013-01-02,250.47500610351562,254.5,249.64999389648438,252.14999389648438,219.6163330078125,786810.0,BRITANNIA.NS
2013-01-03,254.5,287.45001220703125,253.0,253.85000610351562,221.0970001220703,463354.0,BRITANNIA.NS
2013-01-04,256.0,256.875,254.02499389648438,255.10000610351562,222.18569946289062,51546.0,BRITANNIA.NS
2013-01-07,255.0,255.8249969482422,250.0,250.89999389648438,218.52761840820312,37746.0,BRITANNIA.NS
2013-01-08,251.0,253.25,248.8249969482422,250.0500030517578,217.7872772216797,33942.0,BRITANNIA.NS
2013-01-09,250.0500030517578,255.02499389648438,249.0,252.72500610351562,220.11712646484375,472828.0,BRITANNIA.NS
2013-01-10,253.9250030517578,254.0,247.5,248.0,216.00177001953125,56784.0,BRITANNIA.NS
2013-01-11,248.0,251.9499969482422,244.0,245.0749969482422,213.45419311523438,90512.0,BRITANNIA.NS
2013-01-14,245.0,245.875,240.77499389648438,242.5,211.21144104003906,427748.0,BRITANNIA.NS
2013-01-15,243.0749969482422,245.0,242.25,243.22500610351562,211.84291076660156,420062.0,BRITANNIA.NS
2013-01-16,243.9499969482422,248.4499969482422,242.0,246.97500610351562,215.10903930664062,116130.0,BRITANNIA.NS
2013-01-17,247.1750030517578,247.4499969482422,244.02499389648438,244.9499969482422,213.34530639648438,68786.0,BRITANNIA.NS
2013-01-18,243.64999389648438,245.5500030517578,242.5,243.0749969482422,211.71221923828125,70308.0,BRITANNIA.NS
2013-01-21,244.4250030517578,245.4499969482422,243.0,244.75,213.17111206054688,55874.0,BRITANNIA.NS
2013-01-22,245.39999389648438,245.5,243.0,245.0749969482422,213.45419311523438,44000.0,BRITANNIA.NS
2013-01-23,245.0500030517578,246.25,240.8000030517578,242.625,211.32029724121094,91392.0,BRITANNIA.NS
2013-01-24,245.0,245.0,236.25,237.35000610351562,206.72589111328125,57986.0,BRITANNIA.NS
2013-01-25,239.5,244.0,235.10000610351562,242.0500030517578,210.8195037841797,26874.0,BRITANNIA.NS
2013-01-28,242.0500030517578,243.75,238.1999969482422,238.9499969482422,208.1194305419922,43768.0,BRITANNIA.NS
2013-01-29,240.0,241.0,236.5,240.10000610351562,209.12110900878906,68406.0,BRITANNIA.NS
2013-01-30,241.9499969482422,241.9499969482422,237.5,237.97500610351562,207.270263671875,63712.0,BRITANNIA.NS
2013-01-31,237.5,247.0,235.0,241.0,209.90496826171875,84222.0,BRITANNIA.NS
2013-02-01,246.5,249.4499969482422,234.10000610351562,235.89999389648438,205.4629669189453,86694.0,BRITANNIA.NS
2013-02-04,237.5,239.5,234.5500030517578,235.10000610351562,204.76620483398438,37552.0,BRITANNIA.NS
2013-02-05,235.0,235.8000030517578,232.5500030517578,233.5500030517578,203.41619873046875,33866.0,BRITANNIA.NS
2013-02-06,233.5500030517578,235.47500610351562,232.0500030517578,232.9499969482422,202.89361572265625,36008.0,BRITANNIA.NS
2013-02-07,234.89999389648438,234.89999389648438,230.5749969482422,232.60000610351562,202.58877563476562,27754.0,BRITANNIA.NS
2013-02-08,231.5,234.1999969482422,227.9499969482422,232.5,202.50164794921875,150774.0,BRITANNIA.NS
2013-02-11,234.85000610351562,236.5,231.0,234.89999389648438,204.5919952392578,155300.0,BRITANNIA.NS
2013-02-12,237.5,239.5,236.0,238.47500610351562,207.7057647705078,104538.0,BRITANNIA.NS
2013-02-13,237.5,243.5,236.5500030517578,241.6750030517578,210.4928741455078,85314.0,BRITANNIA.NS
2013-02-14,244.0,247.6750030517578,240.27499389648438,246.5500030517578,214.7388916015625,149122.0,BRITANNIA.NS
2013-02-15,249.0,259.5,240.5,245.0,213.3888397216797,57944.0,BRITANNIA.NS
2013-02-18,244.52499389648438,248.0,244.52499389648438,246.89999389648438,215.04371643066406,302092.0,BRITANNIA.NS
2013-02-19,248.0,249.625,244.6999969482422,249.3249969482422,217.15582275390625,54060.0,BRITANNIA.NS
2013-02-20,250.0,251.5,247.0,249.39999389648438,217.22116088867188,93518.0,BRITANNIA.NS
2013-02-21,249.5,254.5,247.0,252.0749969482422,219.551025390625,155064.0,BRITANNIA.NS
2013-02-22,251.47500610351562,253.75,249.5,250.625,218.2880859375,102228.0,BRITANNIA.NS
2013-02-25,252.75,255.0,246.625,249.5749969482422,217.37359619140625,34418.0,BRITANNIA.NS
2013-02-26,250.0,250.4250030517578,243.77499389648438,244.85000610351562,213.25819396972656,44024.0,BRITANNIA.NS
2013-02-27,244.75,247.5,244.0,245.5500030517578,213.86788940429688,28760.0,BRITANNIA.NS
2013-02-28,249.9250030517578,249.9250030517578,239.5,240.75,209.6872100830078,44338.0,BRITANNIA.NS
2013-03-01,242.5,252.5,238.39999389648438,251.0500030517578,218.6582489013672,75828.0,BRITANNIA.NS
2013-03-04,251.0500030517578,252.47500610351562,247.5,250.125,217.8526153564453,146970.0,BRITANNIA.NS
2013-03-05,250.10000610351562,252.0,249.0,250.1999969482422,217.9179229736328,99532.0,BRITANNIA.NS
2013-03-06,253.9250030517578,255.72500610351562,250.0,254.6999969482422,221.83731079101562,306210.0,BRITANNIA.NS
2013-03-07,254.0,264.0,252.77499389648438,259.6000061035156,226.10511779785156,525138.0,BRITANNIA.NS
2013-03-08,260.0249938964844,265.5,259.9750061035156,263.82501220703125,229.7849884033203,1008328.0,BRITANNIA.NS
2013-03-11,265.7749938964844,272.45001220703125,265.0249938964844,267.75,233.20352172851562,225510.0,BRITANNIA.NS
2013-03-12,271.9750061035156,271.9750061035156,265.0,268.6000061035156,233.94387817382812,78892.0,BRITANNIA.NS
2013-03-13,269.8500061035156,269.95001220703125,267.5,268.6000061035156,233.94387817382812,107898.0,BRITANNIA.NS
2013-03-14,267.5249938964844,269.54998779296875,260.5,268.75,234.0745086669922,51796.0,BRITANNIA.NS
2013-03-15,270.0,274.04998779296875,266.125,270.04998779296875,235.20677185058594,403324.0,BRITANNIA.NS
2013-03-18,271.4750061035156,274.07501220703125,261.25,273.4750061035156,238.18984985351562,56624.0,BRITANNIA.NS
2013-03-19,273.0,273.0,261.625,265.54998779296875,231.28741455078125,251878.0,BRITANNIA.NS
2013-03-20,265.07501220703125,272.5,261.625,264.57501220703125,230.43820190429688,247966.0,BRITANNIA.NS
2013-03-21,265.5,269.4750061035156,262.0249938964844,265.70001220703125,231.41807556152344,124528.0,BRITANNIA.NS
2013-03-22,265.2749938964844,267.125,259.6000061035156,261.29998779296875,227.58572387695312,179808.0,BRITANNIA.NS
2013-03-25,261.5,263.0,256.0,260.2749938964844,226.69296264648438,162582.0,BRITANNIA.NS
2013-03-26,257.5249938964844,261.9750061035156,255.5500030517578,258.25,224.9292755126953,22006.0,BRITANNIA.NS
2013-03-28,259.9750061035156,269.0249938964844,257.0249938964844,262.4750061035156,228.6091766357422,67604.0,BRITANNIA.NS
2013-04-01,268.95001220703125,270.0,260.0249938964844,263.7250061035156,229.69789123535156,45902.0,BRITANNIA.NS
2013-04-02,262.04998779296875,266.95001220703125,262.04998779296875,264.0,229.9373779296875,188644.0,BRITANNIA.NS
2013-04-03,264.0,268.0,259.2749938964844,259.9750061035156,226.43173217773438,49186.0,BRITANNIA.NS
2013-04-04,259.5249938964844,259.5249938964844,252.0,256.5,223.40504455566406,51930.0,BRITANNIA.NS
2013-04-05,257.5,260.0,255.0,258.32501220703125,224.99459838867188,17202.0,BRITANNIA.NS
2013-04-08,265.5,265.5,256.20001220703125,259.5,226.01795959472656,11738.0,BRITANNIA.NS
2013-04-09,263.3500061035156,263.3500061035156,259.1000061035156,260.125,226.56236267089844,115644.0,BRITANNIA.NS
2013-04-10,262.42498779296875,264.75,259.6000061035156,262.4750061035156,228.6091766357422,67856.0,BRITANNIA.NS
2013-04-11,263.5,269.95001220703125,262.5,268.0,233.42127990722656,221608.0,BRITANNIA.NS
2013-04-12,267.5,267.5,265.0,267.2749938964844,232.78976440429688,16512.0,BRITANNIA.NS
2013-04-15,269.75,269.9750061035156,262.5,263.17498779296875,229.21884155273438,43602.0,BRITANNIA.NS
2013-04-16,260.1499938964844,267.45001220703125,260.1499938964844,265.92498779296875,231.61404418945312,24098.0,BRITANNIA.NS
2013-04-17,267.5,274.29998779296875,265.3500061035156,270.375,235.48985290527344,40676.0,BRITANNIA.NS
2013-04-18,269.5,274.8999938964844,269.1000061035156,273.1000061035156,237.86326599121094,40562.0,BRITANNIA.NS
2013-04-22,271.75,283.3500061035156,271.75,282.29998779296875,245.87620544433594,104402.0,BRITANNIA.NS
2013-04-23,282.5,286.375,275.7749938964844,278.2749938964844,242.37054443359375,80650.0,BRITANNIA.NS
2013-04-25,275.5,288.42498779296875,275.5,281.82501220703125,245.46250915527344,1277212.0,BRITANNIA.NS
2013-04-26,282.5,285.4750061035156,280.0,283.1000061035156,246.5730438232422,90976.0,BRITANNIA.NS
2013-04-29,282.0249938964844,283.0,280.25,281.3500061035156,245.04881286621094,62364.0,BRITANNIA.NS
2013-04-30,282.5,291.95001220703125,282.5,289.92498779296875,252.51742553710938,127618.0,BRITANNIA.NS
2013-05-02,283.5,292.7749938964844,280.7749938964844,287.3500061035156,250.27464294433594,86380.0,BRITANNIA.NS
2013-05-03,288.0,289.9750061035156,281.67498779296875,286.3500061035156,249.40371704101562,137970.0,BRITANNIA.NS
2013-05-06,286.0,290.0,285.5249938964844,288.6000061035156,251.3634033203125,141474.0,BRITANNIA.NS
2013-05-07,288.0249938964844,291.32501220703125,285.95001220703125,288.29998779296875,251.10208129882812,92652.0,BRITANNIA.NS
2013-05-08,288.25,292.5249938964844,281.57501220703125,285.1499938964844,248.35850524902344,353396.0,BRITANNIA.NS
2013-05-09,284.54998779296875,290.0,281.9750061035156,288.82501220703125,251.559326171875,257930.0,BRITANNIA.NS
2013-05-10,287.5,289.0,278.8500061035156,285.54998779296875,248.70687866210938,61840.0,BRITANNIA.NS
2013-05-13,282.5,288.4750061035156,278.07501220703125,280.17498779296875,244.025390625,94912.0,BRITANNIA.NS
2013-05-14,278.5,286.0,278.5,282.375,245.94155883789062,245520.0,BRITANNIA.NS
2013-05-15,280.625,289.95001220703125,280.625,285.2749938964844,248.46737670898438,666212.0,BRITANNIA.NS
2013-05-16,287.5,292.125,284.20001220703125,285.25,248.44561767578125,106910.0,BRITANNIA.NS
2013-05-17,285.0,287.5,281.625,285.3500061035156,248.53265380859375,273282.0,BRITANNIA.NS
2013-05-20,286.5249938964844,289.95001220703125,283.6499938964844,284.42498779296875,247.72705078125,188706.0,BRITANNIA.NS
2013-05-21,285.0,286.95001220703125,280.5,282.5249938964844,246.0721893310547,234138.0,BRITANNIA.NS
2013-05-22,284.0,285.54998779296875,279.04998779296875,282.92498779296875,246.42059326171875,251406.0,BRITANNIA.NS
2013-05-23,282.5,289.375,280.0,287.67498779296875,250.5577392578125,210136.0,BRITANNIA.NS
2013-05-24,288.0,290.5,285.92498779296875,287.3999938964844,250.31817626953125,95078.0,BRITANNIA.NS
2013-05-27,308.5,341.5,308.5,332.82501220703125,289.8822021484375,3455274.0,BRITANNIA.NS
2013-05-28,334.92498779296875,349.3500061035156,326.0,339.4750061035156,295.6742248535156,1708820.0,BRITANNIA.NS
2013-05-29,340.79998779296875,346.45001220703125,336.0,341.70001220703125,297.61212158203125,693988.0,BRITANNIA.NS
2013-05-30,341.75,354.3999938964844,337.7250061035156,350.0,304.8412170410156,433594.0,BRITANNIA.NS
2013-05-31,352.5,365.0,351.0,362.1000061035156,315.38006591796875,562080.0,BRITANNIA.NS
2013-06-03,362.5,375.95001220703125,335.07501220703125,347.375,302.5549011230469,1237316.0,BRITANNIA.NS
2013-06-04,346.5,355.45001220703125,336.54998779296875,338.92498779296875,295.1951904296875,716798.0,BRITANNIA.NS
2013-06-05,338.5,344.9750061035156,330.07501220703125,332.375,289.4903259277344,470918.0,BRITANNIA.NS
2013-06-06,332.3500061035156,348.6000061035156,324.5,346.04998779296875,301.40087890625,668000.0,BRITANNIA.NS
2013-06-07,349.125,354.17498779296875,342.75,345.125,300.5952453613281,383680.0,BRITANNIA.NS
2013-06-10,345.0,349.0,341.1499938964844,345.875,301.24847412109375,319356.0,BRITANNIA.NS
2013-06-11,349.9750061035156,351.0,344.5249938964844,346.375,301.6839294433594,790394.0,BRITANNIA.NS
2013-06-12,343.0,347.5,340.5,342.1000061035156,297.9605712890625,168954.0,BRITANNIA.NS
2013-06-13,342.0,343.4750061035156,333.1499938964844,337.54998779296875,293.99755859375,225142.0,BRITANNIA.NS
2013-06-14,339.8500061035156,345.0,339.75,341.32501220703125,297.2855224609375,563194.0,BRITANNIA.NS
2013-06-17,344.75,344.75,336.125,337.125,293.62738037109375,98148.0,BRITANNIA.NS
2013-06-18,337.25,342.5,334.0249938964844,335.1000061035156,291.8636474609375,189010.0,BRITANNIA.NS
2013-06-19,336.0,336.0,332.5249938964844,333.79998779296875,290.7314147949219,213324.0,BRITANNIA.NS
2013-06-20,334.0,339.0,329.0249938964844,335.17498779296875,291.92901611328125,198688.0,BRITANNIA.NS
2013-06-21,337.5,337.5,330.04998779296875,331.0249938964844,288.3144836425781,85674.0,BRITANNIA.NS
2013-06-24,331.5,334.0,323.1000061035156,325.29998779296875,283.3281555175781,73894.0,BRITANNIA.NS
2013-06-25,325.0,328.45001220703125,322.67498779296875,323.7749938964844,281.9999084472656,75740.0,BRITANNIA.NS
2013-06-26,324.0,331.1499938964844,322.6000061035156,323.75,281.9781494140625,69566.0,BRITANNIA.NS
2013-06-27,332.20001220703125,332.20001220703125,325.3500061035156,330.29998779296875,287.6830139160156,143384.0,BRITANNIA.NS
2013-06-28,332.0,339.20001220703125,328.82501220703125,337.1499938964844,293.6492004394531,621320.0,BRITANNIA.NS
2013-07-01,336.0,347.3500061035156,332.5249938964844,343.625,299.2886962890625,311070.0,BRITANNIA.NS
2013-07-02,345.0,345.0,337.5,341.375,297.3290710449219,69688.0,BRITANNIA.NS
2013-07-03,343.5,343.5,338.5,338.6499938964844,294.9556579589844,30888.0,BRITANNIA.NS
2013-07-04,337.5,346.75,337.5,343.92498779296875,299.5500793457031,64428.0,BRITANNIA.NS
2013-07-05,346.0,349.0,333.5,335.5,292.212158203125,293564.0,BRITANNIA.NS
2013-07-08,335.0,339.3500061035156,331.0,334.625,291.4499816894531,53392.0,BRITANNIA.NS
2013-07-09,336.0,339.5,335.0249938964844,337.82501220703125,294.2371520996094,105612.0,BRITANNIA.NS
2013-07-10,337.8999938964844,343.75,336.2749938964844,339.75,295.91375732421875,80718.0,BRITANNIA.NS
2013-07-11,340.5249938964844,345.5,338.20001220703125,339.3999938964844,295.6089172363281,113126.0,BRITANNIA.NS
2013-07-12,337.5,342.4750061035156,337.125,338.92498779296875,295.1951904296875,46592.0,BRITANNIA.NS
2013-07-15,340.0,342.5,339.1499938964844,340.07501220703125,296.19683837890625,152726.0,BRITANNIA.NS
2013-07-16,338.375,341.5,336.29998779296875,339.70001220703125,295.8702392578125,112304.0,BRITANNIA.NS
2013-07-17,340.0,364.5,337.2250061035156,350.0249938964844,304.8629455566406,1215276.0,BRITANNIA.NS
2013-07-18,350.0249938964844,360.5,349.5,357.125,311.046875,418008.0,BRITANNIA.NS
2013-07-19,358.625,360.4750061035156,353.95001220703125,355.0249938964844,309.2178649902344,230244.0,BRITANNIA.NS
2013-07-22,358.0,368.4750061035156,354.25,359.9750061035156,313.52923583984375,268120.0,BRITANNIA.NS
2013-07-23,359.45001220703125,366.0,356.5,363.6000061035156,320.4700622558594,234966.0,BRITANNIA.NS
2013-07-24,363.6000061035156,373.5,360.5,362.79998779296875,319.764892578125,280656.0,BRITANNIA.NS
2013-07-25,364.42498779296875,370.0,360.8999938964844,362.07501220703125,319.1259765625,122640.0,BRITANNIA.NS
2013-07-26,363.0,364.8500061035156,353.3500061035156,356.7749938964844,314.4546203613281,189864.0,BRITANNIA.NS
2013-07-29,355.0,359.5,351.3999938964844,358.25,315.7547607421875,95568.0,BRITANNIA.NS
2013-07-30,359.5,361.4750061035156,347.5,349.8999938964844,308.3951416015625,118604.0,BRITANNIA.NS
2013-07-31,345.0249938964844,352.0,339.04998779296875,349.54998779296875,308.0867004394531,85466.0,BRITANNIA.NS
2013-08-01,349.5,353.5,346.17498779296875,351.625,309.91552734375,106370.0,BRITANNIA.NS
2013-08-02,352.5249938964844,356.9750061035156,348.5,354.20001220703125,312.1850891113281,94464.0,BRITANNIA.NS
2013-08-05,356.0,369.9750061035156,351.95001220703125,367.5249938964844,323.9295349121094,192230.0,BRITANNIA.NS
2013-08-06,365.0,366.0,355.2749938964844,361.57501220703125,318.6853332519531,111748.0,BRITANNIA.NS
2013-08-07,368.5,368.5,349.0,352.1499938964844,310.37823486328125,333516.0,BRITANNIA.NS
2013-08-08,349.07501220703125,354.32501220703125,341.04998779296875,347.07501220703125,305.9053039550781,54590.0,BRITANNIA.NS
2013-08-12,349.5,386.5,347.625,367.5,323.9074401855469,2989026.0,BRITANNIA.NS
2013-08-13,372.0,382.3999938964844,370.0,373.6499938964844,329.3279724121094,1522498.0,BRITANNIA.NS
2013-08-14,374.5,380.5,371.0,376.82501220703125,332.1263732910156,385922.0,BRITANNIA.NS
2013-08-16,372.0,379.95001220703125,366.8500061035156,371.375,327.32281494140625,352952.0,BRITANNIA.NS
2013-08-19,371.32501220703125,372.5,360.0,364.0249938964844,320.8446350097656,180430.0,BRITANNIA.NS
2013-08-20,360.95001220703125,360.95001220703125,346.125,350.04998779296875,308.52734375,269034.0,BRITANNIA.NS
2013-08-21,352.04998779296875,360.3999938964844,341.5,343.3999938964844,302.6661682128906,283326.0,BRITANNIA.NS
2013-08-22,340.625,357.5,337.5,354.7250061035156,312.6478576660156,143452.0,BRITANNIA.NS
2013-08-23,356.0,360.92498779296875,355.0249938964844,357.2749938964844,314.8953552246094,294568.0,BRITANNIA.NS
2013-08-26,358.0,360.5249938964844,351.75,353.125,311.2375793457031,78182.0,BRITANNIA.NS
2013-08-27,352.0,352.0,342.5,345.29998779296875,304.3408203125,107328.0,BRITANNIA.NS
2013-08-28,345.0,349.0,328.8999938964844,345.8999938964844,304.86962890625,121756.0,BRITANNIA.NS
2013-08-29,346.5,354.8999938964844,340.57501220703125,352.42498779296875,310.62066650390625,154040.0,BRITANNIA.NS
2013-08-30,353.0,356.0,348.0,351.20001220703125,309.5409851074219,86734.0,BRITANNIA.NS
2013-09-02,351.75,362.0,351.75,358.6000061035156,316.06317138671875,186522.0,BRITANNIA.NS
2013-09-03,362.0,367.5,362.0,364.875,321.5938720703125,209070.0,BRITANNIA.NS
2013-09-04,364.9750061035156,377.0,364.9750061035156,374.25,329.8568420410156,436762.0,BRITANNIA.NS
2013-09-05,376.95001220703125,379.8500061035156,371.125,375.0,330.517822265625,187876.0,BRITANNIA.NS
2013-09-06,370.0,377.4750061035156,365.0,366.29998779296875,322.8498229980469,101616.0,BRITANNIA.NS
2013-09-10,369.0,371.95001220703125,366.0249938964844,369.29998779296875,325.49395751953125,133708.0,BRITANNIA.NS
2013-09-11,377.5,384.5,370.125,372.3999938964844,328.2262268066406,342712.0,BRITANNIA.NS
2013-09-12,372.5,377.95001220703125,370.5,373.125,328.865234375,242338.0,BRITANNIA.NS
2013-09-13,375.0,375.5,368.1499938964844,371.4750061035156,327.4109802246094,74546.0,BRITANNIA.NS
2013-09-16,373.0,374.5,365.0,366.1499938964844,322.71759033203125,139772.0,BRITANNIA.NS
2013-09-17,366.1499938964844,369.0,360.0,361.7250061035156,318.8175354003906,59046.0,BRITANNIA.NS
2013-09-18,364.8500061035156,378.75,363.5249938964844,376.32501220703125,331.6856384277344,300266.0,BRITANNIA.NS
2013-09-19,380.0,389.5,376.125,382.32501220703125,336.97393798828125,509846.0,BRITANNIA.NS
2013-09-20,380.0,385.70001220703125,375.0249938964844,380.07501220703125,334.9908447265625,179114.0,BRITANNIA.NS
2013-09-23,373.5,378.5,370.125,372.8500061035156,328.62286376953125,71436.0,BRITANNIA.NS
2013-09-24,374.8500061035156,382.0,372.5,375.82501220703125,331.24493408203125,208534.0,BRITANNIA.NS
2013-09-25,375.5,379.5,374.0,376.3999938964844,331.7517395019531,191164.0,BRITANNIA.NS
2013-09-26,376.5,380.5,375.6499938964844,379.2250061035156,334.2416076660156,434022.0,BRITANNIA.NS
2013-09-27,377.5,391.95001220703125,377.5,388.2749938964844,342.2181701660156,432920.0,BRITANNIA.NS
2013-09-30,388.8500061035156,418.5,388.8500061035156,411.0,362.2475280761719,601698.0,BRITANNIA.NS
2013-10-01,415.6499938964844,434.0,411.0,417.04998779296875,367.5798645019531,721590.0,BRITANNIA.NS
2013-10-03,419.8500061035156,421.5,411.0,411.92498779296875,363.0627746582031,202084.0,BRITANNIA.NS
2013-10-04,412.82501220703125,420.0,411.92498779296875,416.3500061035156,366.9629211425781,214374.0,BRITANNIA.NS
2013-10-07,417.5,426.0,411.125,422.79998779296875,372.6478271484375,292866.0,BRITANNIA.NS
2013-10-08,427.0,437.0,424.0,431.4750061035156,380.2938232421875,337170.0,BRITANNIA.NS
2013-10-09,433.0,440.8999938964844,432.5,435.6499938964844,383.97357177734375,230588.0,BRITANNIA.NS
2013-10-10,434.0,437.5,427.5,428.5249938964844,377.69378662109375,83178.0,BRITANNIA.NS
2013-10-11,429.0,433.67498779296875,424.5,425.92498779296875,375.402099609375,248622.0,BRITANNIA.NS
2013-10-14,422.5,437.95001220703125,422.5,433.4750061035156,382.0565490722656,185944.0,BRITANNIA.NS
2013-10-15,437.375,437.375,420.0,420.8500061035156,370.92913818359375,67020.0,BRITANNIA.NS
2013-10-17,417.75,421.8999938964844,415.0,418.625,368.9681091308594,205276.0,BRITANNIA.NS
2013-10-18,422.32501220703125,436.1499938964844,419.7749938964844,432.2250061035156,380.954833984375,130162.0,BRITANNIA.NS
2013-10-21,432.2250061035156,438.75,432.0,433.82501220703125,382.364990234375,116082.0,BRITANNIA.NS
2013-10-22,437.4750061035156,440.5,432.5,437.79998779296875,385.8685302734375,91186.0,BRITANNIA.NS
2013-10-23,440.8999938964844,469.0,439.5,458.42498779296875,404.0470275878906,416324.0,BRITANNIA.NS
2013-10-24,460.0,485.75,458.45001220703125,463.42498779296875,408.4538879394531,491538.0,BRITANNIA.NS
2013-10-25,460.5,477.45001220703125,458.29998779296875,464.5,409.40142822265625,217310.0,BRITANNIA.NS
2013-10-28,461.25,469.25,452.0,460.3999938964844,405.7877502441406,224622.0,BRITANNIA.NS
2013-10-29,455.0,471.45001220703125,452.0249938964844,464.6499938964844,409.53363037109375,188476.0,BRITANNIA.NS
2013-10-30,465.0,477.0249938964844,465.0,472.3500061035156,416.3202819824219,171634.0,BRITANNIA.NS
2013-10-31,473.0,479.5,465.0,469.7749938964844,414.0506591796875,158216.0,BRITANNIA.NS
2013-11-01,471.1499938964844,478.79998779296875,467.5,469.9750061035156,414.22698974609375,132850.0,BRITANNIA.NS
2013-11-05,472.54998779296875,475.0,465.0,466.2749938964844,410.9658508300781,70524.0,BRITANNIA.NS
2013-11-06,465.5,481.45001220703125,465.5,472.1000061035156,416.0998840332031,152880.0,BRITANNIA.NS
2013-11-07,472.04998779296875,475.70001220703125,464.2250061035156,468.0,412.4862365722656,63876.0,BRITANNIA.NS
2013-11-08,468.25,471.20001220703125,458.5,459.92498779296875,405.369140625,88306.0,BRITANNIA.NS
2013-11-11,462.82501220703125,482.5,433.29998779296875,437.79998779296875,385.8685302734375,593196.0,BRITANNIA.NS
2013-11-12,465.3500061035156,473.95001220703125,445.0,452.17498779296875,398.5382995605469,890924.0,BRITANNIA.NS
2013-11-13,454.45001220703125,461.75,442.04998779296875,444.5,391.7738342285156,278422.0,BRITANNIA.NS
2013-11-14,447.1000061035156,455.0,446.6499938964844,449.07501220703125,395.8061218261719,94908.0,BRITANNIA.NS
2013-11-18,447.6000061035156,454.1499938964844,445.0,447.5249938964844,394.4399719238281,102510.0,BRITANNIA.NS
2013-11-19,447.5,451.1000061035156,444.54998779296875,448.1000061035156,394.9467468261719,118410.0,BRITANNIA.NS
2013-11-20,450.0,451.42498779296875,446.5,447.6499938964844,394.5501403808594,87126.0,BRITANNIA.NS
2013-11-21,446.5,461.2250061035156,436.5249938964844,439.3500061035156,387.2346496582031,334470.0,BRITANNIA.NS
2013-11-22,442.625,446.1499938964844,434.75,436.7250061035156,384.92108154296875,162586.0,BRITANNIA.NS
2013-11-25,435.5,442.75,435.5,439.4750061035156,387.3448791503906,144976.0,BRITANNIA.NS
2013-11-26,442.4750061035156,453.25,440.0,444.3999938964844,391.6856384277344,271814.0,BRITANNIA.NS
2013-11-27,442.125,447.95001220703125,435.0,437.42498779296875,385.53802490234375,67070.0,BRITANNIA.NS
2013-11-28,441.3500061035156,442.0,436.17498779296875,438.32501220703125,386.3312683105469,102420.0,BRITANNIA.NS
2013-11-29,441.0,448.79998779296875,437.0,438.25,386.2651672363281,115108.0,BRITANNIA.NS
2013-12-02,441.0,460.0,440.0,450.0249938964844,396.6434020996094,326942.0,BRITANNIA.NS
2013-12-03,449.3500061035156,463.75,446.5249938964844,452.57501220703125,398.89093017578125,235476.0,BRITANNIA.NS
2013-12-04,452.3999938964844,456.0,444.0249938964844,444.7749938964844,392.0162048339844,98826.0,BRITANNIA.NS
2013-12-05,449.0,451.95001220703125,439.125,439.8999938964844,387.7193908691406,106558.0,BRITANNIA.NS
2013-12-06,438.625,443.75,432.625,433.7250061035156,382.27685546875,103914.0,BRITANNIA.NS
2013-12-09,439.95001220703125,439.95001220703125,427.0249938964844,434.7749938964844,383.2023010253906,224690.0,BRITANNIA.NS
2013-12-10,437.5,441.5,432.5,434.2749938964844,382.7616271972656,146468.0,BRITANNIA.NS
2013-12-11,434.4750061035156,448.0,429.7250061035156,444.625,391.8839416503906,134018.0,BRITANNIA.NS
2013-12-12,442.125,448.5,436.29998779296875,440.0249938964844,387.82958984375,259570.0,BRITANNIA.NS
2013-12-13,439.0,446.3500061035156,436.5,444.875,392.1042785644531,114248.0,BRITANNIA.NS
2013-12-16,440.29998779296875,448.1000061035156,437.625,439.875,387.6974182128906,101764.0,BRITANNIA.NS
2013-12-17,442.95001220703125,445.9750061035156,437.5,443.79998779296875,391.15679931640625,83782.0,BRITANNIA.NS
2013-12-18,443.2749938964844,446.8500061035156,439.25,443.0249938964844,390.4737243652344,74966.0,BRITANNIA.NS
2013-12-19,442.5,443.9750061035156,436.57501220703125,438.2250061035156,386.24310302734375,50494.0,BRITANNIA.NS
2013-12-20,438.2250061035156,452.0,436.6499938964844,446.8500061035156,393.84503173828125,235362.0,BRITANNIA.NS
2013-12-23,450.3500061035156,452.0,440.54998779296875,442.2749938964844,389.8127136230469,101094.0,BRITANNIA.NS
2013-12-24,438.8999938964844,455.0,438.8999938964844,453.04998779296875,399.3095703125,100700.0,BRITANNIA.NS
2013-12-26,456.4750061035156,457.75,448.1499938964844,453.8500061035156,400.01470947265625,181250.0,BRITANNIA.NS
2013-12-27,450.6000061035156,460.0,450.6000061035156,457.82501220703125,403.5182189941406,127504.0,BRITANNIA.NS
2013-12-30,460.5,469.0,457.5249938964844,459.2749938964844,404.7961120605469,193780.0,BRITANNIA.NS
2013-12-31,462.0,465.0,458.0,460.29998779296875,405.6996154785156,63112.0,BRITANNIA.NS
2014-01-01,457.6000061035156,466.5,457.6000061035156,459.2250061035156,404.7521057128906,75038.0,BRITANNIA.NS
2014-01-02,456.5,462.5,453.1499938964844,454.6000061035156,400.6756896972656,348310.0,BRITANNIA.NS
2014-01-03,453.92498779296875,461.0,446.5249938964844,458.42498779296875,404.0470275878906,64392.0,BRITANNIA.NS
2014-01-06,459.9750061035156,459.9750061035156,448.1499938964844,454.45001220703125,400.5435485839844,234382.0,BRITANNIA.NS
2014-01-07,453.0,457.45001220703125,449.0,451.92498779296875,398.31805419921875,225032.0,BRITANNIA.NS
2014-01-08,450.5,457.0,450.5,453.4750061035156,399.6841735839844,53724.0,BRITANNIA.NS
2014-01-09,453.54998779296875,455.0,447.5,448.7749938964844,395.54168701171875,69824.0,BRITANNIA.NS
2014-01-10,449.0,457.5,447.0,448.0249938964844,394.88067626953125,205446.0,BRITANNIA.NS
2014-01-13,448.25,455.0,447.0,449.32501220703125,396.0264587402344,281088.0,BRITANNIA.NS
2014-01-14,453.5,455.5,450.2250061035156,452.5249938964844,398.8468322753906,75610.0,BRITANNIA.NS
2014-01-15,453.0,457.92498779296875,447.5,453.57501220703125,399.7723388671875,271908.0,BRITANNIA.NS
2014-01-16,457.0,457.3500061035156,451.5,455.45001220703125,401.42486572265625,80550.0,BRITANNIA.NS
2014-01-17,451.125,455.5,447.5,448.375,395.1891174316406,30736.0,BRITANNIA.NS
2014-01-20,452.5,452.5,443.0,443.92498779296875,391.2669677734375,42368.0,BRITANNIA.NS
2014-01-21,442.54998779296875,449.625,437.54998779296875,439.8500061035156,387.67535400390625,91158.0,BRITANNIA.NS
2014-01-22,437.67498779296875,442.0,433.5249938964844,437.0,385.1634216308594,139710.0,BRITANNIA.NS
2014-01-23,437.5249938964844,443.5,435.0,436.32501220703125,384.5685729980469,40168.0,BRITANNIA.NS
2014-01-24,435.04998779296875,438.8999938964844,429.875,432.6000061035156,381.2853698730469,58920.0,BRITANNIA.NS
2014-01-27,430.07501220703125,430.1000061035156,420.1000061035156,425.5249938964844,375.0495910644531,111788.0,BRITANNIA.NS
2014-01-28,425.0,436.0,425.0,432.79998779296875,381.4615783691406,60206.0,BRITANNIA.NS
2014-01-29,437.1499938964844,437.1499938964844,427.70001220703125,434.20001220703125,382.6955871582031,50380.0,BRITANNIA.NS
2014-01-30,433.0,437.3500061035156,423.1499938964844,434.8999938964844,383.31256103515625,41242.0,BRITANNIA.NS
2014-01-31,436.8500061035156,442.5,431.8999938964844,441.2749938964844,388.9313049316406,103232.0,BRITANNIA.NS
2014-02-03,442.5,445.5249938964844,440.125,443.04998779296875,390.49578857421875,86688.0,BRITANNIA.NS
2014-02-04,441.07501220703125,442.3500061035156,433.0,437.3500061035156,385.471923828125,26086.0,BRITANNIA.NS
2014-02-05,439.92498779296875,439.92498779296875,433.0,435.1000061035156,383.48883056640625,21390.0,BRITANNIA.NS
2014-02-06,437.5,446.0,435.54998779296875,443.6000061035156,390.9805603027344,35704.0,BRITANNIA.NS
2014-02-07,446.375,454.0,443.67498779296875,450.3999938964844,396.973876953125,85040.0,BRITANNIA.NS
2014-02-10,452.5,459.5,451.5,455.1000061035156,401.116455078125,125062.0,BRITANNIA.NS
2014-02-11,457.3500061035156,459.3999938964844,448.17498779296875,450.6499938964844,397.19427490234375,32498.0,BRITANNIA.NS
2014-02-12,453.0,454.9750061035156,451.57501220703125,452.875,399.1553649902344,65492.0,BRITANNIA.NS
2014-02-13,454.0,455.0,447.6499938964844,449.70001220703125,396.3569641113281,240502.0,BRITANNIA.NS
2014-02-14,452.95001220703125,455.9750061035156,445.5249938964844,451.29998779296875,397.76715087890625,302986.0,BRITANNIA.NS
2014-02-17,460.5,460.95001220703125,446.0,450.2749938964844,396.8637390136719,210380.0,BRITANNIA.NS
2014-02-18,450.0,460.95001220703125,449.20001220703125,456.5249938964844,402.3724060058594,215794.0,BRITANNIA.NS
2014-02-19,456.5249938964844,456.5249938964844,456.5249938964844,456.5249938964844,402.3724060058594,0.0,BRITANNIA.NS
2014-02-20,457.95001220703125,457.95001220703125,449.5,452.4750061035156,398.8028259277344,155252.0,BRITANNIA.NS
2014-02-21,453.0,455.75,446.25,447.79998779296875,394.6823425292969,46476.0,BRITANNIA.NS
2014-02-24,448.5,451.5,443.04998779296875,445.375,392.5450134277344,62362.0,BRITANNIA.NS
2014-02-25,446.04998779296875,450.0,445.04998779296875,447.57501220703125,394.48406982421875,71470.0,BRITANNIA.NS
2014-02-26,450.0,450.0,441.07501220703125,443.29998779296875,390.7160949707031,221554.0,BRITANNIA.NS
2014-02-28,449.875,449.875,441.1499938964844,444.20001220703125,391.50933837890625,67702.0,BRITANNIA.NS
2014-03-03,449.5,449.5,431.45001220703125,433.1499938964844,381.7701721191406,363658.0,BRITANNIA.NS
2014-03-04,433.1499938964844,440.0,430.54998779296875,432.3500061035156,381.06500244140625,219866.0,BRITANNIA.NS
2014-03-05,434.8500061035156,449.0,434.5,445.5249938964844,392.6771545410156,178314.0,BRITANNIA.NS
2014-03-06,443.1499938964844,447.92498779296875,435.04998779296875,442.17498779296875,389.7245178222656,77346.0,BRITANNIA.NS
2014-03-07,442.17498779296875,445.9750061035156,435.0,437.45001220703125,385.56005859375,66682.0,BRITANNIA.NS
2014-03-10,437.5,444.0,436.5,437.625,385.7142639160156,69494.0,BRITANNIA.NS
2014-03-11,435.5,441.75,430.79998779296875,436.7749938964844,384.965087890625,123866.0,BRITANNIA.NS
2014-03-12,436.2749938964844,437.0,432.0249938964844,433.04998779296875,381.68194580078125,171090.0,BRITANNIA.NS
2014-03-13,433.5249938964844,439.0,430.5,431.45001220703125,380.27178955078125,98408.0,BRITANNIA.NS
2014-03-14,430.07501220703125,433.5,427.54998779296875,429.20001220703125,378.2886657714844,60770.0,BRITANNIA.NS
2014-03-18,431.875,434.0,427.0,427.9750061035156,377.208984375,201166.0,BRITANNIA.NS
2014-03-19,430.8500061035156,433.4750061035156,426.5249938964844,427.1499938964844,376.4818115234375,155970.0,BRITANNIA.NS
2014-03-20,425.6000061035156,430.0,421.5,427.8999938964844,377.14288330078125,96402.0,BRITANNIA.NS
2014-03-21,429.25,437.0,424.25,429.1499938964844,378.24456787109375,492056.0,BRITANNIA.NS
2014-03-22,,,,,,,BRITANNIA.NS
2014-03-24,433.0,434.8999938964844,421.0,422.92498779296875,372.7579345703125,213364.0,BRITANNIA.NS
2014-03-25,424.0,428.5,418.25,420.57501220703125,370.6867370605469,203422.0,BRITANNIA.NS
2014-03-26,422.5,424.9750061035156,413.5,416.3999938964844,367.0070495605469,131786.0,BRITANNIA.NS
2014-03-27,414.125,420.9750061035156,404.54998779296875,408.3500061035156,359.911865234375,300068.0,BRITANNIA.NS
2014-03-28,416.0,416.0,410.70001220703125,414.5,365.33233642578125,486708.0,BRITANNIA.NS
2014-03-31,414.5,423.0,414.4750061035156,421.70001220703125,371.6783447265625,147232.0,BRITANNIA.NS
2014-04-01,420.20001220703125,426.25,417.5,420.6000061035156,370.70880126953125,144852.0,BRITANNIA.NS
2014-04-02,418.5,424.5,418.0,419.7250061035156,369.93756103515625,233062.0,BRITANNIA.NS
2014-04-03,420.0,422.3999938964844,419.07501220703125,421.04998779296875,371.10540771484375,361954.0,BRITANNIA.NS
2014-04-04,419.0,431.8999938964844,419.0,430.4750061035156,379.41241455078125,272854.0,BRITANNIA.NS
2014-04-07,432.3999938964844,432.3999938964844,414.5,416.32501220703125,366.9408874511719,177368.0,BRITANNIA.NS
2014-04-09,421.45001220703125,431.0,417.07501220703125,427.375,376.6801452636719,192290.0,BRITANNIA.NS
2014-04-10,432.0,439.1000061035156,430.57501220703125,437.7749938964844,385.8465270996094,264250.0,BRITANNIA.NS
2014-04-11,437.5,445.1499938964844,437.45001220703125,444.17498779296875,391.4873352050781,153834.0,BRITANNIA.NS
2014-04-15,443.0,446.875,435.3500061035156,441.4750061035156,389.10760498046875,156474.0,BRITANNIA.NS
2014-04-16,441.4750061035156,443.95001220703125,438.1499938964844,439.9750061035156,387.7855224609375,104894.0,BRITANNIA.NS
2014-04-17,440.0,443.5,438.5,442.2250061035156,389.76861572265625,74298.0,BRITANNIA.NS
2014-04-21,444.8500061035156,447.5,442.6000061035156,446.54998779296875,393.58056640625,86532.0,BRITANNIA.NS
2014-04-22,447.0,461.5,444.2749938964844,456.2250061035156,402.1079406738281,362978.0,BRITANNIA.NS
2014-04-23,456.2250061035156,460.0,442.5,446.25,393.3161926269531,253636.0,BRITANNIA.NS
2014-04-24,446.25,446.25,446.25,446.25,393.3161926269531,0.0,BRITANNIA.NS
2014-04-25,448.5,448.5,440.6000061035156,445.0,392.2144775390625,307606.0,BRITANNIA.NS
2014-04-28,442.5,449.1499938964844,442.5,445.7250061035156,392.85345458984375,487736.0,BRITANNIA.NS
2014-04-29,442.04998779296875,446.0,429.0,431.3999938964844,380.22772216796875,68400.0,BRITANNIA.NS
2014-04-30,431.0,435.5,423.67498779296875,432.0249938964844,380.7785339355469,72960.0,BRITANNIA.NS
2014-05-02,430.0,436.20001220703125,425.0,427.92498779296875,377.1649169921875,39354.0,BRITANNIA.NS
2014-05-05,423.6499938964844,436.0,423.6499938964844,430.29998779296875,379.2581481933594,60912.0,BRITANNIA.NS
2014-05-06,428.2749938964844,434.8999938964844,422.6000061035156,425.20001220703125,374.7631530761719,50042.0,BRITANNIA.NS
2014-05-07,421.7749938964844,432.5,421.7749938964844,429.17498779296875,378.2665710449219,64028.0,BRITANNIA.NS
2014-05-08,426.25,432.67498779296875,425.0,429.3500061035156,378.4208679199219,84948.0,BRITANNIA.NS
2014-05-09,427.6000061035156,432.20001220703125,424.7250061035156,426.42498779296875,375.84283447265625,152378.0,BRITANNIA.NS
2014-05-12,423.54998779296875,429.25,421.7749938964844,424.54998779296875,374.19024658203125,105258.0,BRITANNIA.NS
2014-05-13,427.3999938964844,439.75,425.0,437.07501220703125,385.2295227050781,139330.0,BRITANNIA.NS
2014-05-14,437.95001220703125,447.45001220703125,437.5,445.4750061035156,392.6331481933594,778514.0,BRITANNIA.NS
2014-05-15,445.4750061035156,447.0,434.1000061035156,440.79998779296875,388.51263427734375,100596.0,BRITANNIA.NS
2014-05-16,442.6000061035156,445.0,430.5,431.6000061035156,380.40399169921875,171916.0,BRITANNIA.NS
2014-05-19,434.5,434.5,410.4750061035156,412.82501220703125,363.8560791015625,192606.0,BRITANNIA.NS
2014-05-20,413.25,421.0,412.5,417.7250061035156,368.1748352050781,332272.0,BRITANNIA.NS
2014-05-21,418.25,420.5,415.0,419.04998779296875,369.3426513671875,132094.0,BRITANNIA.NS
2014-05-22,420.6000061035156,434.0,413.3500061035156,416.6499938964844,367.22735595703125,318408.0,BRITANNIA.NS
2014-05-23,422.3500061035156,438.5,420.25,433.5249938964844,382.1006164550781,320388.0,BRITANNIA.NS
2014-05-26,441.5,448.5,425.5,434.875,383.29046630859375,476702.0,BRITANNIA.NS
2014-05-27,436.75,445.0,421.0,435.625,383.9515380859375,765514.0,BRITANNIA.NS
2014-05-28,440.0,450.0,434.4750061035156,440.3999938964844,388.16009521484375,364558.0,BRITANNIA.NS
2014-05-29,442.3500061035156,442.3500061035156,428.0,434.6499938964844,383.0921630859375,204618.0,BRITANNIA.NS
2014-05-30,434.5,442.5,433.04998779296875,440.54998779296875,388.2923278808594,151772.0,BRITANNIA.NS
2014-06-02,445.5,457.5,441.67498779296875,445.6499938964844,392.787353515625,324736.0,BRITANNIA.NS
2014-06-03,446.0,454.5,441.0,449.1000061035156,395.828125,139940.0,BRITANNIA.NS
2014-06-04,452.4750061035156,453.2250061035156,444.20001220703125,449.45001220703125,396.13665771484375,423078.0,BRITANNIA.NS
2014-06-05,445.17498779296875,451.75,445.17498779296875,447.4750061035156,394.3959045410156,92562.0,BRITANNIA.NS
2014-06-06,447.4750061035156,452.20001220703125,440.25,442.3999938964844,389.9229431152344,255702.0,BRITANNIA.NS
2014-06-09,441.0,443.17498779296875,440.0,440.6000061035156,388.3363952636719,174412.0,BRITANNIA.NS
2014-06-10,442.5,445.5,437.125,437.92498779296875,385.97869873046875,145836.0,BRITANNIA.NS
2014-06-11,436.07501220703125,494.0,436.07501220703125,484.625,427.13916015625,1859094.0,BRITANNIA.NS
2014-06-12,488.42498779296875,499.5,482.5,490.6499938964844,432.44952392578125,525960.0,BRITANNIA.NS
2014-06-13,490.0,490.0,460.375,463.20001220703125,408.2556457519531,289058.0,BRITANNIA.NS
2014-06-16,463.20001220703125,478.0,463.125,474.25,417.994873046875,265432.0,BRITANNIA.NS
2014-06-17,475.5,475.6499938964844,469.0,473.6499938964844,417.466064453125,96892.0,BRITANNIA.NS
2014-06-18,474.5,485.8999938964844,454.5,467.3500061035156,411.913330078125,472860.0,BRITANNIA.NS
2014-06-19,470.0,471.0,456.0,459.29998779296875,404.8182067871094,83826.0,BRITANNIA.NS
2014-06-20,457.79998779296875,470.0,456.0249938964844,457.8999938964844,403.58428955078125,113850.0,BRITANNIA.NS
2014-06-23,457.7749938964844,470.5,457.7749938964844,466.2749938964844,410.9658508300781,208798.0,BRITANNIA.NS
2014-06-24,462.5249938964844,472.0,462.5249938964844,471.0,415.13037109375,170376.0,BRITANNIA.NS
2014-06-25,468.0249938964844,504.3500061035156,468.0249938964844,498.625,439.4785461425781,694676.0,BRITANNIA.NS
2014-06-26,498.8999938964844,498.8999938964844,487.0,489.6000061035156,431.5240783691406,189124.0,BRITANNIA.NS
2014-06-27,486.2749938964844,491.5,481.25,488.07501220703125,430.179931640625,88358.0,BRITANNIA.NS
2014-06-30,485.0,512.0,485.0,504.20001220703125,444.3922424316406,316164.0,BRITANNIA.NS
2014-07-01,505.0,521.5,505.0,508.1000061035156,447.8296203613281,207484.0,BRITANNIA.NS
2014-07-02,512.4749755859375,519.4749755859375,508.1000061035156,515.125,454.02130126953125,562676.0,BRITANNIA.NS
2014-07-03,519.8250122070312,519.8250122070312,506.25,509.17498779296875,448.7770690917969,113086.0,BRITANNIA.NS
2014-07-04,512.5,518.0,504.04998779296875,507.5249938964844,447.32281494140625,137362.0,BRITANNIA.NS
2014-07-07,511.95001220703125,515.0,501.5,502.67498779296875,443.048095703125,44722.0,BRITANNIA.NS
2014-07-08,505.17498779296875,519.5,501.0,510.20001220703125,449.68048095703125,261308.0,BRITANNIA.NS
2014-07-09,516.0,517.9500122070312,492.67498779296875,498.82501220703125,439.65478515625,275232.0,BRITANNIA.NS
2014-07-10,500.0,508.9750061035156,485.7749938964844,497.5,438.4869384765625,153424.0,BRITANNIA.NS
2014-07-11,499.0,502.5,489.04998779296875,492.2749938964844,433.8817443847656,68694.0,BRITANNIA.NS
2014-07-14,489.5,498.0,484.4750061035156,490.17498779296875,432.0308532714844,44728.0,BRITANNIA.NS
2014-07-15,490.0,504.5,486.5,491.79998779296875,433.4631042480469,56560.0,BRITANNIA.NS
2014-07-16,488.0,496.57501220703125,486.0,488.5,430.5545654296875,53042.0,BRITANNIA.NS
2014-07-17,484.5,496.0,484.5,494.1000061035156,435.4902648925781,71946.0,BRITANNIA.NS
2014-07-18,488.5,499.5,488.5,497.32501220703125,438.332763671875,296974.0,BRITANNIA.NS
2014-07-21,495.625,517.5,495.625,516.1749877929688,454.94677734375,156106.0,BRITANNIA.NS
2014-07-22,512.5,523.0,512.5,520.2750244140625,458.5604553222656,145508.0,BRITANNIA.NS
2014-07-23,515.0,525.0,507.6000061035156,522.625,466.005859375,142498.0,BRITANNIA.NS
2014-07-24,520.0,550.0,515.0,532.25,474.5881042480469,401972.0,BRITANNIA.NS
2014-07-25,534.5,545.0,525.0499877929688,536.875,478.7119445800781,139874.0,BRITANNIA.NS
2014-07-28,532.5,537.5499877929688,522.5,535.5750122070312,477.5529479980469,381396.0,BRITANNIA.NS
2014-07-30,531.0,558.5,531.0,556.0750122070312,495.8320617675781,349376.0,BRITANNIA.NS
2014-07-31,557.0,576.9749755859375,557.0,574.2000122070312,511.9933776855469,260332.0,BRITANNIA.NS
2014-08-01,565.0,580.0,561.5250244140625,574.75,512.48388671875,224138.0,BRITANNIA.NS
2014-08-04,575.0,584.0,549.0499877929688,557.375,496.9911804199219,485328.0,BRITANNIA.NS
2014-08-05,557.5,569.5,542.0,564.375,503.23272705078125,111522.0,BRITANNIA.NS
2014-08-06,569.0,585.5,562.875,575.7999877929688,513.4200439453125,256746.0,BRITANNIA.NS
2014-08-07,584.9000244140625,584.9000244140625,570.0,573.8250122070312,511.6590270996094,77868.0,BRITANNIA.NS
2014-08-08,574.0,578.7999877929688,562.5,565.0499877929688,503.8346252441406,128678.0,BRITANNIA.NS
2014-08-11,565.2750244140625,582.4500122070312,565.2750244140625,577.9749755859375,515.3593139648438,245326.0,BRITANNIA.NS
2014-08-12,580.0,593.0,567.5,576.2249755859375,513.7989501953125,515634.0,BRITANNIA.NS
2014-08-13,576.2999877929688,581.9749755859375,553.5499877929688,566.8499755859375,505.4395446777344,292366.0,BRITANNIA.NS
2014-08-14,567.5,599.5,567.5,595.4749755859375,530.9635009765625,449826.0,BRITANNIA.NS
2014-08-18,600.5,637.5,600.5,635.0499877929688,566.2510986328125,285910.0,BRITANNIA.NS
2014-08-19,632.5,655.9249877929688,627.5,641.75,572.2252807617188,509700.0,BRITANNIA.NS
2014-08-20,645.25,647.0,625.625,630.0499877929688,561.7927856445312,546584.0,BRITANNIA.NS
2014-08-21,631.5,634.5,619.5,623.0999755859375,555.5957641601562,343016.0,BRITANNIA.NS
2014-08-22,627.2249755859375,637.0,620.0499877929688,624.875,557.1784057617188,559302.0,BRITANNIA.NS
2014-08-25,622.0,626.3499755859375,606.5,611.1749877929688,544.9627075195312,244970.0,BRITANNIA.NS
2014-08-26,611.0,641.9500122070312,601.6749877929688,628.2999877929688,560.2323608398438,238488.0,BRITANNIA.NS
2014-08-27,634.4000244140625,644.5,624.5,629.9249877929688,561.6813354492188,474186.0,BRITANNIA.NS
2014-08-28,625.0,634.7750244140625,615.0,621.4500122070312,554.1245727539062,315378.0,BRITANNIA.NS
2014-09-01,614.0,640.5,614.0,631.2999877929688,562.9073486328125,124256.0,BRITANNIA.NS
2014-09-02,637.0,637.5,617.5,628.5750122070312,560.4774780273438,234388.0,BRITANNIA.NS
2014-09-03,630.0,643.9500122070312,630.0,640.8499755859375,571.4227905273438,295162.0,BRITANNIA.NS
2014-09-04,639.9500122070312,639.9500122070312,620.0,627.2000122070312,559.2515869140625,158412.0,BRITANNIA.NS
2014-09-05,627.125,636.0,620.0499877929688,630.4249877929688,562.127197265625,311856.0,BRITANNIA.NS
2014-09-08,633.0,642.5,630.0,635.5250244140625,566.6746826171875,605970.0,BRITANNIA.NS
2014-09-09,642.3499755859375,650.0,634.6749877929688,637.5250244140625,568.4581909179688,385052.0,BRITANNIA.NS
2014-09-10,640.0,657.4749755859375,640.0,653.0250244140625,582.2786865234375,673542.0,BRITANNIA.NS
2014-09-11,655.0,687.4500122070312,655.0,672.9500122070312,600.045166015625,452776.0,BRITANNIA.NS
2014-09-12,677.8499755859375,695.0499877929688,677.4000244140625,690.8499755859375,616.0059204101562,228722.0,BRITANNIA.NS
2014-09-15,691.9500122070312,737.0,685.7000122070312,730.7000122070312,651.5387573242188,369028.0,BRITANNIA.NS
2014-09-16,735.0,755.5499877929688,702.5499877929688,718.1749877929688,640.3707275390625,369012.0,BRITANNIA.NS
2014-09-17,735.0,735.0,705.5,726.5750122070312,647.8607177734375,130692.0,BRITANNIA.NS
2014-09-18,726.5,735.9000244140625,705.0,707.0750122070312,630.4732055664062,234548.0,BRITANNIA.NS
2014-09-19,716.4500122070312,716.4500122070312,676.0999755859375,687.5999755859375,613.1080322265625,356392.0,BRITANNIA.NS
2014-09-22,697.0,697.9749755859375,676.0,684.7000122070312,610.5222778320312,160510.0,BRITANNIA.NS
2014-09-23,688.0,697.5,677.0,693.1749877929688,618.0791015625,110008.0,BRITANNIA.NS
2014-09-24,702.0,709.0,683.4000244140625,695.8250122070312,620.4420776367188,98588.0,BRITANNIA.NS
2014-09-25,690.5,707.0,690.5,702.0,625.9479370117188,114254.0,BRITANNIA.NS
2014-09-26,695.0,712.5,687.75,703.9749755859375,627.7090454101562,121966.0,BRITANNIA.NS
2014-09-29,697.0,716.7000122070312,696.9500122070312,704.4000244140625,628.0880737304688,216340.0,BRITANNIA.NS
2014-09-30,697.5,716.5499877929688,665.0,696.0250244140625,620.620361328125,599390.0,BRITANNIA.NS
2014-10-01,684.0,709.4000244140625,680.5,699.4500122070312,623.67431640625,140890.0,BRITANNIA.NS
2014-10-07,692.5,708.5,690.0250244140625,700.7750244140625,624.8557739257812,133370.0,BRITANNIA.NS
2014-10-08,696.25,703.0,681.125,685.8499755859375,611.5475463867188,91568.0,BRITANNIA.NS
2014-10-09,683.5999755859375,692.7000122070312,675.5,675.9249877929688,602.6978759765625,260132.0,BRITANNIA.NS
2014-10-10,670.5,678.0,651.9749755859375,665.9000244140625,593.7589721679688,244760.0,BRITANNIA.NS
2014-10-13,661.25,680.0999755859375,657.625,671.5499877929688,598.796875,146574.0,BRITANNIA.NS
2014-10-14,670.5,676.375,667.5,670.0,597.4147338867188,176492.0,BRITANNIA.NS
2014-10-15,670.0,670.0,670.0,670.0,597.4147338867188,0.0,BRITANNIA.NS
2014-10-16,663.5250244140625,676.7249755859375,650.125,661.9000244140625,590.1923217773438,495862.0,BRITANNIA.NS
2014-10-17,661.0,677.75,659.5,671.4749755859375,598.7301025390625,195014.0,BRITANNIA.NS
2014-10-20,673.5,687.3499755859375,672.5499877929688,680.0250244140625,606.3536987304688,173632.0,BRITANNIA.NS
2014-10-21,682.5250244140625,701.25,682.5250244140625,695.5499877929688,620.1966552734375,219884.0,BRITANNIA.NS
2014-10-22,698.0,714.2999877929688,690.7000122070312,702.4249877929688,626.326904296875,118750.0,BRITANNIA.NS
2014-10-27,730.0,736.5,715.9749755859375,719.7249755859375,641.7527465820312,87758.0,BRITANNIA.NS
2014-10-28,721.9500122070312,738.4249877929688,719.7249755859375,722.7249755859375,644.427734375,142900.0,BRITANNIA.NS
2014-10-29,729.8499755859375,738.2999877929688,725.125,729.5999755859375,650.5579833984375,189000.0,BRITANNIA.NS
2014-10-30,731.2999877929688,763.5,730.0,745.75,664.9583740234375,369978.0,BRITANNIA.NS
2014-10-31,747.9749755859375,773.5250244140625,747.9749755859375,765.4000244140625,682.4794921875,239430.0,BRITANNIA.NS
2014-11-03,768.0,771.0250244140625,750.8499755859375,754.0999755859375,672.4036865234375,110236.0,BRITANNIA.NS
2014-11-05,751.0,788.0,750.0,776.1749877929688,692.0872192382812,396888.0,BRITANNIA.NS
2014-11-07,778.0250244140625,785.0,759.0,760.0750122070312,677.7315673828125,384674.0,BRITANNIA.NS
2014-11-10,761.5,768.75,757.625,759.3499755859375,677.0849609375,213936.0,BRITANNIA.NS
2014-11-11,759.3499755859375,772.5,755.5,764.7999877929688,681.9444580078125,268280.0,BRITANNIA.NS
2014-11-12,768.0,811.25,767.5499877929688,799.7249755859375,713.0858154296875,675442.0,BRITANNIA.NS
2014-11-13,799.5,821.0,785.0,798.5750122070312,712.0604248046875,377754.0,BRITANNIA.NS
2014-11-14,809.0,834.4000244140625,806.0250244140625,812.1500244140625,724.1648559570312,412222.0,BRITANNIA.NS
2014-11-17,850.0,851.9500122070312,820.0,822.0,732.9476928710938,754234.0,BRITANNIA.NS
2014-11-18,827.5,840.0,827.5,832.4000244140625,742.2210083007812,318822.0,BRITANNIA.NS
2014-11-19,837.5,864.9000244140625,837.0499877929688,849.4500122070312,757.4238891601562,591780.0,BRITANNIA.NS
2014-11-20,854.0,858.8499755859375,825.5,836.25,745.65380859375,147370.0,BRITANNIA.NS
2014-11-21,841.4749755859375,842.4000244140625,830.0,836.9000244140625,746.2335205078125,207384.0,BRITANNIA.NS
2014-11-24,842.0,847.5,825.0,826.2750244140625,736.759521484375,149238.0,BRITANNIA.NS
2014-11-25,826.2750244140625,833.5,781.0,794.5999755859375,708.5160522460938,283204.0,BRITANNIA.NS
2014-11-26,787.0,829.5,786.6500244140625,826.0250244140625,736.53662109375,412732.0,BRITANNIA.NS
2014-11-27,821.0499877929688,843.5,821.0499877929688,840.7750244140625,749.6886596679688,190574.0,BRITANNIA.NS
2014-11-28,848.4500122070312,848.4500122070312,810.8250122070312,823.9749755859375,734.7086791992188,231194.0,BRITANNIA.NS
2014-12-01,825.0,850.0,820.0999755859375,843.4249877929688,752.0515747070312,178090.0,BRITANNIA.NS
2014-12-02,841.5,875.0,841.5,872.875,778.3110961914062,399832.0,BRITANNIA.NS
2014-12-03,880.0,912.5,879.9749755859375,900.4000244140625,802.8541259765625,415778.0,BRITANNIA.NS
2014-12-04,902.5,920.5,897.5250244140625,917.2000122070312,817.8341064453125,272872.0,BRITANNIA.NS
2014-12-05,920.0,928.2999877929688,895.0,897.75,800.4912719726562,159490.0,BRITANNIA.NS
2014-12-08,902.0,919.0499877929688,890.0,895.25,798.2620849609375,103788.0,BRITANNIA.NS
2014-12-09,889.5,902.9500122070312,876.875,896.7750244140625,799.6218872070312,154900.0,BRITANNIA.NS
2014-12-10,900.0,905.0,887.5499877929688,898.8250122070312,801.44970703125,82804.0,BRITANNIA.NS
2014-12-11,899.9500122070312,912.125,878.0,880.1749877929688,784.8202514648438,173122.0,BRITANNIA.NS
2014-12-12,896.9000244140625,901.25,888.0,897.9749755859375,800.6918334960938,218788.0,BRITANNIA.NS
2014-12-15,890.5,906.4249877929688,890.5,893.8250122070312,796.991455078125,145204.0,BRITANNIA.NS
2014-12-16,887.5,898.4500122070312,863.625,869.0250244140625,774.878173828125,248326.0,BRITANNIA.NS
2014-12-17,861.5,875.0,835.0,841.5,750.3350830078125,470106.0,BRITANNIA.NS
2014-12-18,857.5,879.7000122070312,855.7249755859375,871.0999755859375,776.7283935546875,259612.0,BRITANNIA.NS
2014-12-19,875.5499877929688,883.9000244140625,855.2000122070312,861.875,768.5028686523438,148156.0,BRITANNIA.NS
2014-12-22,867.0,902.5,867.0,894.2000122070312,797.3257446289062,373956.0,BRITANNIA.NS
2014-12-23,903.0,910.0,875.5,882.0499877929688,786.4921264648438,152494.0,BRITANNIA.NS
2014-12-24,883.0,892.5,873.1500244140625,877.7000122070312,782.6133422851562,63228.0,BRITANNIA.NS
2014-12-26,883.0,884.5750122070312,862.5499877929688,865.5750122070312,771.8019409179688,82978.0,BRITANNIA.NS
2014-12-29,871.0,891.8499755859375,867.5,890.0999755859375,793.669921875,460196.0,BRITANNIA.NS
2014-12-30,893.9500122070312,895.0499877929688,883.0,892.0,795.3641357421875,123560.0,BRITANNIA.NS
2014-12-31,897.0,932.5,887.5,920.0499877929688,820.3753051757812,573830.0,BRITANNIA.NS
2015-01-01,919.2750244140625,931.5,911.625,915.75,816.5411376953125,96950.0,BRITANNIA.NS
2015-01-02,921.0,942.5,919.0,939.2750244140625,837.517578125,308986.0,BRITANNIA.NS
2015-01-05,944.5,963.4749755859375,936.1500244140625,939.9249877929688,838.0971069335938,344472.0,BRITANNIA.NS
2015-01-06,942.5,955.0,925.0,940.9500122070312,839.0111083984375,228284.0,BRITANNIA.NS
2015-01-07,945.9749755859375,1004.4500122070312,945.9749755859375,997.875,889.76904296875,947474.0,BRITANNIA.NS
2015-01-08,1005.0499877929688,1008.5,981.2000122070312,984.5999755859375,877.9321899414062,452894.0,BRITANNIA.NS
2015-01-09,988.0,989.9000244140625,963.5250244140625,972.6500244140625,867.27685546875,483074.0,BRITANNIA.NS
2015-01-12,977.0,987.5,961.0,966.0,861.3473510742188,276782.0,BRITANNIA.NS
2015-01-13,974.0,985.0,962.75,966.7000122070312,861.971435546875,463696.0,BRITANNIA.NS
2015-01-14,975.5,987.5,966.5,973.0250244140625,867.6111450195312,658212.0,BRITANNIA.NS
2015-01-15,1000.0,1000.0,960.5,967.0750122070312,862.3057861328125,381804.0,BRITANNIA.NS
2015-01-16,972.5,979.9249877929688,958.5,964.3499755859375,859.8760986328125,395802.0,BRITANNIA.NS
2015-01-19,970.0,971.0,948.25,954.3250122070312,850.9371337890625,280876.0,BRITANNIA.NS
2015-01-20,956.0,970.9500122070312,955.0,960.375,856.3317260742188,258474.0,BRITANNIA.NS
2015-01-21,956.0,967.5,948.0,957.5250244140625,853.7904663085938,270598.0,BRITANNIA.NS
2015-01-22,955.25,962.4500122070312,948.125,950.5750122070312,847.5933227539062,287662.0,BRITANNIA.NS
2015-01-23,960.0,963.5,953.0,957.3250122070312,853.6121826171875,460102.0,BRITANNIA.NS
2015-01-27,965.0,970.0,952.5,957.1749877929688,853.4783325195312,227478.0,BRITANNIA.NS
2015-01-28,960.0,960.2000122070312,952.5,956.875,853.2108764648438,455520.0,BRITANNIA.NS
2015-01-29,962.4500122070312,962.4500122070312,950.0499877929688,954.1749877929688,850.8034057617188,177374.0,BRITANNIA.NS
2015-01-30,957.5,957.5,937.5499877929688,944.5,842.1764526367188,200600.0,BRITANNIA.NS
2015-02-02,944.5,955.5999755859375,944.5,950.0499877929688,847.1253051757812,324012.0,BRITANNIA.NS
2015-02-03,958.5,969.0,955.3250122070312,962.125,857.8920288085938,480162.0,BRITANNIA.NS
2015-02-04,977.5,981.8499755859375,940.5999755859375,947.0499877929688,844.4502563476562,680290.0,BRITANNIA.NS
2015-02-05,952.2249755859375,953.25,923.125,926.75,826.3495483398438,306482.0,BRITANNIA.NS
2015-02-06,935.0,943.5999755859375,928.5499877929688,939.5750122070312,837.7850341796875,502006.0,BRITANNIA.NS
2015-02-09,936.5,957.9500122070312,932.0,941.0750122070312,839.1224975585938,686106.0,BRITANNIA.NS
2015-02-10,952.0,969.5,950.9749755859375,966.625,861.9044799804688,359742.0,BRITANNIA.NS
2015-02-11,968.5,968.5,953.0,964.8499755859375,860.3218383789062,390054.0,BRITANNIA.NS
2015-02-12,968.7999877929688,987.5,962.5,983.75,877.1743774414062,1068302.0,BRITANNIA.NS
2015-02-13,988.0,1020.0,950.0,1011.4500122070312,901.8733520507812,644926.0,BRITANNIA.NS
2015-02-16,1017.0,1022.5,1000.0,1017.0999755859375,906.9111938476562,563458.0,BRITANNIA.NS
2015-02-18,1022.4749755859375,1042.5,1004.0999755859375,1027.9000244140625,916.5413208007812,295476.0,BRITANNIA.NS
2015-02-19,1037.5,1049.9749755859375,1025.0,1040.550048828125,927.8208618164062,265050.0,BRITANNIA.NS
2015-02-20,1041.0,1058.5,1022.5,1048.7750244140625,935.1546020507812,332866.0,BRITANNIA.NS
2015-02-23,1050.0,1050.0,1022.5,1030.199951171875,918.5919799804688,374346.0,BRITANNIA.NS
2015-02-24,1031.0,1044.0,1025.5,1036.5,924.2095947265625,178172.0,BRITANNIA.NS
2015-02-25,1040.0,1041.4749755859375,1022.5,1034.699951171875,922.6046142578125,355214.0,BRITANNIA.NS
2015-02-26,1035.5,1049.175048828125,1016.9749755859375,1027.824951171875,916.4743041992188,345486.0,BRITANNIA.NS
2015-02-27,1027.8499755859375,1053.5,1024.324951171875,1041.7249755859375,928.868408203125,519516.0,BRITANNIA.NS
2015-02-28,,,,,,,BRITANNIA.NS
2015-03-02,1049.0,1081.4749755859375,1028.125,1061.199951171875,946.2335815429688,781958.0,BRITANNIA.NS
2015-03-03,1061.0,1094.5,1060.0,1084.324951171875,966.853271484375,747818.0,BRITANNIA.NS
2015-03-04,1088.0,1097.5,1072.0250244140625,1076.25,959.6532592773438,455000.0,BRITANNIA.NS
2015-03-05,1078.0,1123.0,1077.5,1105.375,985.6229858398438,810556.0,BRITANNIA.NS
2015-03-09,1102.5,1105.5,1077.875,1099.675048828125,980.5404663085938,358904.0,BRITANNIA.NS
2015-03-10,1105.0,1106.0999755859375,1058.25,1078.0250244140625,961.2359008789062,313578.0,BRITANNIA.NS
2015-03-11,1081.5,1100.5,1070.0,1077.5,960.7679443359375,198510.0,BRITANNIA.NS
2015-03-12,1081.0,1107.5,1079.550048828125,1098.324951171875,979.3367309570312,504848.0,BRITANNIA.NS
2015-03-13,1102.0,1108.324951171875,1071.0999755859375,1078.4749755859375,961.63720703125,218480.0,BRITANNIA.NS
2015-03-16,1082.0,1084.9000244140625,1062.5250244140625,1075.25,958.7615356445312,145822.0,BRITANNIA.NS
2015-03-17,1085.0,1109.4000244140625,1077.5,1095.4749755859375,976.79541015625,421918.0,BRITANNIA.NS
2015-03-18,1100.0,1125.0,1092.5,1098.324951171875,979.3367309570312,494498.0,BRITANNIA.NS
2015-03-19,1104.949951171875,1119.8499755859375,1075.0,1103.574951171875,984.01806640625,325996.0,BRITANNIA.NS
2015-03-20,1119.5,1119.5,1040.175048828125,1066.7249755859375,951.16015625,1115574.0,BRITANNIA.NS
2015-03-23,1069.5,1069.5,1040.5,1051.3499755859375,937.4508056640625,101134.0,BRITANNIA.NS
2015-03-24,1052.5,1079.125,1052.5,1074.375,957.9813232421875,207346.0,BRITANNIA.NS
2015-03-25,1052.9000244140625,1085.0,1052.9000244140625,1080.675048828125,963.598876953125,251918.0,BRITANNIA.NS
2015-03-26,1083.324951171875,1105.0,1072.5,1096.9000244140625,978.066162109375,311924.0,BRITANNIA.NS
2015-03-27,1104.0,1104.0,1040.0,1077.0,960.3218994140625,350044.0,BRITANNIA.NS
2015-03-30,1086.5,1087.5250244140625,1055.0,1081.074951171875,963.9553833007812,308498.0,BRITANNIA.NS
2015-03-31,1087.0,1087.0,1075.0,1079.2750244140625,962.3506469726562,188924.0,BRITANNIA.NS
2015-04-01,1077.75,1107.6500244140625,1070.675048828125,1088.7750244140625,970.8213500976562,491816.0,BRITANNIA.NS
2015-04-06,1080.050048828125,1110.0,1080.050048828125,1108.3499755859375,988.2757568359375,317168.0,BRITANNIA.NS
2015-04-07,1109.9000244140625,1149.5,1089.875,1129.550048828125,1007.1790771484375,317256.0,BRITANNIA.NS
2015-04-08,1137.5,1149.75,1126.199951171875,1129.375,1007.0228271484375,277230.0,BRITANNIA.NS
2015-04-09,1137.0,1149.5250244140625,1110.9000244140625,1138.949951171875,1015.560546875,329644.0,BRITANNIA.NS
2015-04-10,1139.0,1145.25,1130.0,1138.949951171875,1015.560546875,306598.0,BRITANNIA.NS
2015-04-13,1138.949951171875,1160.0,1134.7750244140625,1155.0999755859375,1029.9608154296875,554704.0,BRITANNIA.NS
2015-04-15,1161.4000244140625,1188.9000244140625,1158.0,1172.2750244140625,1045.275390625,414936.0,BRITANNIA.NS
2015-04-16,1187.0,1187.5,1145.125,1164.574951171875,1038.409423828125,323720.0,BRITANNIA.NS
2015-04-17,1164.0,1164.0,1147.5,1149.4749755859375,1024.9453125,227748.0,BRITANNIA.NS
2015-04-20,1165.0,1165.0,1075.0,1085.0,967.455322265625,524974.0,BRITANNIA.NS
2015-04-21,1085.0,1094.8499755859375,1017.75,1034.75,922.6491088867188,477392.0,BRITANNIA.NS
2015-04-22,1034.75,1059.9749755859375,1023.25,1033.125,921.2001953125,566608.0,BRITANNIA.NS
2015-04-23,1036.25,1081.0,1036.25,1075.824951171875,959.2742919921875,321414.0,BRITANNIA.NS
2015-04-24,1085.0,1090.925048828125,1057.824951171875,1069.8499755859375,953.9466552734375,382882.0,BRITANNIA.NS
2015-04-27,1072.5,1072.5,1003.25,1035.75,923.5408935546875,192502.0,BRITANNIA.NS
2015-04-28,1040.5,1065.0,1023.2750244140625,1047.5250244140625,934.0402221679688,315738.0,BRITANNIA.NS
2015-04-29,1048.0,1084.2249755859375,1042.5,1075.800048828125,959.2521362304688,201080.0,BRITANNIA.NS
2015-04-30,1074.5,1107.5,1074.5,1098.925048828125,979.871826171875,302576.0,BRITANNIA.NS
2015-05-04,1104.0,1130.0,1101.0,1124.199951171875,1002.4083251953125,119988.0,BRITANNIA.NS
2015-05-05,1125.0,1187.199951171875,1124.949951171875,1172.4749755859375,1045.4534912109375,172740.0,BRITANNIA.NS
2015-05-06,1178.0,1202.5,1117.550048828125,1123.6500244140625,1001.9180908203125,448292.0,BRITANNIA.NS
2015-05-07,1122.5,1144.9000244140625,1095.324951171875,1118.175048828125,997.0362548828125,222604.0,BRITANNIA.NS
2015-05-08,1123.5,1149.0,1098.3499755859375,1101.699951171875,982.3458862304688,187348.0,BRITANNIA.NS
2015-05-11,1115.0,1149.5,1104.574951171875,1141.5999755859375,1017.923583984375,305220.0,BRITANNIA.NS
2015-05-12,1142.5,1142.5,1124.0,1136.199951171875,1013.1084594726562,103266.0,BRITANNIA.NS
2015-05-13,1155.0,1155.0,1127.050048828125,1141.300048828125,1017.6561889648438,191092.0,BRITANNIA.NS
2015-05-14,1141.550048828125,1157.5,1118.0,1129.1500244140625,1006.8222045898438,102350.0,BRITANNIA.NS
2015-05-15,1137.5,1150.0,1125.5250244140625,1131.949951171875,1009.3187866210938,191820.0,BRITANNIA.NS
2015-05-18,1137.0,1150.0,1130.2249755859375,1146.925048828125,1022.6715087890625,105844.0,BRITANNIA.NS
2015-05-19,1150.5,1169.4749755859375,1148.0,1162.375,1036.44775390625,157598.0,BRITANNIA.NS
2015-05-20,1168.0,1181.550048828125,1160.074951171875,1166.0250244140625,1039.702392578125,514710.0,BRITANNIA.NS
2015-05-21,1177.925048828125,1188.6500244140625,1136.0,1143.925048828125,1019.99658203125,326320.0,BRITANNIA.NS
2015-05-22,1198.5,1277.324951171875,1187.5,1215.425048828125,1083.75048828125,1571302.0,BRITANNIA.NS
2015-05-25,1224.875,1264.449951171875,1220.0,1253.5,1117.7008056640625,489642.0,BRITANNIA.NS
2015-05-26,1255.5,1274.5,1245.0,1256.824951171875,1120.6651611328125,260620.0,BRITANNIA.NS
2015-05-27,1260.0,1299.0,1250.0,1289.375,1149.6890869140625,564436.0,BRITANNIA.NS
2015-05-28,1295.0,1334.0,1294.0,1328.625,1184.6868896484375,978656.0,BRITANNIA.NS
2015-05-29,1334.5,1343.0,1260.0,1272.3499755859375,1134.5084228515625,907876.0,BRITANNIA.NS
2015-06-01,1280.0,1302.5,1252.3499755859375,1283.949951171875,1144.8516845703125,375124.0,BRITANNIA.NS
2015-06-02,1285.5,1298.25,1250.550048828125,1254.550048828125,1118.6368408203125,237394.0,BRITANNIA.NS
2015-06-03,1257.5,1266.0,1212.0,1255.800048828125,1119.7515869140625,370034.0,BRITANNIA.NS
2015-06-04,1266.0,1297.4000244140625,1255.0,1290.199951171875,1150.424560546875,441296.0,BRITANNIA.NS
2015-06-05,1295.199951171875,1362.5,1292.5,1354.7249755859375,1207.9593505859375,932490.0,BRITANNIA.NS
2015-06-08,1367.050048828125,1372.0,1314.5,1321.9749755859375,1178.7574462890625,471082.0,BRITANNIA.NS
2015-06-09,1332.449951171875,1357.8499755859375,1288.300048828125,1298.800048828125,1158.0931396484375,605606.0,BRITANNIA.NS
2015-06-10,1304.5,1323.5,1290.25,1298.675048828125,1157.9815673828125,330546.0,BRITANNIA.NS
2015-06-11,1314.5,1325.949951171875,1292.8499755859375,1301.324951171875,1160.344482421875,446172.0,BRITANNIA.NS
2015-06-12,1303.3499755859375,1315.0,1297.4000244140625,1302.75,1161.614990234375,303638.0,BRITANNIA.NS
2015-06-15,1314.875,1321.5,1291.425048828125,1311.574951171875,1169.48388671875,251662.0,BRITANNIA.NS
2015-06-16,1311.5,1318.925048828125,1294.300048828125,1305.824951171875,1164.35693359375,305576.0,BRITANNIA.NS
2015-06-17,1310.0,1390.949951171875,1306.0,1379.199951171875,1229.7828369140625,790966.0,BRITANNIA.NS
2015-06-18,1376.0,1387.3499755859375,1335.0,1342.1500244140625,1196.7467041015625,442232.0,BRITANNIA.NS
2015-06-19,1350.0,1373.0250244140625,1340.699951171875,1352.7249755859375,1206.1759033203125,334980.0,BRITANNIA.NS
2015-06-22,1370.0,1398.875,1350.375,1391.8499755859375,1241.0623779296875,426056.0,BRITANNIA.NS
2015-06-23,1400.050048828125,1405.0,1365.0,1369.3499755859375,1220.9998779296875,354754.0,BRITANNIA.NS
2015-06-24,1373.9749755859375,1375.875,1340.0,1346.324951171875,1200.4691162109375,306668.0,BRITANNIA.NS
2015-06-25,1341.0,1354.300048828125,1335.0,1346.800048828125,1200.89306640625,262836.0,BRITANNIA.NS
2015-06-26,1349.0,1376.0,1333.574951171875,1371.949951171875,1223.318359375,284940.0,BRITANNIA.NS
2015-06-29,1364.3499755859375,1364.3499755859375,1325.0,1350.175048828125,1203.90234375,242540.0,BRITANNIA.NS
2015-06-30,1352.5,1391.824951171875,1352.5,1381.4749755859375,1231.811279296875,444210.0,BRITANNIA.NS
2015-07-01,1380.0,1396.0,1360.0,1365.7750244140625,1217.812255859375,395924.0,BRITANNIA.NS
2015-07-02,1375.0,1385.5,1366.0,1373.125,1224.3658447265625,302944.0,BRITANNIA.NS
2015-07-03,1384.5,1394.800048828125,1374.5,1385.3499755859375,1235.2664794921875,315626.0,BRITANNIA.NS
2015-07-06,1360.5,1413.5,1360.5,1392.824951171875,1241.9315185546875,553796.0,BRITANNIA.NS
2015-07-07,1397.0,1414.800048828125,1384.5,1393.75,1242.7564697265625,311292.0,BRITANNIA.NS
2015-07-08,1389.5,1404.25,1382.5,1395.949951171875,1244.718017578125,309242.0,BRITANNIA.NS
2015-07-09,1402.0,1415.0,1396.199951171875,1411.949951171875,1258.9847412109375,304796.0,BRITANNIA.NS
2015-07-10,1415.75,1427.5,1412.7750244140625,1419.5250244140625,1265.7391357421875,289170.0,BRITANNIA.NS
2015-07-13,1419.5,1432.5,1414.0,1422.800048828125,1268.6593017578125,209016.0,BRITANNIA.NS
2015-07-14,1422.5,1428.5,1409.75,1415.6500244140625,1262.283935546875,189856.0,BRITANNIA.NS
2015-07-15,1420.5,1425.5,1411.550048828125,1416.449951171875,1262.997314453125,139626.0,BRITANNIA.NS
2015-07-16,1425.0,1428.0,1416.0,1421.050048828125,1267.098876953125,212830.0,BRITANNIA.NS
2015-07-17,1426.75,1462.0,1418.4000244140625,1439.2249755859375,1283.304931640625,318050.0,BRITANNIA.NS
2015-07-20,1439.2249755859375,1450.0,1437.0,1440.949951171875,1284.8431396484375,417282.0,BRITANNIA.NS
2015-07-21,1448.5,1448.5,1423.449951171875,1437.574951171875,1281.8336181640625,453338.0,BRITANNIA.NS
2015-07-22,1433.5,1438.9000244140625,1424.9749755859375,1428.449951171875,1273.6973876953125,347626.0,BRITANNIA.NS
2015-07-23,1433.8499755859375,1448.5,1420.8499755859375,1425.0250244140625,1270.6431884765625,209390.0,BRITANNIA.NS
2015-07-24,1437.5,1456.8499755859375,1408.550048828125,1447.550048828125,1290.7281494140625,299886.0,BRITANNIA.NS
2015-07-27,1448.5,1478.5,1437.0250244140625,1466.0,1314.4434814453125,494314.0,BRITANNIA.NS
2015-07-28,1474.5,1501.949951171875,1470.5999755859375,1488.0250244140625,1334.1915283203125,472496.0,BRITANNIA.NS
2015-07-29,1490.5,1504.5,1476.0,1484.125,1330.6949462890625,256804.0,BRITANNIA.NS
2015-07-30,1484.0,1542.449951171875,1480.625,1532.9000244140625,1374.4273681640625,412304.0,BRITANNIA.NS
2015-07-31,1544.0,1622.75,1540.0,1576.824951171875,1413.8114013671875,897048.0,BRITANNIA.NS
2015-08-03,1588.0,1591.9000244140625,1537.5,1568.425048828125,1406.2799072265625,370352.0,BRITANNIA.NS
2015-08-04,1576.0,1617.5,1566.5,1587.824951171875,1423.674072265625,1781684.0,BRITANNIA.NS
2015-08-05,1609.425048828125,1614.0999755859375,1573.6500244140625,1578.1500244140625,1414.99951171875,654644.0,BRITANNIA.NS
2015-08-06,1592.5,1592.5,1548.0,1569.875,1407.580078125,449868.0,BRITANNIA.NS
2015-08-07,1572.75,1613.824951171875,1572.75,1601.3499755859375,1435.801025390625,673756.0,BRITANNIA.NS
2015-08-10,1604.75,1672.5,1603.9749755859375,1657.0250244140625,1485.72021484375,1294372.0,BRITANNIA.NS
2015-08-11,1672.5,1692.5,1655.0,1683.449951171875,1509.4132080078125,888330.0,BRITANNIA.NS
2015-08-12,1683.449951171875,1683.449951171875,1683.449951171875,1683.449951171875,1509.4132080078125,0.0,BRITANNIA.NS
2015-08-13,1670.0,1717.0999755859375,1665.050048828125,1699.425048828125,1523.737060546875,720138.0,BRITANNIA.NS
2015-08-14,1672.5,1691.050048828125,1635.949951171875,1671.875,1499.0350341796875,705272.0,BRITANNIA.NS
2015-08-17,1668.449951171875,1668.449951171875,1642.625,1648.125,1477.7403564453125,365490.0,BRITANNIA.NS
2015-08-18,1659.949951171875,1669.9000244140625,1648.0,1658.25,1486.8187255859375,186526.0,BRITANNIA.NS
2015-08-19,1662.5,1674.199951171875,1643.1500244140625,1646.7750244140625,1476.5299072265625,206312.0,BRITANNIA.NS
2015-08-20,1636.0,1651.6500244140625,1607.5,1612.199951171875,1445.529052734375,276582.0,BRITANNIA.NS
2015-08-21,1605.0,1608.449951171875,1562.5,1599.675048828125,1434.29931640625,327224.0,BRITANNIA.NS
2015-08-24,1574.5,1574.5,1471.0,1501.125,1345.937255859375,818782.0,BRITANNIA.NS
2015-08-25,1503.0,1524.4749755859375,1395.0,1488.449951171875,1334.572509765625,833038.0,BRITANNIA.NS
2015-08-26,1487.550048828125,1517.074951171875,1430.050048828125,1440.3499755859375,1291.4453125,525866.0,BRITANNIA.NS
2015-08-27,1465.0,1499.5,1445.25,1471.1500244140625,1319.0611572265625,659924.0,BRITANNIA.NS
2015-08-28,1483.0,1525.0,1475.0,1486.9000244140625,1333.1829833984375,501436.0,BRITANNIA.NS
2015-08-31,1489.5,1491.0999755859375,1451.25,1464.9749755859375,1313.524658203125,247434.0,BRITANNIA.NS
2015-09-01,1450.0,1485.0,1440.0,1460.449951171875,1309.4674072265625,438396.0,BRITANNIA.NS
2015-09-02,1474.0,1507.5,1462.925048828125,1491.625,1337.4195556640625,434290.0,BRITANNIA.NS
2015-09-03,1519.5,1541.199951171875,1498.0,1504.0250244140625,1348.5374755859375,560862.0,BRITANNIA.NS
2015-09-04,1501.5,1508.449951171875,1470.375,1494.125,1339.6610107421875,289078.0,BRITANNIA.NS
2015-09-07,1495.0,1505.5999755859375,1444.0,1448.699951171875,1298.93212890625,263132.0,BRITANNIA.NS
2015-09-08,1448.75,1467.699951171875,1382.5,1421.6500244140625,1274.678466796875,396490.0,BRITANNIA.NS
2015-09-09,1450.0,1457.199951171875,1422.5,1439.9749755859375,1291.109130859375,282108.0,BRITANNIA.NS
2015-09-10,1435.0,1448.0,1400.0,1432.199951171875,1284.137939453125,270602.0,BRITANNIA.NS
2015-09-11,1444.3499755859375,1488.25,1435.4000244140625,1476.925048828125,1324.2391357421875,325902.0,BRITANNIA.NS
2015-09-14,1487.5,1513.3499755859375,1480.0,1495.625,1341.0059814453125,327416.0,BRITANNIA.NS
2015-09-15,1500.0,1543.0,1500.0,1537.4749755859375,1378.5294189453125,538534.0,BRITANNIA.NS
2015-09-16,1550.949951171875,1572.5,1499.125,1505.7249755859375,1350.0618896484375,567266.0,BRITANNIA.NS
2015-09-18,1524.324951171875,1525.0,1494.5,1498.949951171875,1343.9871826171875,307558.0,BRITANNIA.NS
2015-09-21,1499.5,1506.0,1476.0,1497.800048828125,1342.9561767578125,212300.0,BRITANNIA.NS
2015-09-22,1511.75,1515.25,1440.5,1450.25,1300.3218994140625,465828.0,BRITANNIA.NS
2015-09-23,1441.4749755859375,1459.050048828125,1425.0,1442.8499755859375,1293.686767578125,368810.0,BRITANNIA.NS
2015-09-24,1445.0,1459.9000244140625,1432.5,1444.449951171875,1295.121337890625,445430.0,BRITANNIA.NS
2015-09-28,1447.0,1475.0,1442.800048828125,1460.5250244140625,1309.53466796875,253704.0,BRITANNIA.NS
2015-09-29,1447.0,1491.9000244140625,1425.050048828125,1485.4000244140625,1331.838134765625,389158.0,BRITANNIA.NS
2015-09-30,1499.5,1557.0,1492.5,1541.0,1381.6900634765625,611132.0,BRITANNIA.NS
2015-10-01,1554.875,1574.9000244140625,1550.5,1561.4000244140625,1399.9808349609375,481470.0,BRITANNIA.NS
2015-10-05,1575.5,1614.5,1571.875,1606.824951171875,1440.7100830078125,642062.0,BRITANNIA.NS
2015-10-06,1615.949951171875,1634.9749755859375,1606.824951171875,1627.199951171875,1458.978759765625,379552.0,BRITANNIA.NS
2015-10-07,1630.0999755859375,1650.0,1608.300048828125,1618.0250244140625,1450.7520751953125,339762.0,BRITANNIA.NS
2015-10-08,1619.699951171875,1641.875,1605.625,1633.375,1464.5152587890625,215532.0,BRITANNIA.NS
2015-10-09,1640.0,1648.8499755859375,1605.699951171875,1612.050048828125,1445.394775390625,153016.0,BRITANNIA.NS
2015-10-12,1625.0,1629.0,1578.324951171875,1585.2249755859375,1421.3431396484375,218726.0,BRITANNIA.NS
2015-10-13,1597.425048828125,1597.425048828125,1541.75,1557.5250244140625,1396.5067138671875,420724.0,BRITANNIA.NS
2015-10-14,1555.0,1599.675048828125,1549.324951171875,1590.699951171875,1426.2520751953125,279654.0,BRITANNIA.NS
2015-10-15,1599.625,1599.625,1575.625,1589.324951171875,1425.01904296875,201796.0,BRITANNIA.NS
2015-10-16,1597.5250244140625,1624.0,1586.6500244140625,1616.5,1449.3846435546875,367838.0,BRITANNIA.NS
2015-10-19,1624.9749755859375,1655.300048828125,1620.050048828125,1652.0,1481.2147216796875,711934.0,BRITANNIA.NS
2015-10-20,1662.4749755859375,1663.2249755859375,1637.9749755859375,1650.0250244140625,1479.4439697265625,423184.0,BRITANNIA.NS
2015-10-21,1652.5,1656.199951171875,1638.0,1643.324951171875,1473.4365234375,355418.0,BRITANNIA.NS
2015-10-23,1650.0,1650.0,1619.1500244140625,1623.2249755859375,1455.4144287109375,199956.0,BRITANNIA.NS
2015-10-26,1620.0,1625.0,1592.875,1601.699951171875,1436.1148681640625,297962.0,BRITANNIA.NS
2015-10-27,1604.9749755859375,1619.199951171875,1587.800048828125,1592.0999755859375,1427.5072021484375,308446.0,BRITANNIA.NS
2015-10-28,1572.5,1612.0,1572.5,1596.5250244140625,1431.47509765625,304410.0,BRITANNIA.NS
2015-10-29,1590.0999755859375,1610.0,1586.199951171875,1595.074951171875,1430.174560546875,370816.0,BRITANNIA.NS
2015-10-30,1594.5999755859375,1627.699951171875,1586.625,1615.949951171875,1448.8916015625,310486.0,BRITANNIA.NS
2015-11-02,1611.8499755859375,1619.5,1580.175048828125,1593.2750244140625,1428.5609130859375,288336.0,BRITANNIA.NS
2015-11-03,1607.0,1611.0,1581.0,1588.675048828125,1424.4365234375,197504.0,BRITANNIA.NS
2015-11-04,1590.0,1598.1500244140625,1576.9000244140625,1590.625,1426.184814453125,219050.0,BRITANNIA.NS
2015-11-05,1592.3499755859375,1610.0,1577.8499755859375,1589.4000244140625,1425.0865478515625,231464.0,BRITANNIA.NS
2015-11-06,1595.0,1611.7750244140625,1542.75,1565.0,1403.208984375,248556.0,BRITANNIA.NS
2015-11-09,1537.5,1572.5,1517.5,1522.2750244140625,1364.90087890625,601312.0,BRITANNIA.NS
2015-11-10,1515.0,1548.0,1508.050048828125,1517.675048828125,1360.7764892578125,301770.0,BRITANNIA.NS
2015-11-13,1519.5,1519.5,1450.699951171875,1455.699951171875,1305.20849609375,548758.0,BRITANNIA.NS
2015-11-16,1445.0,1450.0,1414.5,1423.050048828125,1275.933837890625,685846.0,BRITANNIA.NS
2015-11-17,1426.5,1451.425048828125,1426.5,1439.050048828125,1290.27978515625,362128.0,BRITANNIA.NS
2015-11-18,1440.0,1453.4000244140625,1422.4749755859375,1429.199951171875,1281.4478759765625,315842.0,BRITANNIA.NS
2015-11-19,1439.0,1477.0,1432.5,1472.25,1320.0474853515625,317122.0,BRITANNIA.NS
2015-11-20,1483.949951171875,1504.5,1473.0250244140625,1483.574951171875,1330.2015380859375,282258.0,BRITANNIA.NS
2015-11-23,1487.5,1498.375,1486.0,1490.175048828125,1336.119384765625,161994.0,BRITANNIA.NS
2015-11-24,1487.5,1492.5,1456.875,1470.550048828125,1318.5233154296875,311806.0,BRITANNIA.NS
2015-11-26,1470.0,1495.949951171875,1441.2750244140625,1450.425048828125,1300.478759765625,495604.0,BRITANNIA.NS
2015-11-27,1457.5,1469.0,1448.25,1463.875,1312.5382080078125,202562.0,BRITANNIA.NS
2015-11-30,1462.0,1472.5,1447.5,1460.0,1309.06396484375,232868.0,BRITANNIA.NS
2015-12-01,1463.050048828125,1492.5,1451.5250244140625,1485.7249755859375,1332.12939453125,324792.0,BRITANNIA.NS
2015-12-02,1492.0,1492.0,1471.0250244140625,1480.074951171875,1327.0633544921875,107428.0,BRITANNIA.NS
2015-12-03,1477.5,1489.7249755859375,1463.25,1465.925048828125,1314.376220703125,143216.0,BRITANNIA.NS
2015-12-04,1465.0,1478.949951171875,1457.0,1467.9749755859375,1316.21435546875,149132.0,BRITANNIA.NS
2015-12-07,1467.9749755859375,1467.9749755859375,1436.425048828125,1440.9000244140625,1291.9384765625,218664.0,BRITANNIA.NS
2015-12-08,1435.0,1454.6500244140625,1427.550048828125,1439.1500244140625,1290.369384765625,241836.0,BRITANNIA.NS
2015-12-09,1435.050048828125,1435.699951171875,1393.0,1398.7249755859375,1254.1234130859375,245650.0,BRITANNIA.NS
2015-12-10,1400.0,1444.8499755859375,1360.5250244140625,1433.2249755859375,1285.0567626953125,578630.0,BRITANNIA.NS
2015-12-11,1433.2249755859375,1440.449951171875,1381.75,1390.4000244140625,1246.6591796875,445344.0,BRITANNIA.NS
2015-12-14,1381.5,1423.5,1372.4000244140625,1414.0,1267.8193359375,301034.0,BRITANNIA.NS
2015-12-15,1415.0,1443.0,1411.574951171875,1440.0250244140625,1291.15380859375,228250.0,BRITANNIA.NS
2015-12-16,1442.3499755859375,1447.5,1404.0250244140625,1407.0,1261.5430908203125,290938.0,BRITANNIA.NS
2015-12-17,1420.0,1459.5,1405.5,1455.375,1304.917236328125,333382.0,BRITANNIA.NS
2015-12-18,1450.5,1474.25,1438.9749755859375,1445.1500244140625,1295.7490234375,318944.0,BRITANNIA.NS
2015-12-21,1443.5,1475.0,1441.0,1471.5,1319.375244140625,211700.0,BRITANNIA.NS
2015-12-22,1475.0,1481.5,1455.8499755859375,1458.449951171875,1307.6739501953125,196708.0,BRITANNIA.NS
2015-12-23,1462.574951171875,1473.25,1444.2750244140625,1448.125,1298.41650390625,193708.0,BRITANNIA.NS
2015-12-24,1463.5,1464.0,1440.449951171875,1455.3499755859375,1304.89453125,163944.0,BRITANNIA.NS
2015-12-28,1456.0,1462.5,1449.75,1452.175048828125,1302.0479736328125,174490.0,BRITANNIA.NS
2015-12-29,1455.050048828125,1492.75,1455.0,1488.9000244140625,1334.9761962890625,313522.0,BRITANNIA.NS
2015-12-30,1495.0,1498.0,1480.7750244140625,1488.050048828125,1334.2139892578125,169640.0,BRITANNIA.NS
2015-12-31,1492.5,1506.5,1474.0250244140625,1483.1500244140625,1329.8206787109375,480318.0,BRITANNIA.NS
2016-01-01,1481.199951171875,1501.675048828125,1481.199951171875,1493.199951171875,1338.8314208984375,129486.0,BRITANNIA.NS
2016-01-04,1490.0,1502.2249755859375,1476.0,1486.300048828125,1332.6448974609375,253614.0,BRITANNIA.NS
2016-01-05,1488.550048828125,1496.2750244140625,1475.1500244140625,1483.3499755859375,1329.9998779296875,228500.0,BRITANNIA.NS
2016-01-06,1476.5,1503.0,1476.5,1500.8499755859375,1345.690673828125,267276.0,BRITANNIA.NS
2016-01-07,1495.0,1497.425048828125,1455.5250244140625,1473.2750244140625,1320.966552734375,298800.0,BRITANNIA.NS
2016-01-08,1473.5,1484.0,1440.949951171875,1451.1500244140625,1301.1287841796875,333412.0,BRITANNIA.NS
2016-01-11,1445.050048828125,1464.5,1420.574951171875,1459.6500244140625,1308.75,264812.0,BRITANNIA.NS
2016-01-12,1460.0,1493.699951171875,1450.5,1468.300048828125,1316.5059814453125,357368.0,BRITANNIA.NS
2016-01-13,1470.0999755859375,1480.7249755859375,1433.2750244140625,1452.5999755859375,1302.428955078125,509212.0,BRITANNIA.NS
2016-01-14,1444.9749755859375,1457.5,1420.550048828125,1448.800048828125,1299.021728515625,279524.0,BRITANNIA.NS
2016-01-15,1454.949951171875,1467.0,1425.25,1429.574951171875,1281.7841796875,266612.0,BRITANNIA.NS
2016-01-18,1425.0,1435.0,1372.800048828125,1382.6500244140625,1239.7105712890625,422410.0,BRITANNIA.NS
2016-01-19,1375.0,1380.074951171875,1361.5250244140625,1366.5,1225.2298583984375,296504.0,BRITANNIA.NS
2016-01-20,1359.925048828125,1360.0,1302.5,1339.8499755859375,1201.3350830078125,547548.0,BRITANNIA.NS
2016-01-21,1358.5,1364.5250244140625,1302.675048828125,1309.8499755859375,1174.4365234375,509584.0,BRITANNIA.NS
2016-01-22,1325.0,1330.0,1301.199951171875,1307.949951171875,1172.73291015625,544196.0,BRITANNIA.NS
2016-01-25,1316.3499755859375,1324.5,1294.375,1301.300048828125,1166.7705078125,497200.0,BRITANNIA.NS
2016-01-27,1306.0,1327.5,1300.449951171875,1324.824951171875,1187.863525390625,912516.0,BRITANNIA.NS
2016-01-28,1335.0,1348.9749755859375,1321.7750244140625,1335.125,1197.0987548828125,700714.0,BRITANNIA.NS
2016-01-29,1342.5,1348.5,1338.5,1344.7249755859375,1205.7061767578125,389020.0,BRITANNIA.NS
2016-02-01,1355.0,1407.5,1349.625,1400.25,1255.4910888671875,696656.0,BRITANNIA.NS
2016-02-02,1401.6500244140625,1437.75,1385.550048828125,1396.425048828125,1252.0614013671875,642304.0,BRITANNIA.NS
2016-02-03,1390.0,1427.4000244140625,1363.2750244140625,1414.0250244140625,1267.8416748046875,500410.0,BRITANNIA.NS
2016-02-04,1424.0,1439.8499755859375,1407.5,1428.1500244140625,1280.506591796875,762508.0,BRITANNIA.NS
2016-02-05,1428.074951171875,1435.9749755859375,1407.5,1431.25,1283.2862548828125,518808.0,BRITANNIA.NS
2016-02-08,1432.75,1476.675048828125,1421.925048828125,1427.5,1279.923828125,388862.0,BRITANNIA.NS
2016-02-09,1421.0,1445.0,1380.0,1391.550048828125,1247.6903076171875,498770.0,BRITANNIA.NS
2016-02-10,1420.0,1435.0,1343.8499755859375,1361.0,1220.2984619140625,687422.0,BRITANNIA.NS
2016-02-11,1350.0,1364.875,1305.550048828125,1317.0,1180.8472900390625,583352.0,BRITANNIA.NS
2016-02-12,1325.0,1328.949951171875,1252.5250244140625,1287.5,1154.3970947265625,713848.0,BRITANNIA.NS
2016-02-15,1302.5,1355.0,1286.0,1332.949951171875,1195.148193359375,710510.0,BRITANNIA.NS
2016-02-16,1327.550048828125,1345.0,1305.25,1312.949951171875,1177.216064453125,315378.0,BRITANNIA.NS
2016-02-17,1322.5,1331.5,1272.5999755859375,1326.0999755859375,1189.006591796875,254606.0,BRITANNIA.NS
2016-02-18,1334.199951171875,1383.824951171875,1334.199951171875,1376.75,1234.42041015625,390156.0,BRITANNIA.NS
2016-02-19,1381.5,1381.5,1352.7750244140625,1362.25,1221.41943359375,254268.0,BRITANNIA.NS
2016-02-22,1354.5,1400.5,1354.5,1399.675048828125,1254.975341796875,704004.0,BRITANNIA.NS
2016-02-23,1397.550048828125,1409.0,1387.5,1401.125,1256.275390625,331174.0,BRITANNIA.NS
2016-02-24,1401.5,1403.949951171875,1368.300048828125,1376.699951171875,1234.3753662109375,419472.0,BRITANNIA.NS
2016-02-25,1377.5,1386.8499755859375,1336.125,1342.9749755859375,1204.1370849609375,442200.0,BRITANNIA.NS
2016-02-26,1346.5,1365.25,1337.050048828125,1356.2249755859375,1216.01708984375,431106.0,BRITANNIA.NS
2016-02-29,1361.0,1414.0,1320.0,1378.125,1235.6531982421875,364926.0,BRITANNIA.NS
2016-03-01,1378.0,1422.5,1378.0,1420.8499755859375,1273.96142578125,329542.0,BRITANNIA.NS
2016-03-02,1425.5,1457.25,1422.1500244140625,1431.425048828125,1283.443115234375,320220.0,BRITANNIA.NS
2016-03-03,1439.0,1446.4000244140625,1416.0,1420.925048828125,1274.028564453125,258812.0,BRITANNIA.NS
2016-03-04,1432.0,1438.4749755859375,1421.0,1427.5999755859375,1280.0135498046875,172662.0,BRITANNIA.NS
2016-03-08,1425.0,1442.425048828125,1375.0,1409.5250244140625,1263.8070068359375,382152.0,BRITANNIA.NS
2016-03-09,1404.9749755859375,1428.0,1392.5,1418.9000244140625,1272.212890625,307366.0,BRITANNIA.NS
2016-03-10,1415.0,1429.0,1400.0,1417.324951171875,1270.800537109375,294114.0,BRITANNIA.NS
2016-03-11,1420.3499755859375,1423.2249755859375,1404.5,1408.050048828125,1262.48486328125,143186.0,BRITANNIA.NS
2016-03-14,1416.0,1430.0,1407.5,1411.5250244140625,1265.60009765625,224718.0,BRITANNIA.NS
2016-03-15,1400.125,1410.925048828125,1375.4749755859375,1379.375,1236.7738037109375,153938.0,BRITANNIA.NS
2016-03-16,1370.050048828125,1378.0,1337.074951171875,1360.1500244140625,1219.5364990234375,479506.0,BRITANNIA.NS
2016-03-17,1370.0,1370.050048828125,1344.0,1348.800048828125,1209.35986328125,268306.0,BRITANNIA.NS
2016-03-18,1349.5,1357.5,1335.125,1342.9000244140625,1204.06982421875,241694.0,BRITANNIA.NS
2016-03-21,1345.5,1374.5,1345.5,1367.4749755859375,1226.1041259765625,198826.0,BRITANNIA.NS
2016-03-22,1368.0,1389.949951171875,1362.5,1375.75,1233.5238037109375,241612.0,BRITANNIA.NS
2016-03-23,1377.574951171875,1381.050048828125,1352.6500244140625,1362.6500244140625,1221.7779541015625,216966.0,BRITANNIA.NS
2016-03-28,1372.7750244140625,1380.0,1300.625,1312.800048828125,1177.0814208984375,564336.0,BRITANNIA.NS
2016-03-29,1307.5,1312.5,1259.5250244140625,1291.574951171875,1158.05078125,391994.0,BRITANNIA.NS
2016-03-30,1309.75,1324.5,1295.074951171875,1319.25,1182.8646240234375,523354.0,BRITANNIA.NS
2016-03-31,1312.699951171875,1352.449951171875,1307.75,1343.25,1204.3834228515625,692926.0,BRITANNIA.NS
2016-04-01,1330.75,1358.949951171875,1330.75,1339.5250244140625,1201.0438232421875,353070.0,BRITANNIA.NS
2016-04-04,1350.0,1351.7750244140625,1325.0,1329.5999755859375,1192.144775390625,368804.0,BRITANNIA.NS
2016-04-05,1325.0,1328.125,1303.574951171875,1320.675048828125,1184.142578125,428202.0,BRITANNIA.NS
2016-04-06,1320.675048828125,1361.9749755859375,1320.675048828125,1353.5999755859375,1213.6636962890625,967300.0,BRITANNIA.NS
2016-04-07,1355.050048828125,1360.5250244140625,1339.550048828125,1350.574951171875,1210.9512939453125,204214.0,BRITANNIA.NS
2016-04-08,1345.5,1357.75,1340.550048828125,1343.4000244140625,1204.5181884765625,276712.0,BRITANNIA.NS
2016-04-11,1348.4000244140625,1353.824951171875,1322.5,1328.4749755859375,1191.1361083984375,430044.0,BRITANNIA.NS
2016-04-12,1342.5,1369.199951171875,1325.0999755859375,1352.875,1213.0135498046875,705890.0,BRITANNIA.NS
2016-04-13,1354.300048828125,1392.5,1354.300048828125,1380.550048828125,1237.827392578125,520830.0,BRITANNIA.NS
2016-04-18,1385.25,1428.0,1385.25,1425.324951171875,1277.973388671875,617242.0,BRITANNIA.NS
2016-04-20,1422.5,1443.925048828125,1413.75,1422.6500244140625,1275.5751953125,626888.0,BRITANNIA.NS
2016-04-21,1423.8499755859375,1435.0,1390.0,1393.925048828125,1249.8197021484375,355374.0,BRITANNIA.NS
2016-04-22,1396.5,1415.0,1394.375,1411.300048828125,1265.3985595703125,289744.0,BRITANNIA.NS
2016-04-25,1406.5,1418.5,1400.0,1408.550048828125,1262.932861328125,342514.0,BRITANNIA.NS
2016-04-26,1410.0250244140625,1424.0,1398.0999755859375,1418.6500244140625,1271.9886474609375,271578.0,BRITANNIA.NS
2016-04-27,1415.300048828125,1437.9749755859375,1415.300048828125,1430.699951171875,1282.79296875,334868.0,BRITANNIA.NS
2016-04-28,1437.5,1459.0,1406.0,1412.7750244140625,1266.72119140625,808750.0,BRITANNIA.NS
2016-04-29,1413.5,1448.0,1413.0,1431.300048828125,1283.3310546875,282588.0,BRITANNIA.NS
2016-05-02,1428.0,1435.9749755859375,1417.5,1429.199951171875,1281.4478759765625,148644.0,BRITANNIA.NS
2016-05-03,1430.699951171875,1449.949951171875,1417.5,1423.550048828125,1276.382080078125,439892.0,BRITANNIA.NS
2016-05-04,1423.5,1428.949951171875,1401.9749755859375,1408.875,1263.224365234375,228920.0,BRITANNIA.NS
2016-05-05,1408.5,1426.0,1405.050048828125,1410.7249755859375,1264.883056640625,113140.0,BRITANNIA.NS
2016-05-06,1414.0,1423.5,1406.0,1408.6500244140625,1263.0224609375,127562.0,BRITANNIA.NS
2016-05-09,1419.5,1419.5,1400.0,1406.875,1261.430908203125,560452.0,BRITANNIA.NS
2016-05-10,1407.550048828125,1431.5,1407.550048828125,1410.449951171875,1264.6363525390625,231398.0,BRITANNIA.NS
2016-05-11,1405.0,1429.449951171875,1395.4749755859375,1423.7249755859375,1276.538818359375,196196.0,BRITANNIA.NS
2016-05-12,1433.5,1475.0,1420.0,1468.2249755859375,1316.4384765625,519274.0,BRITANNIA.NS
2016-05-13,1467.5,1488.5,1462.800048828125,1477.0,1324.306396484375,539448.0,BRITANNIA.NS
2016-05-16,1482.0,1489.4749755859375,1451.5999755859375,1467.7750244140625,1316.03515625,292496.0,BRITANNIA.NS
2016-05-17,1471.0999755859375,1508.949951171875,1471.0999755859375,1502.824951171875,1347.4615478515625,471342.0,BRITANNIA.NS
2016-05-18,1501.9749755859375,1502.0,1484.0,1485.800048828125,1332.19677734375,362640.0,BRITANNIA.NS
2016-05-19,1489.9749755859375,1507.5,1488.050048828125,1497.9749755859375,1343.1131591796875,313492.0,BRITANNIA.NS
2016-05-20,1504.949951171875,1517.5250244140625,1455.0,1465.3499755859375,1313.8607177734375,404474.0,BRITANNIA.NS
2016-05-23,1425.0,1425.0,1330.5,1341.25,1202.59033203125,1521808.0,BRITANNIA.NS
2016-05-24,1341.25,1375.0,1305.0,1327.0250244140625,1189.8359375,1125678.0,BRITANNIA.NS
2016-05-25,1330.3499755859375,1382.5,1328.75,1375.7249755859375,1233.501220703125,708388.0,BRITANNIA.NS
2016-05-26,1378.4000244140625,1397.5,1364.0250244140625,1372.199951171875,1230.3408203125,719338.0,BRITANNIA.NS
2016-05-27,1379.5,1380.925048828125,1350.550048828125,1359.6500244140625,1219.088134765625,1026142.0,BRITANNIA.NS
2016-05-30,1360.0,1379.0,1360.0,1373.0250244140625,1231.08056640625,221882.0,BRITANNIA.NS
2016-05-31,1374.0,1379.5,1345.4749755859375,1353.0999755859375,1213.21533203125,548766.0,BRITANNIA.NS
2016-06-01,1370.0,1396.199951171875,1362.5999755859375,1382.550048828125,1239.620849609375,961922.0,BRITANNIA.NS
2016-06-02,1384.9749755859375,1411.1500244140625,1380.2750244140625,1399.75,1255.042724609375,372480.0,BRITANNIA.NS
2016-06-03,1400.0,1402.300048828125,1378.0250244140625,1381.675048828125,1238.8363037109375,333634.0,BRITANNIA.NS
2016-06-06,1382.5,1394.25,1367.574951171875,1386.925048828125,1243.54345703125,204054.0,BRITANNIA.NS
2016-06-07,1388.5,1405.0,1388.5,1397.574951171875,1253.0924072265625,803048.0,BRITANNIA.NS
2016-06-08,1390.074951171875,1403.5,1380.0250244140625,1385.199951171875,1241.99658203125,260920.0,BRITANNIA.NS
2016-06-09,1385.0,1397.75,1376.0250244140625,1380.625,1237.8946533203125,394974.0,BRITANNIA.NS
2016-06-10,1387.0,1387.0,1362.0250244140625,1364.625,1223.5489501953125,184010.0,BRITANNIA.NS
2016-06-13,1358.0,1358.0,1330.0,1339.0999755859375,1200.66259765625,222102.0,BRITANNIA.NS
2016-06-14,1338.0,1348.25,1333.75,1340.574951171875,1201.985107421875,216544.0,BRITANNIA.NS
2016-06-15,1349.5,1349.5,1335.625,1341.300048828125,1202.63525390625,219818.0,BRITANNIA.NS
2016-06-16,1340.0,1348.0999755859375,1336.0250244140625,1343.449951171875,1204.56298828125,201042.0,BRITANNIA.NS
2016-06-17,1345.0,1349.25,1318.4000244140625,1319.800048828125,1183.3580322265625,570482.0,BRITANNIA.NS
2016-06-20,1312.5,1316.0,1293.75,1311.0999755859375,1175.55712890625,361262.0,BRITANNIA.NS
2016-06-21,1297.5,1303.5,1280.1500244140625,1282.425048828125,1149.8466796875,917576.0,BRITANNIA.NS
2016-06-22,1284.199951171875,1310.0,1280.550048828125,1306.8499755859375,1171.7464599609375,587516.0,BRITANNIA.NS
2016-06-23,1309.0,1321.0,1304.6500244140625,1312.7249755859375,1177.014404296875,326746.0,BRITANNIA.NS
2016-06-24,1290.0,1322.199951171875,1259.550048828125,1316.4749755859375,1180.3765869140625,295184.0,BRITANNIA.NS
2016-06-27,1317.5,1347.9749755859375,1312.6500244140625,1341.6500244140625,1202.94921875,340512.0,BRITANNIA.NS
2016-06-28,1343.5,1376.800048828125,1340.0250244140625,1374.074951171875,1232.021728515625,446176.0,BRITANNIA.NS
2016-06-29,1374.9000244140625,1389.050048828125,1353.375,1385.699951171875,1242.4451904296875,280750.0,BRITANNIA.NS
2016-06-30,1389.949951171875,1394.7249755859375,1365.5,1379.4749755859375,1236.8634033203125,744744.0,BRITANNIA.NS
2016-07-01,1376.875,1408.550048828125,1375.7750244140625,1404.1500244140625,1258.9879150390625,433848.0,BRITANNIA.NS
2016-07-04,1419.0,1425.0,1408.175048828125,1420.449951171875,1273.6025390625,293932.0,BRITANNIA.NS
2016-07-05,1417.5,1430.0,1405.0,1418.125,1271.51806640625,151092.0,BRITANNIA.NS
2016-07-07,1415.0,1420.0,1401.0,1404.574951171875,1259.36865234375,253010.0,BRITANNIA.NS
2016-07-08,1404.574951171875,1418.0,1396.199951171875,1402.5250244140625,1257.5308837890625,191400.0,BRITANNIA.NS
2016-07-11,1409.0,1434.2249755859375,1408.800048828125,1429.625,1281.8291015625,357570.0,BRITANNIA.NS
2016-07-12,1437.0,1454.2750244140625,1421.875,1428.5999755859375,1280.9100341796875,348976.0,BRITANNIA.NS
2016-07-13,1434.0,1442.9000244140625,1414.949951171875,1433.800048828125,1285.572509765625,258710.0,BRITANNIA.NS
2016-07-14,1445.0,1446.5,1427.4749755859375,1429.875,1282.05322265625,263182.0,BRITANNIA.NS
2016-07-15,1430.0,1438.324951171875,1405.5999755859375,1410.300048828125,1264.501953125,201544.0,BRITANNIA.NS
2016-07-18,1418.5250244140625,1424.3499755859375,1404.4749755859375,1408.1500244140625,1262.57421875,193178.0,BRITANNIA.NS
2016-07-19,1410.0999755859375,1413.9749755859375,1376.675048828125,1380.0250244140625,1237.3568115234375,462542.0,BRITANNIA.NS
2016-07-20,1387.449951171875,1409.0,1380.0,1404.7249755859375,1259.5030517578125,177584.0,BRITANNIA.NS
2016-07-21,1407.4000244140625,1420.0,1395.0,1407.375,1261.87939453125,291874.0,BRITANNIA.NS
2016-07-22,1408.0,1427.9749755859375,1404.0,1425.449951171875,1278.085693359375,359138.0,BRITANNIA.NS
2016-07-25,1425.0,1436.8499755859375,1415.1500244140625,1425.199951171875,1277.861572265625,238944.0,BRITANNIA.NS
2016-07-26,1425.199951171875,1428.300048828125,1405.5,1411.9000244140625,1265.9366455078125,285698.0,BRITANNIA.NS
2016-07-27,1424.0,1424.0,1397.5,1406.4000244140625,1261.005126953125,210406.0,BRITANNIA.NS
2016-07-28,1407.5,1447.0,1405.0999755859375,1432.6500244140625,1284.5413818359375,488140.0,BRITANNIA.NS
2016-07-29,1422.0,1472.0999755859375,1421.550048828125,1466.9000244140625,1324.49560546875,431340.0,BRITANNIA.NS
2016-08-01,1473.949951171875,1496.949951171875,1425.5,1441.0999755859375,1301.2001953125,342678.0,BRITANNIA.NS
2016-08-02,1453.5,1456.0,1435.8499755859375,1440.3499755859375,1300.5230712890625,185460.0,BRITANNIA.NS
2016-08-03,1449.0,1449.0,1410.0250244140625,1415.2249755859375,1277.837158203125,363710.0,BRITANNIA.NS
2016-08-04,1425.0,1446.5,1405.9749755859375,1440.425048828125,1300.5908203125,395460.0,BRITANNIA.NS
2016-08-05,1440.0,1450.4000244140625,1424.4749755859375,1442.300048828125,1302.28369140625,246052.0,BRITANNIA.NS
2016-08-08,1441.949951171875,1658.625,1440.050048828125,1576.074951171875,1423.0721435546875,3164246.0,BRITANNIA.NS
2016-08-09,1575.0,1586.0,1544.0999755859375,1564.2249755859375,1412.37255859375,792592.0,BRITANNIA.NS
2016-08-10,1564.5,1565.824951171875,1530.0999755859375,1551.675048828125,1401.0406494140625,341644.0,BRITANNIA.NS
2016-08-11,1560.0,1638.5,1557.4000244140625,1618.449951171875,1461.333251953125,1526490.0,BRITANNIA.NS
2016-08-12,1614.949951171875,1657.5,1594.2249755859375,1642.550048828125,1483.0938720703125,714062.0,BRITANNIA.NS
2016-08-16,1649.050048828125,1670.0,1625.0,1636.0250244140625,1477.2022705078125,338170.0,BRITANNIA.NS
2016-08-17,1632.5,1679.125,1632.5,1668.3499755859375,1506.388916015625,524616.0,BRITANNIA.NS
2016-08-18,1670.0,1685.0,1652.5250244140625,1664.7750244140625,1503.1610107421875,304792.0,BRITANNIA.NS
2016-08-19,1665.0,1685.0,1658.25,1675.2249755859375,1512.5968017578125,243238.0,BRITANNIA.NS
2016-08-22,1675.0,1696.449951171875,1672.125,1684.625,1521.083984375,320086.0,BRITANNIA.NS
2016-08-23,1684.0,1689.0,1670.0,1680.675048828125,1517.5174560546875,148404.0,BRITANNIA.NS
2016-08-24,1684.5,1742.0,1670.0,1716.4749755859375,1549.842041015625,683696.0,BRITANNIA.NS
2016-08-25,1723.5,1749.5,1721.574951171875,1732.1500244140625,1563.9954833984375,742678.0,BRITANNIA.NS
2016-08-26,1742.3499755859375,1742.3499755859375,1696.0250244140625,1718.8499755859375,1551.986572265625,287814.0,BRITANNIA.NS
2016-08-29,1703.0,1724.5,1695.0,1703.175048828125,1537.83349609375,147830.0,BRITANNIA.NS
2016-08-30,1705.0,1736.0,1705.0,1721.5999755859375,1554.4697265625,149210.0,BRITANNIA.NS
2016-08-31,1721.0999755859375,1742.9749755859375,1710.0,1730.2750244140625,1562.302734375,289590.0,BRITANNIA.NS
2016-09-01,1733.0,1733.0,1700.0999755859375,1704.675048828125,1539.18798828125,177454.0,BRITANNIA.NS
2016-09-02,1700.5,1718.4749755859375,1671.0,1677.4749755859375,1514.62841796875,291320.0,BRITANNIA.NS
2016-09-06,1687.5,1732.0,1672.175048828125,1728.550048828125,1560.7451171875,350724.0,BRITANNIA.NS
2016-09-07,1701.0,1751.75,1701.0,1744.4749755859375,1575.1239013671875,399164.0,BRITANNIA.NS
2016-09-08,1733.5,1744.2249755859375,1725.0,1736.050048828125,1567.516845703125,215838.0,BRITANNIA.NS
2016-09-09,1750.0,1750.0,1722.5,1727.5250244140625,1559.8197021484375,153736.0,BRITANNIA.NS
2016-09-12,1700.0,1724.949951171875,1685.0,1713.9749755859375,1547.5849609375,235320.0,BRITANNIA.NS
2016-09-14,1713.5,1775.0,1713.425048828125,1769.949951171875,1598.1258544921875,437528.0,BRITANNIA.NS
2016-09-15,1774.9749755859375,1792.125,1762.5,1765.800048828125,1594.3790283203125,306494.0,BRITANNIA.NS
2016-09-16,1770.0,1781.0,1726.699951171875,1737.75,1569.0518798828125,312602.0,BRITANNIA.NS
2016-09-19,1737.75,1743.0,1700.0,1705.800048828125,1540.20361328125,348164.0,BRITANNIA.NS
2016-09-20,1708.0,1725.4749755859375,1699.5,1705.25,1539.70703125,295488.0,BRITANNIA.NS
2016-09-21,1705.5,1722.5,1678.5999755859375,1699.050048828125,1534.1090087890625,363438.0,BRITANNIA.NS
2016-09-22,1709.5,1717.5,1688.0250244140625,1700.4749755859375,1535.3955078125,499366.0,BRITANNIA.NS
2016-09-23,1714.449951171875,1730.0,1687.9000244140625,1710.550048828125,1544.492431640625,325008.0,BRITANNIA.NS
2016-09-26,1722.5,1724.574951171875,1698.425048828125,1708.5250244140625,1542.6639404296875,311480.0,BRITANNIA.NS
2016-09-27,1711.050048828125,1728.0,1705.925048828125,1715.625,1549.07470703125,174648.0,BRITANNIA.NS
2016-09-28,1714.9000244140625,1728.0,1695.449951171875,1702.0999755859375,1536.86279296875,252326.0,BRITANNIA.NS
2016-09-29,1715.0,1717.5,1599.8499755859375,1642.7750244140625,1483.296875,336340.0,BRITANNIA.NS
2016-09-30,1640.0,1693.6500244140625,1625.0250244140625,1682.0,1518.7138671875,240412.0,BRITANNIA.NS
2016-10-03,1698.925048828125,1761.0,1690.0,1742.7750244140625,1573.589111328125,259360.0,BRITANNIA.NS
2016-10-04,1742.0,1742.5,1718.125,1737.675048828125,1568.984375,185636.0,BRITANNIA.NS
2016-10-05,1740.0,1753.0,1720.25,1730.25,1562.280029296875,412626.0,BRITANNIA.NS
2016-10-06,1744.949951171875,1748.9749755859375,1720.9000244140625,1733.5,1565.214599609375,118930.0,BRITANNIA.NS
2016-10-07,1733.5,1737.5,1689.925048828125,1693.324951171875,1528.9395751953125,337560.0,BRITANNIA.NS
2016-10-10,1695.0,1705.375,1685.300048828125,1688.4000244140625,1524.4927978515625,109496.0,BRITANNIA.NS
2016-10-13,1684.5,1684.5,1644.5,1662.7249755859375,1501.31005859375,322644.0,BRITANNIA.NS
2016-10-14,1677.0,1677.0,1647.5,1665.375,1503.7030029296875,141352.0,BRITANNIA.NS
2016-10-17,1667.6500244140625,1667.7249755859375,1643.824951171875,1653.199951171875,1492.7098388671875,216882.0,BRITANNIA.NS
2016-10-18,1653.25,1660.300048828125,1622.5,1632.300048828125,1473.8387451171875,278538.0,BRITANNIA.NS
2016-10-19,1641.949951171875,1675.0,1640.0,1658.449951171875,1497.4503173828125,347492.0,BRITANNIA.NS
2016-10-20,1658.5,1677.5,1650.5,1656.574951171875,1495.7572021484375,242764.0,BRITANNIA.NS
2016-10-21,1667.5,1672.5,1652.25,1655.3499755859375,1494.651123046875,127030.0,BRITANNIA.NS
2016-10-24,1635.1500244140625,1664.7750244140625,1635.1500244140625,1653.949951171875,1493.3873291015625,146430.0,BRITANNIA.NS
2016-10-25,1654.199951171875,1661.324951171875,1639.9749755859375,1647.675048828125,1487.721435546875,182188.0,BRITANNIA.NS
2016-10-26,1645.0,1654.425048828125,1625.3499755859375,1632.9000244140625,1474.380615234375,175920.0,BRITANNIA.NS
2016-10-27,1625.0,1634.574951171875,1597.5,1606.050048828125,1450.1370849609375,434050.0,BRITANNIA.NS
2016-10-28,1617.0,1664.5,1615.875,1655.9749755859375,1495.215576171875,215908.0,BRITANNIA.NS
2016-11-01,1657.5,1670.0,1633.9749755859375,1665.2750244140625,1503.6126708984375,257188.0,BRITANNIA.NS
2016-11-02,1639.0,1656.9749755859375,1635.5,1651.300048828125,1490.99462890625,236004.0,BRITANNIA.NS
2016-11-03,1651.300048828125,1662.75,1626.0250244140625,1650.75,1490.4976806640625,258320.0,BRITANNIA.NS
2016-11-04,1650.0,1690.0,1611.0,1651.0,1490.7235107421875,455146.0,BRITANNIA.NS
2016-11-07,1664.5,1674.0,1642.5,1651.2750244140625,1490.9716796875,421832.0,BRITANNIA.NS
2016-11-08,1639.0,1650.8499755859375,1607.7750244140625,1617.7750244140625,1460.7239990234375,906756.0,BRITANNIA.NS
2016-11-09,1550.0,1595.8499755859375,1464.5,1562.0999755859375,1410.4537353515625,451680.0,BRITANNIA.NS
2016-11-10,1607.5,1620.925048828125,1584.625,1602.074951171875,1446.5479736328125,274548.0,BRITANNIA.NS
2016-11-11,1594.925048828125,1594.925048828125,1515.25,1539.675048828125,1390.2056884765625,432078.0,BRITANNIA.NS
2016-11-15,1532.0,1532.0,1390.5999755859375,1464.675048828125,1322.4866943359375,1158490.0,BRITANNIA.NS
2016-11-16,1475.0,1530.0,1463.175048828125,1495.5,1350.3192138671875,470298.0,BRITANNIA.NS
2016-11-17,1510.0,1510.0,1460.0,1467.5250244140625,1325.059814453125,405504.0,BRITANNIA.NS
2016-11-18,1460.5,1462.5,1435.5250244140625,1451.300048828125,1310.41015625,581400.0,BRITANNIA.NS
2016-11-21,1452.5,1464.074951171875,1438.050048828125,1447.1500244140625,1306.6630859375,182364.0,BRITANNIA.NS
2016-11-22,1453.050048828125,1460.0,1425.9749755859375,1453.0250244140625,1311.9674072265625,354476.0,BRITANNIA.NS
2016-11-23,1469.5,1488.0,1447.5,1483.875,1339.8226318359375,258996.0,BRITANNIA.NS
2016-11-24,1479.0,1494.0,1458.0,1471.2750244140625,1328.4459228515625,310140.0,BRITANNIA.NS
2016-11-25,1484.9749755859375,1487.2249755859375,1460.5250244140625,1481.0,1337.226806640625,175764.0,BRITANNIA.NS
2016-11-28,1479.9749755859375,1495.550048828125,1464.074951171875,1485.25,1341.064208984375,178032.0,BRITANNIA.NS
2016-11-29,1493.5,1519.199951171875,1486.0,1502.7249755859375,1356.842529296875,208312.0,BRITANNIA.NS
2016-11-30,1505.0,1536.9749755859375,1475.5999755859375,1516.449951171875,1369.2353515625,474738.0,BRITANNIA.NS
2016-12-01,1518.0250244140625,1531.9749755859375,1498.0,1501.675048828125,1355.894775390625,188978.0,BRITANNIA.NS
2016-12-02,1497.4000244140625,1507.5,1482.425048828125,1488.4000244140625,1343.908447265625,339406.0,BRITANNIA.NS
2016-12-05,1490.0,1541.4000244140625,1490.0,1533.199951171875,1384.359130859375,217160.0,BRITANNIA.NS
2016-12-06,1534.800048828125,1537.0,1498.550048828125,1502.2249755859375,1356.391357421875,179314.0,BRITANNIA.NS
2016-12-07,1509.0,1522.300048828125,1491.0,1497.375,1352.01220703125,235244.0,BRITANNIA.NS
2016-12-08,1506.5,1534.0,1500.5,1519.375,1371.87646484375,169386.0,BRITANNIA.NS
2016-12-09,1520.949951171875,1531.4000244140625,1510.550048828125,1512.675048828125,1365.826904296875,635442.0,BRITANNIA.NS
2016-12-12,1512.75,1514.25,1485.050048828125,1488.5250244140625,1344.0213623046875,274716.0,BRITANNIA.NS
2016-12-13,1498.925048828125,1498.925048828125,1462.4749755859375,1469.324951171875,1326.68505859375,384088.0,BRITANNIA.NS
2016-12-14,1470.0,1484.0,1467.5,1470.824951171875,1328.0396728515625,233774.0,BRITANNIA.NS
2016-12-15,1466.0,1477.0,1453.75,1460.0999755859375,1318.3555908203125,216558.0,BRITANNIA.NS
2016-12-16,1461.625,1469.074951171875,1440.949951171875,1447.6500244140625,1307.1142578125,388160.0,BRITANNIA.NS
2016-12-19,1450.0,1457.375,1432.75,1449.800048828125,1309.0555419921875,220010.0,BRITANNIA.NS
2016-12-20,1451.0,1454.9000244140625,1433.0,1436.050048828125,1296.6405029296875,401088.0,BRITANNIA.NS
2016-12-21,1436.050048828125,1449.5,1413.9000244140625,1423.8499755859375,1285.624755859375,401742.0,BRITANNIA.NS
2016-12-22,1420.0,1424.625,1399.925048828125,1405.324951171875,1268.8980712890625,185178.0,BRITANNIA.NS
2016-12-23,1405.0250244140625,1420.574951171875,1386.425048828125,1415.5999755859375,1278.1756591796875,182740.0,BRITANNIA.NS
2016-12-26,1414.949951171875,1415.699951171875,1390.0,1403.6500244140625,1267.3858642578125,136000.0,BRITANNIA.NS
2016-12-27,1405.125,1428.425048828125,1390.7750244140625,1413.425048828125,1276.2119140625,157352.0,BRITANNIA.NS
2016-12-28,1415.0,1444.0,1415.0,1419.800048828125,1281.9678955078125,247108.0,BRITANNIA.NS
2016-12-29,1417.5,1449.0,1414.449951171875,1441.574951171875,1301.629150390625,180286.0,BRITANNIA.NS
2016-12-30,1452.5,1461.0,1435.0,1443.1500244140625,1303.05126953125,220668.0,BRITANNIA.NS
2017-01-02,1450.550048828125,1450.550048828125,1432.574951171875,1443.2249755859375,1303.1187744140625,104490.0,BRITANNIA.NS
2017-01-03,1443.5,1445.0,1425.5999755859375,1436.125,1296.708251953125,255186.0,BRITANNIA.NS
2017-01-04,1445.0,1445.0,1415.2249755859375,1426.199951171875,1287.74658203125,273358.0,BRITANNIA.NS
2017-01-05,1431.0,1437.5,1426.300048828125,1432.9000244140625,1293.79638671875,232668.0,BRITANNIA.NS
2017-01-06,1432.5,1457.5,1422.9000244140625,1447.4749755859375,1306.956298828125,795436.0,BRITANNIA.NS
2017-01-09,1460.0,1461.1500244140625,1437.7750244140625,1448.949951171875,1308.2880859375,344356.0,BRITANNIA.NS
2017-01-10,1449.5,1451.5,1437.9749755859375,1440.4000244140625,1300.5682373046875,546116.0,BRITANNIA.NS
2017-01-11,1442.5,1492.5,1442.5,1492.0,1347.15869140625,691722.0,BRITANNIA.NS
2017-01-12,1492.4749755859375,1497.4749755859375,1459.199951171875,1473.9000244140625,1330.816162109375,260102.0,BRITANNIA.NS
2017-01-13,1484.5,1492.5,1462.5,1470.0,1327.2945556640625,208658.0,BRITANNIA.NS
2017-01-16,1467.5,1489.9000244140625,1461.5,1482.875,1338.919677734375,213010.0,BRITANNIA.NS
2017-01-17,1484.3499755859375,1510.0999755859375,1477.550048828125,1506.7750244140625,1360.4996337890625,329502.0,BRITANNIA.NS
2017-01-18,1509.0,1549.3499755859375,1507.449951171875,1545.7750244140625,1395.71337890625,539226.0,BRITANNIA.NS
2017-01-19,1545.5,1577.5,1533.375,1553.9749755859375,1403.1173095703125,515150.0,BRITANNIA.NS
2017-01-20,1558.949951171875,1567.550048828125,1532.050048828125,1539.1500244140625,1389.7318115234375,225986.0,BRITANNIA.NS
2017-01-23,1532.5999755859375,1557.5,1532.5999755859375,1546.550048828125,1396.413330078125,144082.0,BRITANNIA.NS
2017-01-24,1548.1500244140625,1575.25,1540.824951171875,1574.175048828125,1421.3564453125,303692.0,BRITANNIA.NS
2017-01-25,1562.5,1574.0,1549.0,1567.449951171875,1415.284423828125,190016.0,BRITANNIA.NS
2017-01-27,1567.0,1581.0,1545.5,1551.4749755859375,1400.860107421875,269430.0,BRITANNIA.NS
2017-01-30,1564.0,1575.699951171875,1550.0999755859375,1572.8499755859375,1420.1602783203125,260542.0,BRITANNIA.NS
2017-01-31,1575.0,1575.0,1554.5,1565.2249755859375,1413.275390625,309880.0,BRITANNIA.NS
2017-02-01,1566.8499755859375,1624.9000244140625,1556.375,1617.375,1460.3626708984375,422574.0,BRITANNIA.NS
2017-02-02,1620.0,1627.324951171875,1594.8499755859375,1615.5,1458.6697998046875,461788.0,BRITANNIA.NS
2017-02-03,1611.550048828125,1636.925048828125,1605.0,1615.425048828125,1458.601806640625,271328.0,BRITANNIA.NS
2017-02-06,1615.425048828125,1647.199951171875,1615.425048828125,1642.5,1483.048828125,268304.0,BRITANNIA.NS
2017-02-07,1645.0,1645.0,1605.0,1615.300048828125,1458.4892578125,227652.0,BRITANNIA.NS
2017-02-08,1615.425048828125,1633.0999755859375,1596.0250244140625,1616.5,1459.57275390625,258164.0,BRITANNIA.NS
2017-02-09,1614.1500244140625,1627.324951171875,1602.6500244140625,1612.9749755859375,1456.3897705078125,225518.0,BRITANNIA.NS
2017-02-10,1615.5,1635.0,1611.625,1619.675048828125,1462.439208984375,422206.0,BRITANNIA.NS
2017-02-13,1622.5,1648.0,1611.050048828125,1635.8499755859375,1477.0440673828125,403908.0,BRITANNIA.NS
2017-02-14,1640.0,1640.0,1605.0999755859375,1612.2249755859375,1455.7127685546875,376840.0,BRITANNIA.NS
2017-02-15,1616.5,1621.5,1585.5,1597.175048828125,1442.123779296875,272684.0,BRITANNIA.NS
2017-02-16,1595.0,1619.199951171875,1591.375,1615.375,1458.556884765625,159888.0,BRITANNIA.NS
2017-02-17,1619.550048828125,1627.4000244140625,1602.7750244140625,1623.875,1466.231689453125,314858.0,BRITANNIA.NS
2017-02-20,1631.0,1633.625,1618.0250244140625,1628.449951171875,1470.362548828125,114270.0,BRITANNIA.NS
2017-02-21,1633.3499755859375,1637.75,1607.5999755859375,1619.5250244140625,1462.303955078125,196132.0,BRITANNIA.NS
2017-02-22,1621.0,1632.0,1613.425048828125,1619.3499755859375,1462.14599609375,230530.0,BRITANNIA.NS
2017-02-23,1621.0250244140625,1639.4749755859375,1606.7750244140625,1613.5,1456.86376953125,420848.0,BRITANNIA.NS
2017-02-27,1615.5,1634.449951171875,1609.425048828125,1629.550048828125,1471.3558349609375,261074.0,BRITANNIA.NS
2017-02-28,1627.550048828125,1629.5,1606.1500244140625,1614.699951171875,1457.947265625,191908.0,BRITANNIA.NS
2017-03-01,1616.0,1629.9749755859375,1587.5,1590.5,1436.0965576171875,203810.0,BRITANNIA.NS
2017-03-02,1600.0,1608.75,1551.3499755859375,1557.074951171875,1405.91650390625,381920.0,BRITANNIA.NS
2017-03-03,1561.5,1572.8499755859375,1533.2249755859375,1548.375,1398.061279296875,466084.0,BRITANNIA.NS
2017-03-06,1556.0,1558.2249755859375,1529.699951171875,1543.0,1393.2080078125,319000.0,BRITANNIA.NS
2017-03-07,1552.5,1552.5,1527.5999755859375,1529.574951171875,1381.0860595703125,367252.0,BRITANNIA.NS
2017-03-08,1532.5,1554.0,1522.6500244140625,1542.699951171875,1392.93701171875,526952.0,BRITANNIA.NS
2017-03-09,1543.0,1549.949951171875,1531.5,1539.300048828125,1389.8670654296875,224428.0,BRITANNIA.NS
2017-03-10,1542.550048828125,1565.5,1538.5,1561.25,1409.6861572265625,274980.0,BRITANNIA.NS
2017-03-14,1576.9000244140625,1595.2750244140625,1568.2249755859375,1588.375,1434.1781005859375,267266.0,BRITANNIA.NS
2017-03-15,1590.0250244140625,1600.0,1567.75,1595.125,1440.2725830078125,224208.0,BRITANNIA.NS
2017-03-16,1598.5,1619.0999755859375,1598.175048828125,1612.5250244140625,1455.9833984375,225374.0,BRITANNIA.NS
2017-03-17,1612.5,1627.449951171875,1607.5,1623.7750244140625,1466.1414794921875,176806.0,BRITANNIA.NS
2017-03-20,1626.199951171875,1632.175048828125,1620.0,1625.875,1468.0377197265625,110944.0,BRITANNIA.NS
2017-03-21,1620.0,1660.5,1620.0,1647.175048828125,1487.269775390625,792904.0,BRITANNIA.NS
2017-03-22,1631.0,1672.875,1631.0,1662.875,1501.44580078125,440156.0,BRITANNIA.NS
2017-03-23,1663.5,1677.175048828125,1639.949951171875,1647.875,1487.90185546875,188328.0,BRITANNIA.NS
2017-03-24,1649.574951171875,1660.5,1641.5250244140625,1649.074951171875,1488.9852294921875,141284.0,BRITANNIA.NS
2017-03-27,1650.0,1665.0,1646.074951171875,1652.050048828125,1491.671630859375,154350.0,BRITANNIA.NS
2017-03-28,1654.8499755859375,1683.425048828125,1652.199951171875,1669.7750244140625,1507.67578125,201092.0,BRITANNIA.NS
2017-03-29,1671.6500244140625,1707.75,1663.449951171875,1695.699951171875,1531.0841064453125,304570.0,BRITANNIA.NS
2017-03-30,1691.0,1711.25,1690.300048828125,1697.574951171875,1532.777099609375,1958514.0,BRITANNIA.NS
2017-03-31,1690.0,1716.4749755859375,1665.5250244140625,1687.0,1523.2286376953125,396946.0,BRITANNIA.NS
2017-04-03,1688.5,1711.050048828125,1636.4000244140625,1695.8499755859375,1531.2193603515625,188616.0,BRITANNIA.NS
2017-04-05,1698.5,1700.7750244140625,1675.0,1687.949951171875,1524.0863037109375,391352.0,BRITANNIA.NS
2017-04-06,1687.949951171875,1697.2249755859375,1673.7249755859375,1678.574951171875,1515.6214599609375,226512.0,BRITANNIA.NS
2017-04-07,1675.0,1688.6500244140625,1670.0,1678.7249755859375,1515.757080078125,103408.0,BRITANNIA.NS
2017-04-10,1677.5,1712.5,1675.0,1708.425048828125,1542.57373046875,136538.0,BRITANNIA.NS
2017-04-11,1709.8499755859375,1726.875,1691.0999755859375,1701.4000244140625,1536.2305908203125,187738.0,BRITANNIA.NS
2017-04-12,1690.0,1730.050048828125,1688.9000244140625,1724.5,1557.088134765625,334880.0,BRITANNIA.NS
2017-04-13,1725.0,1726.300048828125,1695.5,1701.9000244140625,1536.6820068359375,121998.0,BRITANNIA.NS
2017-04-17,1701.7249755859375,1702.9000244140625,1686.2750244140625,1692.6500244140625,1528.330322265625,91102.0,BRITANNIA.NS
2017-04-18,1685.324951171875,1708.0250244140625,1676.9000244140625,1684.25,1520.7457275390625,226604.0,BRITANNIA.NS
2017-04-19,1682.5250244140625,1723.7249755859375,1669.5999755859375,1715.625,1549.07470703125,185988.0,BRITANNIA.NS
2017-04-20,1718.449951171875,1720.0,1684.0999755859375,1689.675048828125,1525.64404296875,134522.0,BRITANNIA.NS
2017-04-21,1691.050048828125,1703.824951171875,1684.0,1688.2750244140625,1524.3798828125,167550.0,BRITANNIA.NS
2017-04-24,1680.0,1697.9000244140625,1680.0,1694.074951171875,1529.61669921875,80630.0,BRITANNIA.NS
2017-04-25,1699.0,1744.5,1693.675048828125,1738.7249755859375,1569.93212890625,274916.0,BRITANNIA.NS
2017-04-26,1745.0,1799.0,1730.0,1776.699951171875,1604.220703125,625874.0,BRITANNIA.NS
2017-04-27,1775.0,1804.5,1723.4000244140625,1777.5250244140625,1604.9656982421875,352266.0,BRITANNIA.NS
2017-04-28,1777.5250244140625,1819.5,1774.125,1812.2750244140625,1636.342041015625,329716.0,BRITANNIA.NS
2017-05-02,1805.0,1822.199951171875,1777.824951171875,1786.9749755859375,1613.4981689453125,187462.0,BRITANNIA.NS
2017-05-03,1790.074951171875,1815.0,1756.6500244140625,1790.25,1616.455322265625,214202.0,BRITANNIA.NS
2017-05-04,1787.4749755859375,1810.0,1782.675048828125,1796.050048828125,1621.6922607421875,239362.0,BRITANNIA.NS
2017-05-05,1796.050048828125,1799.800048828125,1758.2249755859375,1764.675048828125,1593.3629150390625,96248.0,BRITANNIA.NS
2017-05-08,1770.9749755859375,1781.9749755859375,1757.0250244140625,1771.4749755859375,1599.5029296875,72912.0,BRITANNIA.NS
2017-05-09,1767.0,1801.9749755859375,1759.5250244140625,1796.4749755859375,1622.0760498046875,188862.0,BRITANNIA.NS
2017-05-10,1793.5,1860.9000244140625,1793.5,1855.6500244140625,1675.50634765625,669364.0,BRITANNIA.NS
2017-05-11,1845.0,1872.0,1842.5999755859375,1854.175048828125,1674.1748046875,326904.0,BRITANNIA.NS
2017-05-12,1852.5,1867.5,1830.9000244140625,1852.125,1672.32373046875,124618.0,BRITANNIA.NS
2017-05-15,1852.0,1899.75,1840.0250244140625,1870.7750244140625,1689.162841796875,236786.0,BRITANNIA.NS
2017-05-16,1870.7750244140625,1887.0,1853.5,1876.425048828125,1694.2647705078125,219248.0,BRITANNIA.NS
2017-05-17,1876.0,1876.8499755859375,1830.0,1834.800048828125,1656.6805419921875,135124.0,BRITANNIA.NS
2017-05-18,1842.800048828125,1842.800048828125,1773.050048828125,1777.7249755859375,1605.1461181640625,142012.0,BRITANNIA.NS
2017-05-19,1799.925048828125,1835.0,1781.5,1791.3499755859375,1617.448486328125,287472.0,BRITANNIA.NS
2017-05-22,1810.949951171875,1848.5,1801.5999755859375,1816.7249755859375,1640.360107421875,212636.0,BRITANNIA.NS
2017-05-23,1827.5,1841.949951171875,1790.0250244140625,1797.0999755859375,1622.64013671875,265432.0,BRITANNIA.NS
2017-05-24,1802.5,1807.925048828125,1735.949951171875,1766.6500244140625,1595.146484375,199372.0,BRITANNIA.NS
2017-05-25,1785.0,1785.0,1725.5999755859375,1758.9000244140625,1588.14892578125,338880.0,BRITANNIA.NS
2017-05-26,1757.0,1772.5,1701.0999755859375,1707.925048828125,1542.1224365234375,886100.0,BRITANNIA.NS
2017-05-29,1704.199951171875,1730.0,1685.75,1709.199951171875,1543.2734375,392340.0,BRITANNIA.NS
2017-05-30,1719.8499755859375,1725.0,1689.1500244140625,1712.7249755859375,1546.456298828125,493310.0,BRITANNIA.NS
2017-05-31,1708.5,1774.0,1708.5,1766.324951171875,1594.852783203125,419000.0,BRITANNIA.NS
2017-06-01,1792.5,1805.5,1770.0,1802.949951171875,1627.92236328125,405616.0,BRITANNIA.NS
2017-06-02,1814.949951171875,1832.5,1780.0,1795.800048828125,1621.466552734375,299542.0,BRITANNIA.NS
2017-06-05,1795.800048828125,1857.0,1795.800048828125,1821.6500244140625,1644.80712890625,502604.0,BRITANNIA.NS
2017-06-06,1826.8499755859375,1836.0,1797.925048828125,1813.675048828125,1637.6063232421875,272076.0,BRITANNIA.NS
2017-06-07,1818.800048828125,1837.5,1800.0999755859375,1821.800048828125,1644.9425048828125,259416.0,BRITANNIA.NS
2017-06-08,1821.800048828125,1829.5,1810.324951171875,1819.6500244140625,1643.001220703125,90782.0,BRITANNIA.NS
2017-06-09,1824.0,1849.5,1820.625,1836.5,1658.21533203125,290830.0,BRITANNIA.NS
2017-06-12,1832.5,1853.199951171875,1807.0,1813.324951171875,1637.2899169921875,162416.0,BRITANNIA.NS
2017-06-13,1824.375,1824.375,1802.5,1813.050048828125,1637.0419921875,106036.0,BRITANNIA.NS
2017-06-14,1823.0,1823.0,1790.25,1806.7750244140625,1631.3760986328125,100490.0,BRITANNIA.NS
2017-06-15,1810.0,1815.0,1777.125,1782.4000244140625,1609.3673095703125,175760.0,BRITANNIA.NS
2017-06-16,1782.4000244140625,1789.0,1761.5,1784.4749755859375,1611.240966796875,279670.0,BRITANNIA.NS
2017-06-19,1785.0,1811.7750244140625,1785.0,1796.125,1621.7601318359375,117850.0,BRITANNIA.NS
2017-06-20,1789.425048828125,1809.3499755859375,1784.5,1791.9000244140625,1617.945068359375,181608.0,BRITANNIA.NS
2017-06-21,1790.0,1845.0,1780.0,1835.1500244140625,1656.996337890625,178280.0,BRITANNIA.NS
2017-06-22,1850.0,1850.0,1816.25,1820.875,1644.1072998046875,301570.0,BRITANNIA.NS
2017-06-23,1820.875,1833.800048828125,1803.25,1824.75,1647.606201171875,203426.0,BRITANNIA.NS
2017-06-27,1839.300048828125,1839.300048828125,1806.7249755859375,1823.7750244140625,1646.7259521484375,167390.0,BRITANNIA.NS
2017-06-28,1822.5,1837.800048828125,1795.0250244140625,1818.074951171875,1641.578857421875,257156.0,BRITANNIA.NS
2017-06-29,1819.2249755859375,1848.5,1800.5,1818.5999755859375,1642.05322265625,181420.0,BRITANNIA.NS
2017-06-30,1811.0999755859375,1855.925048828125,1809.699951171875,1845.0250244140625,1665.9129638671875,479702.0,BRITANNIA.NS
2017-07-03,1863.0,1873.300048828125,1839.5,1851.875,1672.097900390625,148906.0,BRITANNIA.NS
2017-07-04,1855.050048828125,1883.949951171875,1855.050048828125,1874.0250244140625,1692.0975341796875,245562.0,BRITANNIA.NS
2017-07-05,1879.5,1884.5,1857.5,1866.7249755859375,1685.5062255859375,226042.0,BRITANNIA.NS
2017-07-06,1870.0,1875.0,1860.7249755859375,1865.699951171875,1684.5806884765625,246406.0,BRITANNIA.NS
2017-07-07,1860.050048828125,1860.9749755859375,1838.449951171875,1846.175048828125,1666.9512939453125,239420.0,BRITANNIA.NS
2017-07-10,1874.4000244140625,1874.4000244140625,1849.0,1857.9749755859375,1677.605712890625,34224.0,BRITANNIA.NS
2017-07-11,1845.300048828125,1867.574951171875,1843.5250244140625,1848.5250244140625,1669.0728759765625,164310.0,BRITANNIA.NS
2017-07-12,1848.5,1862.3499755859375,1846.0,1851.074951171875,1671.37548828125,360402.0,BRITANNIA.NS
2017-07-13,1862.0,1881.949951171875,1852.0,1863.800048828125,1682.8653564453125,127802.0,BRITANNIA.NS
2017-07-14,1867.3499755859375,1867.3499755859375,1852.574951171875,1859.5999755859375,1679.0728759765625,77932.0,BRITANNIA.NS
2017-07-17,1859.9749755859375,1866.5,1837.699951171875,1848.8499755859375,1669.3663330078125,108708.0,BRITANNIA.NS
2017-07-18,1850.0,1879.0,1828.0250244140625,1871.4749755859375,1689.7950439453125,131062.0,BRITANNIA.NS
2017-07-19,1877.3499755859375,1919.5,1877.3499755859375,1903.0999755859375,1718.3499755859375,525198.0,BRITANNIA.NS
2017-07-20,1902.5,1917.5,1882.5,1895.550048828125,1711.5330810546875,415898.0,BRITANNIA.NS
2017-07-21,1909.5,1922.5,1895.0999755859375,1917.0250244140625,1730.923095703125,240816.0,BRITANNIA.NS
2017-07-24,1917.550048828125,1934.0,1907.574951171875,1914.7249755859375,1728.8463134765625,203984.0,BRITANNIA.NS
2017-07-25,1925.0,1926.6500244140625,1910.5250244140625,1925.25,1738.3497314453125,195416.0,BRITANNIA.NS
2017-07-26,1931.0,1931.0,1920.1500244140625,1925.300048828125,1738.39453125,156286.0,BRITANNIA.NS
2017-07-27,1926.0,1959.199951171875,1920.5,1937.949951171875,1749.816650390625,280736.0,BRITANNIA.NS
2017-07-28,1937.0,1964.175048828125,1917.5999755859375,1953.324951171875,1773.76708984375,238964.0,BRITANNIA.NS
2017-07-31,1959.800048828125,1978.300048828125,1939.5,1960.800048828125,1780.55517578125,255936.0,BRITANNIA.NS
2017-08-01,1959.9000244140625,1979.0,1942.7750244140625,1953.75,1774.1533203125,228940.0,BRITANNIA.NS
2017-08-02,1955.0,1964.5,1920.324951171875,1932.050048828125,1754.4482421875,321538.0,BRITANNIA.NS
2017-08-03,1926.199951171875,1945.0,1917.0250244140625,1936.9749755859375,1758.9202880859375,149358.0,BRITANNIA.NS
2017-08-04,1915.0,1968.75,1915.0,1958.699951171875,1778.648193359375,193840.0,BRITANNIA.NS
2017-08-07,1959.4000244140625,2105.925048828125,1950.0250244140625,2053.89990234375,1865.096923828125,1782682.0,BRITANNIA.NS
2017-08-08,2058.0,2070.574951171875,1990.0,2036.175048828125,1849.00146484375,750352.0,BRITANNIA.NS
2017-08-09,2034.5,2037.449951171875,1996.449951171875,2029.449951171875,1842.89453125,348022.0,BRITANNIA.NS
2017-08-10,2014.0,2116.97509765625,2014.0,2059.60009765625,1870.27294921875,653174.0,BRITANNIA.NS
2017-08-11,2040.375,2078.5,2025.5,2050.97509765625,1862.4410400390625,297426.0,BRITANNIA.NS
2017-08-14,2061.675048828125,2103.125,2050.75,2080.0,1888.7977294921875,198656.0,BRITANNIA.NS
2017-08-16,2087.5,2155.97509765625,2085.52490234375,2149.97509765625,1952.3402099609375,589396.0,BRITANNIA.NS
2017-08-17,2169.5,2169.925048828125,2117.5,2125.25,1929.8883056640625,341412.0,BRITANNIA.NS
2017-08-18,2105.52490234375,2141.97509765625,2105.52490234375,2125.72509765625,1930.319580078125,160612.0,BRITANNIA.NS
2017-08-21,2118.10009765625,2138.699951171875,2106.02490234375,2114.89990234375,1920.489501953125,192688.0,BRITANNIA.NS
2017-08-22,2122.5,2129.47509765625,2090.324951171875,2099.425048828125,1906.4371337890625,212366.0,BRITANNIA.NS
2017-08-23,2112.85009765625,2133.85009765625,2078.0,2123.574951171875,1928.3670654296875,237424.0,BRITANNIA.NS
2017-08-24,2117.5,2137.199951171875,2096.675048828125,2107.050048828125,1913.361328125,246838.0,BRITANNIA.NS
2017-08-28,2125.0,2129.425048828125,2087.97509765625,2094.14990234375,1901.6468505859375,300058.0,BRITANNIA.NS
2017-08-29,2090.5,2109.625,2071.10009765625,2086.300048828125,1894.518798828125,330262.0,BRITANNIA.NS
2017-08-30,2090.0,2131.25,2090.0,2120.675048828125,1925.73388671875,202468.0,BRITANNIA.NS
2017-08-31,2133.85009765625,2136.0,2106.125,2115.47509765625,1921.0120849609375,269094.0,BRITANNIA.NS
2017-09-01,2110.0,2130.14990234375,2100.75,2121.97509765625,1926.914306640625,192344.0,BRITANNIA.NS
2017-09-04,2122.5,2129.5,2075.5,2109.824951171875,1915.8812255859375,229534.0,BRITANNIA.NS
2017-09-05,2121.0,2135.925048828125,2110.0,2130.300048828125,1934.4739990234375,274206.0,BRITANNIA.NS
2017-09-06,2115.0,2128.5,2104.5,2123.925048828125,1928.685302734375,231278.0,BRITANNIA.NS
2017-09-07,2125.5,2147.5,2122.0,2130.550048828125,1934.7012939453125,229848.0,BRITANNIA.NS
2017-09-08,2140.5,2175.0,2134.675048828125,2144.125,1947.028076171875,278692.0,BRITANNIA.NS
2017-09-11,2145.0,2165.0,2145.0,2148.64990234375,1951.1370849609375,142188.0,BRITANNIA.NS
2017-09-12,2165.0,2169.25,2151.449951171875,2158.60009765625,1960.172607421875,226842.0,BRITANNIA.NS
2017-09-13,2162.5,2180.0,2140.0,2164.97509765625,1965.9615478515625,185576.0,BRITANNIA.NS
2017-09-14,2174.5,2174.5,2156.72509765625,2170.324951171875,1970.81982421875,189126.0,BRITANNIA.NS
2017-09-15,2172.5,2190.425048828125,2165.0,2178.5,1978.243408203125,279594.0,BRITANNIA.NS
2017-09-18,2189.949951171875,2204.5,2181.14990234375,2194.22509765625,1992.5225830078125,435432.0,BRITANNIA.NS
2017-09-19,2185.125,2197.5,2161.5,2185.10009765625,1984.236572265625,217864.0,BRITANNIA.NS
2017-09-20,2185.0,2193.47509765625,2170.625,2175.52490234375,1975.54150390625,94136.0,BRITANNIA.NS
2017-09-21,2187.0,2187.0,2153.02490234375,2164.050048828125,1965.1217041015625,160572.0,BRITANNIA.NS
2017-09-22,2152.449951171875,2172.85009765625,2127.02490234375,2135.14990234375,1938.8780517578125,385618.0,BRITANNIA.NS
2017-09-25,2116.300048828125,2159.22509765625,2116.300048828125,2140.550048828125,1943.7818603515625,267888.0,BRITANNIA.NS
2017-09-26,2140.64990234375,2170.0,2132.5,2163.0,1964.1680908203125,211236.0,BRITANNIA.NS
2017-09-27,2165.949951171875,2178.675048828125,2136.47509765625,2150.875,1953.1572265625,315854.0,BRITANNIA.NS
2017-09-28,2143.5,2187.5,2143.0,2169.85009765625,1970.3883056640625,352834.0,BRITANNIA.NS
2017-09-29,2172.5,2178.050048828125,2162.02490234375,2172.125,1972.4542236328125,312358.0,BRITANNIA.NS
2017-10-03,2207.5,2207.5,2165.0,2170.02490234375,1970.5472412109375,145814.0,BRITANNIA.NS
2017-10-04,2165.0,2199.0,2165.0,2170.925048828125,1971.36474609375,227520.0,BRITANNIA.NS
2017-10-05,2192.5,2192.5,2172.52490234375,2181.824951171875,1981.2625732421875,148214.0,BRITANNIA.NS
2017-10-06,2181.75,2185.0,2163.25,2180.925048828125,1980.445556640625,201946.0,BRITANNIA.NS
2017-10-09,2180.925048828125,2196.574951171875,2161.47509765625,2172.25,1972.567626953125,368164.0,BRITANNIA.NS
2017-10-10,2189.5,2195.199951171875,2167.0,2174.300048828125,1974.4293212890625,174918.0,BRITANNIA.NS
2017-10-11,2176.0,2199.5,2151.14990234375,2187.97509765625,1986.8475341796875,645590.0,BRITANNIA.NS
2017-10-12,2197.449951171875,2289.25,2194.52490234375,2272.22509765625,2063.352783203125,852122.0,BRITANNIA.NS
2017-10-13,2275.0,2328.0,2275.0,2291.10009765625,2080.49267578125,711828.0,BRITANNIA.NS
2017-10-16,2295.074951171875,2308.85009765625,2257.550048828125,2270.050048828125,2061.3779296875,222746.0,BRITANNIA.NS
2017-10-17,2265.0,2320.0,2265.0,2307.64990234375,2095.521240234375,212614.0,BRITANNIA.NS
2017-10-18,2310.5,2362.5,2302.52490234375,2342.925048828125,2127.553466796875,358176.0,BRITANNIA.NS
2017-10-19,2355.0,2362.5,2310.050048828125,2314.0,2101.28759765625,29398.0,BRITANNIA.NS
2017-10-23,2321.35009765625,2373.47509765625,2319.050048828125,2327.60009765625,2113.6376953125,242700.0,BRITANNIA.NS
2017-10-24,2344.0,2344.0,2301.02490234375,2312.925048828125,2100.3115234375,145054.0,BRITANNIA.NS
2017-10-25,2324.5,2329.949951171875,2287.5,2322.125,2108.66552734375,307034.0,BRITANNIA.NS
2017-10-26,2313.27490234375,2331.77490234375,2293.5,2302.324951171875,2090.685791015625,300778.0,BRITANNIA.NS
2017-10-27,2304.449951171875,2327.300048828125,2285.050048828125,2298.675048828125,2087.37158203125,187416.0,BRITANNIA.NS
2017-10-30,2300.0,2383.72509765625,2300.0,2372.949951171875,2154.818603515625,315004.0,BRITANNIA.NS
2017-10-31,2375.0,2385.0,2315.35009765625,2319.75,2106.50927734375,238030.0,BRITANNIA.NS
2017-11-01,2321.0,2372.77490234375,2321.0,2348.625,2132.729736328125,271256.0,BRITANNIA.NS
2017-11-02,2351.074951171875,2361.875,2292.39990234375,2329.324951171875,2115.203857421875,168102.0,BRITANNIA.NS
2017-11-03,2354.449951171875,2354.449951171875,2315.050048828125,2329.050048828125,2114.9541015625,115566.0,BRITANNIA.NS
2017-11-06,2326.10009765625,2350.22509765625,2310.074951171875,2321.52490234375,2108.120849609375,240006.0,BRITANNIA.NS
2017-11-07,2334.0,2371.0,2304.0,2324.5,2110.822509765625,408354.0,BRITANNIA.NS
2017-11-08,2334.5,2343.675048828125,2300.10009765625,2326.75,2112.865478515625,198650.0,BRITANNIA.NS
2017-11-09,2332.5,2399.89990234375,2326.800048828125,2378.97509765625,2160.2900390625,345826.0,BRITANNIA.NS
2017-11-10,2389.5,2458.89990234375,2370.5,2436.5,2212.52685546875,487212.0,BRITANNIA.NS
2017-11-13,2387.5,2463.300048828125,2343.77490234375,2441.14990234375,2216.749267578125,668372.0,BRITANNIA.NS
2017-11-14,2453.5,2457.574951171875,2388.14990234375,2394.175048828125,2174.0927734375,558680.0,BRITANNIA.NS
2017-11-15,2390.0,2412.5,2363.10009765625,2374.875,2156.566650390625,195022.0,BRITANNIA.NS
2017-11-16,2370.0,2408.02490234375,2364.0,2368.35009765625,2150.6416015625,258546.0,BRITANNIA.NS
2017-11-17,2384.5,2414.925048828125,2367.5,2375.02490234375,2156.70263671875,398036.0,BRITANNIA.NS
2017-11-20,2388.5,2399.5,2362.175048828125,2381.60009765625,2162.673583984375,318362.0,BRITANNIA.NS
2017-11-21,2385.0,2421.97509765625,2384.5,2408.449951171875,2187.055419921875,301546.0,BRITANNIA.NS
2017-11-22,2412.5,2418.22509765625,2374.0,2387.574951171875,2168.09912109375,242728.0,BRITANNIA.NS
2017-11-23,2390.72509765625,2405.0,2380.52490234375,2391.175048828125,2171.368408203125,143060.0,BRITANNIA.NS
2017-11-24,2393.02490234375,2397.27490234375,2354.27490234375,2371.0,2153.0478515625,291786.0,BRITANNIA.NS
2017-11-27,2384.5,2411.97509765625,2380.375,2398.449951171875,2177.974609375,388640.0,BRITANNIA.NS
2017-11-28,2406.0,2426.85009765625,2390.10009765625,2397.35009765625,2176.975830078125,302222.0,BRITANNIA.NS
2017-11-29,2410.0,2415.52490234375,2392.52490234375,2405.574951171875,2184.4443359375,305992.0,BRITANNIA.NS
2017-11-30,2407.0,2441.0,2345.050048828125,2407.800048828125,2186.465087890625,6269128.0,BRITANNIA.NS
2017-12-01,2420.52490234375,2432.5,2382.300048828125,2402.97509765625,2182.083740234375,331530.0,BRITANNIA.NS
2017-12-04,2382.5,2405.375,2375.0,2381.625,2162.6962890625,132580.0,BRITANNIA.NS
2017-12-05,2381.625,2405.300048828125,2367.64990234375,2380.925048828125,2162.060791015625,200320.0,BRITANNIA.NS
2017-12-06,2397.449951171875,2397.449951171875,2357.625,2380.22509765625,2161.4248046875,156706.0,BRITANNIA.NS
2017-12-07,2385.0,2475.0,2382.52490234375,2474.97509765625,2247.465087890625,279804.0,BRITANNIA.NS
2017-12-08,2474.97509765625,2481.949951171875,2418.0,2427.925048828125,2204.739990234375,233564.0,BRITANNIA.NS
2017-12-11,2435.050048828125,2474.5,2418.89990234375,2434.60009765625,2210.80126953125,202690.0,BRITANNIA.NS
2017-12-12,2438.0,2454.5,2413.0,2430.050048828125,2206.669677734375,131964.0,BRITANNIA.NS
2017-12-13,2430.0,2436.5,2397.60009765625,2407.425048828125,2186.12451171875,146554.0,BRITANNIA.NS
2017-12-14,2423.75,2423.75,2330.0,2347.425048828125,2131.639892578125,359052.0,BRITANNIA.NS
2017-12-15,2374.10009765625,2374.10009765625,2340.52490234375,2351.800048828125,2135.61279296875,255604.0,BRITANNIA.NS
2017-12-18,2355.324951171875,2355.324951171875,2299.199951171875,2349.75,2133.7509765625,373042.0,BRITANNIA.NS
2017-12-19,2357.5,2389.72509765625,2339.14990234375,2378.27490234375,2159.654052734375,548372.0,BRITANNIA.NS
2017-12-20,2385.0,2385.0,2357.5,2372.699951171875,2154.59130859375,263210.0,BRITANNIA.NS
2017-12-21,2365.074951171875,2375.0,2353.0,2366.35009765625,2148.8251953125,172134.0,BRITANNIA.NS
2017-12-22,2403.5,2412.47509765625,2367.5,2373.324951171875,2155.1591796875,569018.0,BRITANNIA.NS
2017-12-26,2387.5,2387.5,2363.14990234375,2372.800048828125,2154.6826171875,142748.0,BRITANNIA.NS
2017-12-27,2372.800048828125,2375.0,2361.925048828125,2367.574951171875,2149.937744140625,188500.0,BRITANNIA.NS
2017-12-28,2370.550048828125,2370.574951171875,2328.050048828125,2333.02490234375,2118.563720703125,395054.0,BRITANNIA.NS
2017-12-29,2333.02490234375,2364.47509765625,2333.0,2354.625,2138.177734375,263158.0,BRITANNIA.NS
2018-01-01,2375.0,2387.0,2357.60009765625,2369.125,2151.344970703125,112320.0,BRITANNIA.NS
2018-01-02,2369.125,2371.125,2322.0,2328.02490234375,2114.023193359375,176798.0,BRITANNIA.NS
2018-01-03,2329.5,2354.97509765625,2328.27490234375,2340.47509765625,2125.328857421875,166046.0,BRITANNIA.NS
2018-01-04,2329.5,2344.449951171875,2305.074951171875,2313.199951171875,2100.56103515625,334700.0,BRITANNIA.NS
2018-01-05,2331.0,2339.75,2307.175048828125,2322.050048828125,2108.597900390625,264116.0,BRITANNIA.NS
2018-01-08,2330.0,2355.5,2313.824951171875,2346.875,2131.140380859375,176830.0,BRITANNIA.NS
2018-01-09,2350.0,2356.675048828125,2312.425048828125,2320.97509765625,2107.62158203125,244280.0,BRITANNIA.NS
2018-01-10,2328.425048828125,2354.5,2315.75,2337.375,2122.513916015625,388758.0,BRITANNIA.NS
2018-01-11,2335.0,2374.5,2316.0,2360.77490234375,2143.7626953125,223456.0,BRITANNIA.NS
2018-01-12,2367.5,2384.5,2330.675048828125,2354.14990234375,2137.74658203125,257274.0,BRITANNIA.NS
2018-01-15,2354.14990234375,2393.0,2352.5,2359.925048828125,2142.990966796875,177464.0,BRITANNIA.NS
2018-01-16,2362.0,2386.5,2300.5,2338.675048828125,2123.694580078125,336198.0,BRITANNIA.NS
2018-01-17,2340.0,2376.5,2320.02490234375,2374.89990234375,2156.58935546875,205684.0,BRITANNIA.NS
2018-01-18,2379.85009765625,2389.39990234375,2303.0,2315.75,2102.87646484375,355846.0,BRITANNIA.NS
2018-01-19,2332.5,2346.39990234375,2315.0,2342.22509765625,2126.917724609375,131186.0,BRITANNIA.NS
2018-01-22,2337.5,2376.0,2335.0,2353.675048828125,2137.315185546875,161802.0,BRITANNIA.NS
2018-01-23,2342.5,2380.27490234375,2324.625,2368.22509765625,2150.52783203125,200710.0,BRITANNIA.NS
2018-01-24,2368.199951171875,2377.574951171875,2340.52490234375,2359.625,2142.71875,160134.0,BRITANNIA.NS
2018-01-25,2359.60009765625,2359.60009765625,2300.5,2312.800048828125,2100.197998046875,796634.0,BRITANNIA.NS
2018-01-29,2320.0,2355.0,2303.5,2346.050048828125,2130.39111328125,220442.0,BRITANNIA.NS
2018-01-30,2334.5,2370.02490234375,2320.10009765625,2352.800048828125,2136.52099609375,258332.0,BRITANNIA.NS
2018-01-31,2345.0,2356.199951171875,2323.60009765625,2342.074951171875,2126.781982421875,143774.0,BRITANNIA.NS
2018-02-01,2342.125,2380.85009765625,2327.925048828125,2370.25,2152.36669921875,297688.0,BRITANNIA.NS
2018-02-02,2337.75,2370.0,2288.5,2363.22509765625,2145.987548828125,374368.0,BRITANNIA.NS
2018-02-05,2349.5,2349.5,2280.0,2308.35009765625,2096.15673828125,354840.0,BRITANNIA.NS
2018-02-06,2250.0,2310.25,2200.0,2265.22509765625,2056.99658203125,274268.0,BRITANNIA.NS
2018-02-07,2307.449951171875,2312.5,2246.52490234375,2275.22509765625,2066.0771484375,256576.0,BRITANNIA.NS
2018-02-08,2274.925048828125,2327.0,2257.75,2314.0,2101.28759765625,199332.0,BRITANNIA.NS
2018-02-09,2263.02490234375,2339.89990234375,2263.02490234375,2320.574951171875,2107.258056640625,241482.0,BRITANNIA.NS
2018-02-12,2335.0,2395.0,2335.0,2386.25,2166.896240234375,429514.0,BRITANNIA.NS
2018-02-14,2432.5,2437.89990234375,2373.175048828125,2382.074951171875,2163.104736328125,699924.0,BRITANNIA.NS
2018-02-15,2393.89990234375,2408.175048828125,2350.77490234375,2377.875,2159.291015625,165652.0,BRITANNIA.NS
2018-02-16,2400.5,2405.0,2368.0,2390.97509765625,2171.1865234375,165568.0,BRITANNIA.NS
2018-02-19,2390.75,2390.75,2347.949951171875,2366.64990234375,2149.097900390625,89962.0,BRITANNIA.NS
2018-02-20,2364.0,2390.0,2362.5,2367.050048828125,2149.4609375,265356.0,BRITANNIA.NS
2018-02-21,2387.5,2393.449951171875,2369.800048828125,2384.875,2165.6474609375,246902.0,BRITANNIA.NS
2018-02-22,2387.0,2437.5,2375.675048828125,2427.925048828125,2204.739990234375,424906.0,BRITANNIA.NS
2018-02-23,2450.0,2489.5,2437.550048828125,2480.949951171875,2252.890625,305410.0,BRITANNIA.NS
2018-02-26,2482.800048828125,2499.0,2472.02490234375,2482.375,2254.1845703125,224702.0,BRITANNIA.NS
2018-02-27,2487.5,2532.89990234375,2455.25,2476.125,2248.50927734375,427034.0,BRITANNIA.NS
2018-02-28,2465.0,2504.64990234375,2448.64990234375,2497.125,2267.5791015625,180960.0,BRITANNIA.NS
2018-03-01,2492.5,2499.97509765625,2460.0,2471.925048828125,2244.69580078125,105070.0,BRITANNIA.NS
2018-03-05,2456.0,2469.72509765625,2445.699951171875,2451.22509765625,2225.898193359375,157468.0,BRITANNIA.NS
2018-03-06,2447.5,2467.449951171875,2393.52490234375,2412.60009765625,2190.823974609375,156356.0,BRITANNIA.NS
2018-03-07,2412.5,2457.5,2390.0,2442.35009765625,2217.839111328125,253844.0,BRITANNIA.NS
2018-03-08,2452.75,2458.75,2411.125,2424.199951171875,2201.357421875,268074.0,BRITANNIA.NS
2018-03-09,2434.5,2440.0,2412.125,2420.89990234375,2198.361083984375,377004.0,BRITANNIA.NS
2018-03-12,2437.5,2447.5,2410.375,2433.39990234375,2209.7119140625,146012.0,BRITANNIA.NS
2018-03-13,2430.27490234375,2447.5,2416.175048828125,2434.97509765625,2211.142333984375,218066.0,BRITANNIA.NS
2018-03-14,2425.125,2427.5,2403.0,2411.875,2190.165283203125,208792.0,BRITANNIA.NS
2018-03-15,2421.5,2448.0,2406.199951171875,2434.125,2210.369873046875,606398.0,BRITANNIA.NS
2018-03-16,2434.97509765625,2447.5,2420.0,2430.300048828125,2206.896484375,303842.0,BRITANNIA.NS
2018-03-19,2431.0,2434.97509765625,2401.5,2407.77490234375,2186.442626953125,223656.0,BRITANNIA.NS
2018-03-20,2410.0,2417.5,2403.0,2412.52490234375,2190.75537109375,323252.0,BRITANNIA.NS
2018-03-21,2410.0,2428.0,2410.0,2417.22509765625,2195.023681640625,404664.0,BRITANNIA.NS
2018-03-22,2427.5,2435.0,2410.25,2419.10009765625,2196.7265625,177046.0,BRITANNIA.NS
2018-03-23,2405.5,2435.0,2395.0,2419.824951171875,2197.384765625,273344.0,BRITANNIA.NS
2018-03-26,2420.02490234375,2435.0,2419.47509765625,2429.0,2205.716064453125,192504.0,BRITANNIA.NS
2018-03-27,2437.5,2492.875,2431.925048828125,2482.39990234375,2254.20751953125,485252.0,BRITANNIA.NS
2018-03-28,2482.39990234375,2502.0,2452.10009765625,2485.300048828125,2256.841064453125,526032.0,BRITANNIA.NS
2018-04-02,2499.0,2558.85009765625,2487.199951171875,2553.52490234375,2318.794189453125,291716.0,BRITANNIA.NS
2018-04-03,2559.0,2559.5,2522.300048828125,2549.89990234375,2315.50244140625,214838.0,BRITANNIA.NS
2018-04-04,2528.5,2542.39990234375,2495.5,2512.199951171875,2281.268310546875,268380.0,BRITANNIA.NS
2018-04-05,2512.5,2537.35009765625,2505.5,2533.925048828125,2300.99658203125,204054.0,BRITANNIA.NS
2018-04-06,2544.97509765625,2599.97509765625,2525.0,2589.125,2351.121826171875,272780.0,BRITANNIA.NS
2018-04-09,2591.0,2603.5,2568.27490234375,2581.449951171875,2344.15234375,125078.0,BRITANNIA.NS
2018-04-10,2582.0,2588.75,2530.0,2567.125,2331.14404296875,148514.0,BRITANNIA.NS
2018-04-11,2569.949951171875,2580.675048828125,2553.0,2567.675048828125,2331.643798828125,87602.0,BRITANNIA.NS
2018-04-12,2566.5,2601.5,2555.0,2581.425048828125,2344.130126953125,223378.0,BRITANNIA.NS
2018-04-13,2610.0,2618.074951171875,2579.300048828125,2604.449951171875,2365.038330078125,293690.0,BRITANNIA.NS
2018-04-16,2606.449951171875,2669.0,2592.925048828125,2656.175048828125,2412.00830078125,191334.0,BRITANNIA.NS
2018-04-17,2668.5,2710.22509765625,2657.125,2671.050048828125,2425.51611328125,392794.0,BRITANNIA.NS
2018-04-18,2684.0,2694.199951171875,2660.5,2680.824951171875,2434.392822265625,129790.0,BRITANNIA.NS
2018-04-19,2683.5,2709.625,2673.074951171875,2697.89990234375,2449.897705078125,129052.0,BRITANNIA.NS
2018-04-20,2698.0,2700.47509765625,2649.75,2661.175048828125,2416.548828125,88072.0,BRITANNIA.NS
2018-04-23,2675.0,2682.39990234375,2652.22509765625,2656.52490234375,2412.326171875,181690.0,BRITANNIA.NS
2018-04-24,2665.0,2671.550048828125,2625.550048828125,2648.60009765625,2405.130126953125,116198.0,BRITANNIA.NS
2018-04-25,2650.0,2726.25,2638.625,2687.64990234375,2440.58984375,190562.0,BRITANNIA.NS
2018-04-26,2690.0,2706.02490234375,2672.550048828125,2686.699951171875,2439.727294921875,184850.0,BRITANNIA.NS
2018-04-27,2695.0,2747.925048828125,2689.175048828125,2730.375,2479.387451171875,176864.0,BRITANNIA.NS
2018-04-30,2731.5,2768.22509765625,2730.0,2756.60009765625,2503.20166015625,129498.0,BRITANNIA.NS
2018-05-02,2772.5,2782.75,2704.39990234375,2712.52490234375,2463.17822265625,144158.0,BRITANNIA.NS
2018-05-03,2730.0,2730.0,2660.0,2668.550048828125,2423.24609375,152102.0,BRITANNIA.NS
2018-05-04,2675.0,2713.625,2650.5,2692.25,2444.76708984375,225300.0,BRITANNIA.NS
2018-05-07,2692.25,2750.02490234375,2692.25,2736.35009765625,2484.813232421875,151632.0,BRITANNIA.NS
2018-05-08,2745.0,2750.0,2691.625,2722.35009765625,2472.100341796875,107506.0,BRITANNIA.NS
2018-05-09,2709.5,2726.27490234375,2694.550048828125,2700.75,2452.486083984375,125672.0,BRITANNIA.NS
2018-05-10,2700.22509765625,2713.074951171875,2672.75,2693.22509765625,2445.65283203125,200292.0,BRITANNIA.NS
2018-05-11,2700.0,2746.199951171875,2700.0,2738.85009765625,2487.083740234375,124232.0,BRITANNIA.NS
2018-05-14,2755.0,2755.0,2706.60009765625,2732.050048828125,2480.908447265625,80048.0,BRITANNIA.NS
2018-05-15,2750.0,2753.85009765625,2708.14990234375,2727.39990234375,2476.68603515625,277736.0,BRITANNIA.NS
2018-05-16,2715.0,2792.5,2667.824951171875,2771.10009765625,2516.369384765625,478002.0,BRITANNIA.NS
2018-05-17,2775.0,2785.0,2720.52490234375,2738.375,2486.65234375,266524.0,BRITANNIA.NS
2018-05-18,2754.5,2820.0,2740.125,2798.52490234375,2541.27294921875,306418.0,BRITANNIA.NS
2018-05-21,2803.5,2835.5,2739.449951171875,2760.800048828125,2507.015869140625,222480.0,BRITANNIA.NS
2018-05-22,2774.72509765625,2815.0,2760.14990234375,2802.199951171875,2544.610107421875,223362.0,BRITANNIA.NS
2018-05-23,2810.0,2867.5,2800.0,2857.85009765625,2595.144287109375,389010.0,BRITANNIA.NS
2018-05-24,2851.675048828125,2895.949951171875,2841.0,2859.10009765625,2596.280029296875,263790.0,BRITANNIA.NS
2018-05-25,2860.0,2925.0,2853.02490234375,2913.75,2645.90576171875,234922.0,BRITANNIA.NS
2018-05-28,2939.375,2939.375,2896.5,2921.47509765625,2652.921142578125,136482.0,BRITANNIA.NS
2018-05-29,2927.35009765625,2934.0,2889.125,2902.550048828125,2635.735595703125,169824.0,BRITANNIA.NS
2018-05-30,2876.699951171875,2909.77490234375,2868.0,2894.925048828125,2628.811767578125,220698.0,BRITANNIA.NS
2018-05-31,2900.0,3007.89990234375,2880.0,2961.97509765625,2689.697998046875,620770.0,BRITANNIA.NS
2018-06-01,2987.0,2987.0,2897.10009765625,2906.22509765625,2639.07275390625,244766.0,BRITANNIA.NS
2018-06-04,2918.699951171875,2932.02490234375,2855.300048828125,2883.10009765625,2618.07373046875,234986.0,BRITANNIA.NS
2018-06-05,2877.77490234375,2920.0,2877.77490234375,2905.89990234375,2638.777587890625,146208.0,BRITANNIA.NS
2018-06-06,2902.5,2944.5,2902.5,2938.47509765625,2668.358642578125,137324.0,BRITANNIA.NS
2018-06-07,2955.0,3008.5,2944.050048828125,2996.64990234375,2721.185302734375,244240.0,BRITANNIA.NS
2018-06-08,3008.0,3008.0,2944.02490234375,2958.824951171875,2686.83740234375,176896.0,BRITANNIA.NS
2018-06-11,2963.5,2982.125,2950.5,2955.22509765625,2683.568603515625,138474.0,BRITANNIA.NS
2018-06-12,2955.22509765625,2977.5,2930.27490234375,2973.300048828125,2699.982177734375,90798.0,BRITANNIA.NS
2018-06-13,2967.550048828125,3040.0,2967.550048828125,3008.574951171875,2732.014404296875,198276.0,BRITANNIA.NS
2018-06-14,3023.5,3023.5,2985.5,3000.875,2725.022216796875,153536.0,BRITANNIA.NS
2018-06-15,3007.5,3089.72509765625,2997.64990234375,3068.300048828125,2786.249267578125,358540.0,BRITANNIA.NS
2018-06-18,3066.85009765625,3066.85009765625,3029.949951171875,3037.0,2757.826416015625,234716.0,BRITANNIA.NS
2018-06-19,3030.0,3041.47509765625,2961.02490234375,2988.27490234375,2713.580078125,190784.0,BRITANNIA.NS
2018-06-20,2999.199951171875,3027.75,2985.0,2997.77490234375,2722.206787109375,259288.0,BRITANNIA.NS
2018-06-21,3000.0,3014.97509765625,2975.0,2981.35009765625,2707.2919921875,151972.0,BRITANNIA.NS
2018-06-22,2984.449951171875,2999.0,2947.52490234375,2979.72509765625,2705.816650390625,184020.0,BRITANNIA.NS
2018-06-25,2987.0,3024.949951171875,2980.0,2988.699951171875,2713.966552734375,129686.0,BRITANNIA.NS
2018-06-26,3003.0,3040.89990234375,2981.5,3025.050048828125,2746.97509765625,225122.0,BRITANNIA.NS
2018-06-27,3043.0,3064.5,3024.0,3043.800048828125,2764.00146484375,273890.0,BRITANNIA.NS
2018-06-28,3062.0,3074.0,3027.77490234375,3064.77490234375,2783.048095703125,256268.0,BRITANNIA.NS
2018-06-29,3075.0,3128.97509765625,3056.14990234375,3106.875,2821.27783203125,315222.0,BRITANNIA.NS
2018-07-02,3113.5,3133.97509765625,3085.074951171875,3116.47509765625,2829.99609375,160600.0,BRITANNIA.NS
2018-07-03,3129.800048828125,3129.800048828125,3093.02490234375,3108.27490234375,2822.54931640625,187682.0,BRITANNIA.NS
2018-07-04,3105.02490234375,3159.550048828125,3105.02490234375,3149.875,2860.325927734375,197908.0,BRITANNIA.NS
2018-07-05,3174.5,3184.5,3147.10009765625,3153.64990234375,2863.753173828125,144032.0,BRITANNIA.NS
2018-07-06,3145.0,3179.75,3140.5,3154.949951171875,2864.93408203125,234676.0,BRITANNIA.NS
2018-07-09,3155.5,3203.574951171875,3150.0,3191.425048828125,2898.055908203125,123170.0,BRITANNIA.NS
2018-07-10,3205.0,3212.52490234375,3185.125,3194.85009765625,2901.166015625,183948.0,BRITANNIA.NS
2018-07-11,3204.0,3204.47509765625,3154.0,3178.875,2886.65966796875,294276.0,BRITANNIA.NS
2018-07-12,3199.97509765625,3215.60009765625,3161.125,3202.824951171875,2908.40771484375,287710.0,BRITANNIA.NS
2018-07-13,3195.0,3250.0,3195.0,3237.550048828125,2939.94140625,220690.0,BRITANNIA.NS
2018-07-16,3250.0,3283.5,3249.97509765625,3266.35009765625,2966.093994140625,172274.0,BRITANNIA.NS
2018-07-17,3272.5,3287.10009765625,3207.27490234375,3213.449951171875,2918.05615234375,217354.0,BRITANNIA.NS
2018-07-18,3225.5,3237.52490234375,3155.0,3182.89990234375,2890.314453125,214518.0,BRITANNIA.NS
2018-07-19,3182.5,3198.199951171875,3141.625,3186.14990234375,2893.265869140625,197248.0,BRITANNIA.NS
2018-07-20,3188.0,3217.35009765625,3155.5,3179.074951171875,2886.84130859375,193864.0,BRITANNIA.NS
2018-07-23,3200.0,3236.199951171875,3182.5,3217.97509765625,2922.16552734375,169912.0,BRITANNIA.NS
2018-07-24,3232.5,3247.5,3199.0,3233.22509765625,2936.013671875,158028.0,BRITANNIA.NS
2018-07-25,3249.5,3262.0,3215.0,3222.0,2925.820556640625,108572.0,BRITANNIA.NS
2018-07-26,3244.5,3247.27490234375,3207.27490234375,3225.14990234375,2928.6806640625,215952.0,BRITANNIA.NS
2018-07-27,3222.0,3250.0,3185.0,3192.60009765625,2910.4033203125,139908.0,BRITANNIA.NS
2018-07-30,3212.5,3212.5,3102.824951171875,3165.72509765625,2885.90380859375,387246.0,BRITANNIA.NS
2018-07-31,3189.949951171875,3280.0,3145.72509765625,3271.10009765625,2981.964599609375,344678.0,BRITANNIA.NS
2018-08-01,3290.0,3312.5,3212.47509765625,3244.925048828125,2958.10302734375,307076.0,BRITANNIA.NS
2018-08-02,3240.0,3274.5,3219.52490234375,3228.699951171875,2943.31201171875,232300.0,BRITANNIA.NS
2018-08-03,3260.0,3261.0,3184.10009765625,3196.35009765625,2913.821533203125,344500.0,BRITANNIA.NS
2018-08-06,3220.0,3244.0,3132.425048828125,3163.35009765625,2883.73876953125,1199318.0,BRITANNIA.NS
2018-08-07,3167.0,3183.27490234375,3085.0,3100.199951171875,2826.170654296875,699322.0,BRITANNIA.NS
2018-08-08,3115.800048828125,3158.5,3108.02490234375,3150.699951171875,2872.206787109375,383192.0,BRITANNIA.NS
2018-08-09,3160.0,3179.27490234375,3140.27490234375,3167.699951171875,2887.70361328125,261426.0,BRITANNIA.NS
2018-08-10,3181.5,3181.5,3140.550048828125,3171.875,2891.510009765625,218272.0,BRITANNIA.NS
2018-08-13,3171.5,3225.5,3156.5,3215.324951171875,2931.119140625,324370.0,BRITANNIA.NS
2018-08-14,3225.0,3247.199951171875,3212.27490234375,3229.75,2944.269287109375,336188.0,BRITANNIA.NS
2018-08-16,3234.5,3260.0,3213.050048828125,3247.074951171875,2960.06298828125,295894.0,BRITANNIA.NS
2018-08-17,3259.64990234375,3320.22509765625,3239.60009765625,3314.949951171875,3021.9384765625,403128.0,BRITANNIA.NS
2018-08-20,3334.5,3393.39990234375,3325.0,3385.699951171875,3086.4345703125,289424.0,BRITANNIA.NS
2018-08-21,3397.5,3457.10009765625,3355.02490234375,3428.72509765625,3125.65673828125,440782.0,BRITANNIA.NS
2018-08-23,3459.0,3467.175048828125,3415.85009765625,3450.074951171875,3145.11962890625,325100.0,BRITANNIA.NS
2018-08-24,3445.0,3445.0,3382.5,3386.72509765625,3087.369384765625,275836.0,BRITANNIA.NS
2018-08-27,3393.300048828125,3430.0,3390.75,3402.47509765625,3101.72705078125,130788.0,BRITANNIA.NS
2018-08-28,3421.949951171875,3429.22509765625,3409.5,3422.824951171875,3120.2783203125,155306.0,BRITANNIA.NS
2018-08-29,3425.5,3425.5,3363.10009765625,3367.89990234375,3070.2080078125,189950.0,BRITANNIA.NS
2018-08-30,3367.89990234375,3388.0,3282.60009765625,3345.0,3049.332275390625,300922.0,BRITANNIA.NS
2018-08-31,3345.300048828125,3390.0,3325.02490234375,3368.375,3070.641357421875,219378.0,BRITANNIA.NS
2018-09-03,3395.0,3407.47509765625,3266.0,3282.925048828125,2992.744384765625,170104.0,BRITANNIA.NS
2018-09-04,3268.199951171875,3304.324951171875,3149.85009765625,3172.02490234375,2891.646728515625,408846.0,BRITANNIA.NS
2018-09-05,3134.0,3159.875,3025.0,3092.5,2819.151123046875,746628.0,BRITANNIA.NS
2018-09-06,3099.97509765625,3159.47509765625,3060.574951171875,3097.22509765625,2823.45849609375,365564.0,BRITANNIA.NS
2018-09-07,3120.449951171875,3137.199951171875,3087.89990234375,3114.550048828125,2839.252197265625,173558.0,BRITANNIA.NS
2018-09-10,3120.0,3122.5,3042.5,3047.0,2777.6728515625,171172.0,BRITANNIA.NS
2018-09-11,3051.300048828125,3055.27490234375,2960.074951171875,2970.02490234375,2707.501708984375,424094.0,BRITANNIA.NS
2018-09-12,2990.0,3030.0,2955.175048828125,3007.75,2741.89208984375,439116.0,BRITANNIA.NS
2018-09-14,3034.5,3075.0,3000.0,3056.14990234375,2786.014404296875,522686.0,BRITANNIA.NS
2018-09-17,3054.0,3054.0,2988.27490234375,3010.875,2744.7412109375,295048.0,BRITANNIA.NS
2018-09-18,3011.25,3077.699951171875,3001.22509765625,3033.199951171875,2765.092529296875,475678.0,BRITANNIA.NS
2018-09-19,3064.0,3064.0,2965.0,2979.949951171875,2716.549560546875,266474.0,BRITANNIA.NS
2018-09-21,2987.550048828125,3002.47509765625,2685.02490234375,2895.375,2639.4501953125,741492.0,BRITANNIA.NS
2018-09-24,2918.75,2918.75,2781.25,2801.0,2553.4169921875,391462.0,BRITANNIA.NS
2018-09-25,2812.5,2905.64990234375,2741.02490234375,2886.925048828125,2631.7470703125,468202.0,BRITANNIA.NS
2018-09-26,2935.0,2937.5,2825.0,2840.949951171875,2589.835693359375,381034.0,BRITANNIA.NS
2018-09-27,2842.5,2883.0,2812.5,2849.89990234375,2597.994873046875,464964.0,BRITANNIA.NS
2018-09-28,2897.0,2945.0,2767.10009765625,2911.75,2654.377685546875,886018.0,BRITANNIA.NS
2018-10-01,2930.0,2940.0,2850.5,2921.77490234375,2663.5166015625,345992.0,BRITANNIA.NS
2018-10-03,2912.0,2917.324951171875,2851.0,2869.699951171875,2616.04443359375,267012.0,BRITANNIA.NS
2018-10-04,2849.0,2849.0,2775.199951171875,2812.675048828125,2564.06005859375,637498.0,BRITANNIA.NS
2018-10-05,2807.5,2807.5,2690.074951171875,2723.85009765625,2483.086669921875,518324.0,BRITANNIA.NS
2018-10-08,2694.5,2784.949951171875,2673.574951171875,2771.75,2526.75244140625,459540.0,BRITANNIA.NS
2018-10-09,2824.0,2839.449951171875,2723.074951171875,2755.625,2512.052734375,638166.0,BRITANNIA.NS
2018-10-10,2737.5,2875.0,2732.02490234375,2854.25,2601.960205078125,274440.0,BRITANNIA.NS
2018-10-11,2762.5,2831.22509765625,2745.300048828125,2785.10009765625,2538.922607421875,274782.0,BRITANNIA.NS
2018-10-12,2834.72509765625,2894.5,2810.64990234375,2878.75,2624.294677734375,435472.0,BRITANNIA.NS
2018-10-15,2892.0,2892.47509765625,2810.0,2835.800048828125,2585.14111328125,388950.0,BRITANNIA.NS
2018-10-16,2855.72509765625,2885.0,2810.0,2850.25,2598.313720703125,196318.0,BRITANNIA.NS
2018-10-17,2879.5,2888.824951171875,2752.550048828125,2770.52490234375,2525.6357421875,378956.0,BRITANNIA.NS
2018-10-19,2774.0,2797.0,2737.5,2781.75,2535.86865234375,341554.0,BRITANNIA.NS
2018-10-22,2808.5,2811.25,2775.5,2790.074951171875,2543.45751953125,190686.0,BRITANNIA.NS
2018-10-23,2784.5,2800.550048828125,2726.125,2742.27490234375,2499.882568359375,384402.0,BRITANNIA.NS
2018-10-24,2762.75,2792.0,2655.0,2680.074951171875,2443.1806640625,484590.0,BRITANNIA.NS
2018-10-25,2655.0,2704.800048828125,2628.0,2654.64990234375,2420.002685546875,496216.0,BRITANNIA.NS
2018-10-26,2669.72509765625,2694.5,2628.60009765625,2660.25,2425.10791015625,267434.0,BRITANNIA.NS
2018-10-29,2658.89990234375,2724.5,2651.324951171875,2699.125,2460.546630859375,188156.0,BRITANNIA.NS
2018-10-30,2710.0,2733.5,2687.699951171875,2723.949951171875,2483.177734375,269272.0,BRITANNIA.NS
2018-10-31,2733.5,2833.02490234375,2719.52490234375,2822.050048828125,2572.6064453125,424200.0,BRITANNIA.NS
2018-11-01,2840.0,2858.925048828125,2782.5,2791.52490234375,2544.779541015625,251860.0,BRITANNIA.NS
2018-11-02,2810.5,2862.5,2790.0,2800.5,2552.96142578125,253576.0,BRITANNIA.NS
2018-11-05,2807.0,2865.72509765625,2805.5,2857.25,2604.695068359375,183000.0,BRITANNIA.NS
2018-11-06,2862.25,2899.5,2825.60009765625,2860.625,2607.771484375,230172.0,BRITANNIA.NS
2018-11-07,2860.625,2860.625,2860.625,2860.625,2607.771484375,0.0,BRITANNIA.NS
2018-11-09,2917.0,2944.5,2850.5,2873.22509765625,2619.258056640625,442248.0,BRITANNIA.NS
2018-11-12,2883.75,2911.199951171875,2791.699951171875,2878.77490234375,2624.317138671875,697690.0,BRITANNIA.NS
2018-11-13,2890.0,2920.0,2828.0,2906.27490234375,2649.386962890625,361806.0,BRITANNIA.NS
2018-11-14,2930.0,2931.5,2865.800048828125,2885.375,2630.333984375,309186.0,BRITANNIA.NS
2018-11-15,2897.0,2914.0,2866.02490234375,2909.074951171875,2651.939453125,122506.0,BRITANNIA.NS
2018-11-16,2916.5,2995.0,2895.0,2973.824951171875,2710.9658203125,451886.0,BRITANNIA.NS
2018-11-19,2995.0,3012.0,2970.0,2994.77490234375,2730.06396484375,368136.0,BRITANNIA.NS
2018-11-20,2985.0,3002.949951171875,2920.425048828125,2944.35009765625,2684.096435546875,216502.0,BRITANNIA.NS
2018-11-21,2955.0,3012.5,2955.0,3002.324951171875,2736.94677734375,395944.0,BRITANNIA.NS
2018-11-22,3005.0,3030.199951171875,2990.0,3004.35009765625,2738.792724609375,349046.0,BRITANNIA.NS
2018-11-26,3019.0,3029.449951171875,2975.5,3004.02490234375,2738.496337890625,348208.0,BRITANNIA.NS
2018-11-27,3009.949951171875,3040.0,2983.0,3017.52490234375,2750.802978515625,430868.0,BRITANNIA.NS
2018-11-28,3035.0,3035.0,2975.25,2980.875,2717.392578125,248828.0,BRITANNIA.NS
2018-11-29,3016.0,3045.0,2985.0,3032.35009765625,2764.317626953125,414182.0,BRITANNIA.NS
2018-11-30,3040.89990234375,3197.0,3040.800048828125,3169.75,2889.572509765625,954568.0,BRITANNIA.NS
2018-12-03,3175.0,3188.89990234375,3081.35009765625,3094.5,2820.974365234375,311813.0,BRITANNIA.NS
2018-12-04,3100.199951171875,3128.75,3056.10009765625,3093.10009765625,2819.6982421875,329006.0,BRITANNIA.NS
2018-12-05,3090.0,3109.39990234375,3065.050048828125,3093.0,2819.606689453125,205221.0,BRITANNIA.NS
2018-12-06,3078.89990234375,3078.89990234375,2980.0,2986.35009765625,2722.3837890625,302116.0,BRITANNIA.NS
2018-12-07,2986.35009765625,3013.85009765625,2950.0,3005.35009765625,2739.7041015625,155500.0,BRITANNIA.NS
2018-12-10,2984.949951171875,3000.0,2930.0,2980.64990234375,2717.1875,197626.0,BRITANNIA.NS
2018-12-11,2970.0,3009.89990234375,2940.0,2997.199951171875,2732.27490234375,198219.0,BRITANNIA.NS
2018-12-12,3001.800048828125,3074.0,3000.25,3056.5,2786.3330078125,261560.0,BRITANNIA.NS
2018-12-13,3088.0,3157.949951171875,3083.14990234375,3143.199951171875,2865.369873046875,401085.0,BRITANNIA.NS
2018-12-14,3139.699951171875,3171.10009765625,3097.449951171875,3135.75,2858.578369140625,187229.0,BRITANNIA.NS
2018-12-17,3159.75,3170.0,3114.0,3163.199951171875,2883.6015625,228526.0,BRITANNIA.NS
2018-12-18,3157.0,3183.0,3130.0,3168.699951171875,2888.615478515625,230834.0,BRITANNIA.NS
2018-12-19,3179.89990234375,3245.0,3170.0,3228.85009765625,2943.44873046875,425672.0,BRITANNIA.NS
2018-12-20,3207.699951171875,3234.75,3160.14990234375,3170.85009765625,2890.57568359375,205790.0,BRITANNIA.NS
2018-12-21,3199.0,3200.0,3107.10009765625,3119.800048828125,2844.037841796875,359201.0,BRITANNIA.NS
2018-12-24,3120.5,3157.0,3082.14990234375,3100.550048828125,2826.489501953125,245822.0,BRITANNIA.NS
2018-12-26,3086.39990234375,3114.0,3041.0,3088.949951171875,2815.914794921875,159442.0,BRITANNIA.NS
2018-12-27,3110.0,3124.949951171875,3062.0,3075.39990234375,2803.5625,240314.0,BRITANNIA.NS
2018-12-28,3083.0,3114.35009765625,3080.949951171875,3098.5,2824.620361328125,169577.0,BRITANNIA.NS
2018-12-31,3105.14990234375,3120.0,3083.0,3115.39990234375,2840.02685546875,184698.0,BRITANNIA.NS
2019-01-01,3120.0,3128.89990234375,3080.0,3103.050048828125,2828.768310546875,140863.0,BRITANNIA.NS
2019-01-02,3100.0,3131.0,3081.199951171875,3116.85009765625,2841.348876953125,152324.0,BRITANNIA.NS
2019-01-03,3116.85009765625,3177.0,3097.39990234375,3135.89990234375,2858.71484375,311498.0,BRITANNIA.NS
2019-01-04,3137.949951171875,3159.199951171875,3105.550048828125,3122.699951171875,2846.681640625,170818.0,BRITANNIA.NS
2019-01-07,3137.10009765625,3155.0,3125.0,3143.800048828125,2865.9169921875,152966.0,BRITANNIA.NS
2019-01-08,3155.0,3155.0,3080.0,3089.550048828125,2816.4619140625,217274.0,BRITANNIA.NS
2019-01-09,3114.0,3119.85009765625,3081.0,3092.64990234375,2819.28759765625,257227.0,BRITANNIA.NS
2019-01-10,3100.0,3100.0,3073.0,3088.949951171875,2815.914794921875,229690.0,BRITANNIA.NS
2019-01-11,3090.0,3116.75,3079.60009765625,3096.85009765625,2823.11669921875,353709.0,BRITANNIA.NS
2019-01-14,3102.0,3124.0,3063.0,3113.64990234375,2838.431640625,154975.0,BRITANNIA.NS
2019-01-15,3120.14990234375,3199.89990234375,3095.0,3183.89990234375,2902.471923828125,278642.0,BRITANNIA.NS
2019-01-16,3184.0,3204.89990234375,3145.0,3175.75,2895.04248046875,182044.0,BRITANNIA.NS
2019-01-17,3181.0,3212.0,3175.050048828125,3207.10009765625,2923.62158203125,154540.0,BRITANNIA.NS
2019-01-18,3214.85009765625,3217.35009765625,3134.25,3171.35009765625,2891.03125,161433.0,BRITANNIA.NS
2019-01-21,3170.0,3198.550048828125,3136.5,3148.39990234375,2870.10986328125,174710.0,BRITANNIA.NS
2019-01-22,3150.0,3174.949951171875,3130.14990234375,3153.64990234375,2874.895751953125,156085.0,BRITANNIA.NS
2019-01-23,3177.0,3229.0,3161.050048828125,3203.85009765625,2920.6591796875,286992.0,BRITANNIA.NS
2019-01-24,3217.0,3225.0,3190.550048828125,3216.85009765625,2932.510009765625,148520.0,BRITANNIA.NS
2019-01-25,3221.0,3270.0,3193.050048828125,3206.64990234375,2923.211181640625,325166.0,BRITANNIA.NS
2019-01-28,3210.5,3222.0,3131.0,3203.449951171875,2920.2939453125,216799.0,BRITANNIA.NS
2019-01-29,3197.0,3197.0,3152.5,3180.050048828125,2898.96240234375,179979.0,BRITANNIA.NS
2019-01-30,3197.0,3222.0,3180.10009765625,3208.800048828125,2925.17138671875,116521.0,BRITANNIA.NS
2019-01-31,3231.949951171875,3231.949951171875,3189.199951171875,3197.699951171875,2915.052490234375,255273.0,BRITANNIA.NS
2019-02-01,3201.0,3286.0,3201.0,3251.0,2963.64111328125,387188.0,BRITANNIA.NS
2019-02-04,3251.35009765625,3280.39990234375,3228.199951171875,3266.0,2977.315185546875,140277.0,BRITANNIA.NS
2019-02-05,3278.0,3316.0,3150.10009765625,3167.050048828125,2887.111572265625,503959.0,BRITANNIA.NS
2019-02-06,3188.5,3199.949951171875,3105.050048828125,3181.39990234375,2900.193115234375,313476.0,BRITANNIA.NS
2019-02-07,3210.0,3230.0,3174.10009765625,3214.10009765625,2930.0029296875,374133.0,BRITANNIA.NS
2019-02-08,3138.5,3210.0,3095.0,3110.0,2835.104248046875,640983.0,BRITANNIA.NS
2019-02-11,3120.0,3132.300048828125,3055.300048828125,3107.550048828125,2832.87060546875,265355.0,BRITANNIA.NS
2019-02-12,3105.0,3107.0,3001.0,3008.60009765625,2742.667236328125,515301.0,BRITANNIA.NS
2019-02-14,2915.0,2949.0,2900.0,2924.60009765625,2666.092041015625,288540.0,BRITANNIA.NS
2019-02-15,2945.0,2945.0,2846.0,2858.35009765625,2605.6982421875,374811.0,BRITANNIA.NS
2019-02-18,2860.0,2939.0,2759.0,2911.699951171875,2654.33203125,700981.0,BRITANNIA.NS
2019-02-19,2910.199951171875,2975.949951171875,2851.0,2873.550048828125,2619.55419921875,484180.0,BRITANNIA.NS
2019-02-20,2884.0,2930.0,2884.0,2922.300048828125,2663.99560546875,271061.0,BRITANNIA.NS
2019-02-21,2943.949951171875,3018.0,2935.0,3001.60009765625,2736.285888671875,724297.0,BRITANNIA.NS
2019-02-22,3008.0,3057.300048828125,2972.699951171875,3012.800048828125,2746.49560546875,313430.0,BRITANNIA.NS
2019-02-25,3013.199951171875,3077.0,2982.0,3048.199951171875,2778.766845703125,336072.0,BRITANNIA.NS
2019-02-26,3056.0,3092.949951171875,3018.25,3073.5,2801.830322265625,568492.0,BRITANNIA.NS
2019-02-27,3080.0,3108.949951171875,3023.35009765625,3058.60009765625,2788.24755859375,393442.0,BRITANNIA.NS
2019-02-28,3071.0,3098.60009765625,3032.89990234375,3056.89990234375,2786.69775390625,447041.0,BRITANNIA.NS
2019-03-01,3083.0,3090.35009765625,3062.300048828125,3077.25,2805.249267578125,217420.0,BRITANNIA.NS
2019-03-05,3065.199951171875,3100.25,3060.0,3068.85009765625,2797.591796875,246280.0,BRITANNIA.NS
2019-03-06,3086.949951171875,3086.949951171875,3009.0,3026.85009765625,2759.303955078125,383038.0,BRITANNIA.NS
2019-03-07,3045.0,3069.0,3028.699951171875,3043.85009765625,2774.80126953125,254411.0,BRITANNIA.NS
2019-03-08,3041.0,3079.5,3021.0,3071.199951171875,2799.733642578125,190651.0,BRITANNIA.NS
2019-03-11,3086.0,3139.5,3066.5,3133.449951171875,2856.4814453125,336189.0,BRITANNIA.NS
2019-03-12,3165.89990234375,3178.800048828125,3120.89990234375,3135.14990234375,2858.03125,413123.0,BRITANNIA.NS
2019-03-13,3136.0,3150.0,3093.89990234375,3126.949951171875,2850.55615234375,298030.0,BRITANNIA.NS
2019-03-14,3135.0,3170.0,3116.0,3149.39990234375,2871.021728515625,293230.0,BRITANNIA.NS
2019-03-15,3160.0,3169.0,3054.699951171875,3066.550048828125,2795.49462890625,403251.0,BRITANNIA.NS
2019-03-18,3090.0,3134.89990234375,3060.10009765625,3123.35009765625,2847.2744140625,238905.0,BRITANNIA.NS
2019-03-19,3128.0,3138.85009765625,3084.0,3125.39990234375,2849.142822265625,184380.0,BRITANNIA.NS
2019-03-20,3126.800048828125,3135.0,3079.39990234375,3088.10009765625,2815.14013671875,257001.0,BRITANNIA.NS
2019-03-22,3094.0,3117.89990234375,3088.0,3098.60009765625,2824.711669921875,197654.0,BRITANNIA.NS
2019-03-25,3074.75,3099.0,3061.10009765625,3090.75,2817.5556640625,224948.0,BRITANNIA.NS
2019-03-26,3100.0,3132.0,3060.0,3099.14990234375,2825.213134765625,340645.0,BRITANNIA.NS
2019-03-27,3117.0,3117.0,3078.0,3096.89990234375,2823.162353515625,360838.0,BRITANNIA.NS
2019-03-28,3092.0,3118.5,3028.0,3096.550048828125,2822.84326171875,3470524.0,BRITANNIA.NS
2019-04-01,3104.949951171875,3109.0,3044.0,3049.85009765625,2780.27099609375,497409.0,BRITANNIA.NS
2019-04-02,3056.0,3059.60009765625,2980.39990234375,2994.199951171875,2729.539794921875,378147.0,BRITANNIA.NS
2019-04-03,2990.0,3013.5,2955.199951171875,2990.10009765625,2725.80224609375,439719.0,BRITANNIA.NS
2019-04-04,3001.949951171875,3055.0,2984.14990234375,3041.800048828125,2772.9326171875,464430.0,BRITANNIA.NS
2019-04-05,3048.0,3051.050048828125,2985.75,2994.050048828125,2729.4033203125,387504.0,BRITANNIA.NS
2019-04-08,3000.0,3013.949951171875,2964.5,2971.5,2708.846435546875,293053.0,BRITANNIA.NS
2019-04-09,2973.10009765625,2988.75,2942.5,2962.89990234375,2701.006591796875,350181.0,BRITANNIA.NS
2019-04-10,2969.89990234375,2995.0,2951.300048828125,2958.800048828125,2697.26904296875,377556.0,BRITANNIA.NS
2019-04-11,2964.0,2974.050048828125,2940.0,2946.050048828125,2685.64599609375,276801.0,BRITANNIA.NS
2019-04-12,2952.0,2990.0,2944.0,2984.300048828125,2720.514892578125,261483.0,BRITANNIA.NS
2019-04-15,2998.0,3008.0,2972.0,2998.449951171875,2733.4140625,221766.0,BRITANNIA.NS
2019-04-16,3000.0,3030.0,2998.0,3020.5,2753.515380859375,258557.0,BRITANNIA.NS
2019-04-18,3029.85009765625,3029.85009765625,2988.14990234375,2997.75,2732.776123046875,155314.0,BRITANNIA.NS
2019-04-22,2989.0,3014.0,2971.0,3000.14990234375,2734.964111328125,150447.0,BRITANNIA.NS
2019-04-23,3002.0,3013.949951171875,2986.35009765625,2991.0,2726.623046875,138140.0,BRITANNIA.NS
2019-04-24,2988.0,2997.550048828125,2952.050048828125,2978.199951171875,2714.9541015625,222279.0,BRITANNIA.NS
2019-04-25,2988.0,2999.0,2962.64990234375,2969.25,2706.795166015625,163138.0,BRITANNIA.NS
2019-04-26,2990.0,2990.0,2955.0,2967.699951171875,2705.3818359375,121340.0,BRITANNIA.NS
2019-04-30,2970.0,2974.89990234375,2876.050048828125,2896.050048828125,2640.0654296875,458803.0,BRITANNIA.NS
2019-05-02,2927.0,2959.949951171875,2772.0,2783.050048828125,2537.053955078125,1439763.0,BRITANNIA.NS
2019-05-03,2782.949951171875,2803.85009765625,2690.0,2696.14990234375,2457.834228515625,1857697.0,BRITANNIA.NS
2019-05-06,2699.0,2699.0,2654.449951171875,2666.0,2430.35009765625,764919.0,BRITANNIA.NS
2019-05-07,2683.0,2720.5,2644.699951171875,2650.550048828125,2416.265380859375,1182277.0,BRITANNIA.NS
2019-05-08,2656.60009765625,2667.10009765625,2615.85009765625,2649.5,2415.308349609375,723429.0,BRITANNIA.NS
2019-05-09,2637.0,2689.800048828125,2637.0,2672.39990234375,2436.183837890625,457843.0,BRITANNIA.NS
2019-05-10,2680.0,2725.0,2673.0,2688.550048828125,2450.90625,471289.0,BRITANNIA.NS
2019-05-13,2695.0,2707.60009765625,2668.550048828125,2676.550048828125,2439.967529296875,332869.0,BRITANNIA.NS
2019-05-14,2675.89990234375,2723.0,2658.050048828125,2697.60009765625,2459.15673828125,403041.0,BRITANNIA.NS
2019-05-15,2700.0,2709.949951171875,2660.0,2687.75,2450.177490234375,322361.0,BRITANNIA.NS
2019-05-16,2699.800048828125,2737.0,2677.800048828125,2716.199951171875,2476.11279296875,307180.0,BRITANNIA.NS
2019-05-17,2719.85009765625,2785.10009765625,2710.0,2779.25,2533.589599609375,533790.0,BRITANNIA.NS
2019-05-20,2839.0,2840.0,2781.0,2801.199951171875,2553.599365234375,442704.0,BRITANNIA.NS
2019-05-21,2800.0,2867.39990234375,2794.10009765625,2848.699951171875,2596.900634765625,490607.0,BRITANNIA.NS
2019-05-22,2861.0,2878.0,2817.5,2852.64990234375,2600.50146484375,393507.0,BRITANNIA.NS
2019-05-23,2874.0,2890.0,2827.10009765625,2838.699951171875,2587.784423828125,262582.0,BRITANNIA.NS
2019-05-24,2845.0,2867.0,2808.199951171875,2851.050048828125,2599.04296875,227827.0,BRITANNIA.NS
2019-05-27,2870.0,2905.0,2858.050048828125,2896.550048828125,2640.521240234375,267259.0,BRITANNIA.NS
2019-05-28,2910.0,2925.0,2880.0,2887.0,2631.8154296875,441693.0,BRITANNIA.NS
2019-05-29,2887.5,2930.0,2871.0,2917.0,2659.16357421875,248043.0,BRITANNIA.NS
2019-05-30,2921.0,2937.050048828125,2874.60009765625,2887.14990234375,2631.951904296875,225789.0,BRITANNIA.NS
2019-05-31,2895.0,2970.0,2889.60009765625,2921.949951171875,2663.67626953125,577546.0,BRITANNIA.NS
2019-06-03,2936.0,3000.0,2935.89990234375,2970.199951171875,2707.6611328125,535064.0,BRITANNIA.NS
2019-06-04,2970.199951171875,2985.0,2951.0,2963.10009765625,2701.18896484375,211082.0,BRITANNIA.NS
2019-06-06,2965.300048828125,2977.949951171875,2881.800048828125,2901.35009765625,2644.89697265625,333116.0,BRITANNIA.NS
2019-06-07,2905.0,2919.300048828125,2860.0,2899.300048828125,2643.028076171875,285268.0,BRITANNIA.NS
2019-06-10,2909.699951171875,3005.0,2909.699951171875,2994.300048828125,2729.631103515625,477974.0,BRITANNIA.NS
2019-06-11,3005.0,3010.0,2970.0,2980.300048828125,2716.868408203125,282227.0,BRITANNIA.NS
2019-06-12,2979.949951171875,3005.0,2960.949951171875,2996.89990234375,2732.0009765625,203661.0,BRITANNIA.NS
2019-06-13,2989.300048828125,2994.60009765625,2952.0,2984.550048828125,2720.7431640625,213532.0,BRITANNIA.NS
2019-06-14,2972.0,2986.14990234375,2954.449951171875,2964.10009765625,2702.1005859375,117529.0,BRITANNIA.NS
2019-06-17,2964.10009765625,2977.89990234375,2891.10009765625,2899.199951171875,2642.936767578125,234062.0,BRITANNIA.NS
2019-06-18,2905.0,2905.0,2860.0,2867.25,2613.81103515625,302729.0,BRITANNIA.NS
2019-06-19,2872.0,2904.5,2850.0,2875.699951171875,2621.513916015625,258721.0,BRITANNIA.NS
2019-06-20,2850.0,2870.85009765625,2796.550048828125,2834.050048828125,2583.545654296875,425859.0,BRITANNIA.NS
2019-06-21,2835.0,2874.449951171875,2805.0,2826.699951171875,2576.84521484375,363700.0,BRITANNIA.NS
2019-06-24,2830.0,2865.0,2771.050048828125,2780.5,2534.72900390625,369267.0,BRITANNIA.NS
2019-06-25,2776.0,2818.35009765625,2753.60009765625,2807.699951171875,2559.52490234375,304799.0,BRITANNIA.NS
2019-06-26,2805.0,2813.449951171875,2700.0,2732.89990234375,2491.336181640625,1387720.0,BRITANNIA.NS
2019-06-27,2740.0,2764.60009765625,2720.0,2725.89990234375,2484.955078125,964520.0,BRITANNIA.NS
2019-06-28,2735.0,2768.0,2732.0,2743.699951171875,2501.181884765625,363938.0,BRITANNIA.NS
2019-07-01,2750.10009765625,2771.0,2732.0,2737.550048828125,2495.57568359375,282998.0,BRITANNIA.NS
2019-07-02,2741.050048828125,2777.0,2734.300048828125,2769.25,2524.473388671875,242283.0,BRITANNIA.NS
2019-07-03,2779.0,2819.0,2765.449951171875,2794.699951171875,2547.673583984375,454114.0,BRITANNIA.NS
2019-07-04,2790.0,2850.0,2789.0,2841.35009765625,2590.2001953125,346395.0,BRITANNIA.NS
2019-07-05,2858.0,2862.89990234375,2811.89990234375,2824.85009765625,2575.158935546875,361520.0,BRITANNIA.NS
2019-07-08,2829.89990234375,2834.949951171875,2771.050048828125,2781.14990234375,2535.321533203125,302972.0,BRITANNIA.NS
2019-07-09,2770.0,2778.39990234375,2730.14990234375,2762.64990234375,2518.456787109375,314268.0,BRITANNIA.NS
2019-07-10,2762.0,2805.0,2742.89990234375,2769.550048828125,2524.74658203125,356987.0,BRITANNIA.NS
2019-07-11,2780.0,2790.89990234375,2757.0,2765.14990234375,2520.73583984375,206136.0,BRITANNIA.NS
2019-07-12,2763.0,2800.0,2750.75,2780.60009765625,2534.8203125,186082.0,BRITANNIA.NS
2019-07-15,2795.0,2795.0,2755.0,2773.60009765625,2528.43896484375,150530.0,BRITANNIA.NS
2019-07-16,2770.0,2777.0,2737.60009765625,2747.14990234375,2504.32666015625,221663.0,BRITANNIA.NS
2019-07-17,2753.949951171875,2809.949951171875,2748.0,2797.800048828125,2550.500244140625,306989.0,BRITANNIA.NS
2019-07-18,2800.0,2844.0,2787.550048828125,2820.85009765625,2571.5126953125,477907.0,BRITANNIA.NS
2019-07-19,2836.35009765625,2836.64990234375,2712.10009765625,2749.14990234375,2506.14990234375,403725.0,BRITANNIA.NS
2019-07-22,2755.0,2773.300048828125,2718.0,2734.5,2492.794921875,209576.0,BRITANNIA.NS
2019-07-23,2739.0,2749.949951171875,2701.0,2730.199951171875,2488.874755859375,242451.0,BRITANNIA.NS
2019-07-24,2729.0,2740.0,2620.050048828125,2641.449951171875,2407.9697265625,525583.0,BRITANNIA.NS
2019-07-25,2635.64990234375,2685.0,2631.10009765625,2671.550048828125,2435.409423828125,771878.0,BRITANNIA.NS
2019-07-26,2665.0,2684.85009765625,2616.550048828125,2668.449951171875,2432.583251953125,393941.0,BRITANNIA.NS
2019-07-29,2661.75,2689.300048828125,2652.60009765625,2672.300048828125,2436.09326171875,245049.0,BRITANNIA.NS
2019-07-30,2675.0,2696.949951171875,2592.5,2617.050048828125,2385.7265625,354859.0,BRITANNIA.NS
2019-07-31,2621.0,2632.0,2540.300048828125,2605.0,2374.741455078125,487675.0,BRITANNIA.NS
2019-08-01,2590.0,2620.60009765625,2575.050048828125,2600.89990234375,2384.73583984375,332895.0,BRITANNIA.NS
2019-08-02,2588.89990234375,2625.0,2555.0,2594.39990234375,2378.77587890625,347132.0,BRITANNIA.NS
2019-08-05,2585.949951171875,2597.0,2542.85009765625,2578.35009765625,2364.06005859375,211393.0,BRITANNIA.NS
2019-08-06,2563.0,2611.75,2538.300048828125,2550.550048828125,2338.5703125,404564.0,BRITANNIA.NS
2019-08-07,2551.0,2565.050048828125,2530.0,2540.550048828125,2329.4013671875,308676.0,BRITANNIA.NS
2019-08-08,2558.800048828125,2590.0,2536.85009765625,2577.60009765625,2363.372314453125,286738.0,BRITANNIA.NS
2019-08-09,2590.89990234375,2644.35009765625,2522.300048828125,2588.14990234375,2373.045166015625,1430286.0,BRITANNIA.NS
2019-08-13,2565.0,2565.0,2491.0,2511.89990234375,2303.132568359375,731080.0,BRITANNIA.NS
2019-08-14,2549.699951171875,2549.699951171875,2470.0,2478.89990234375,2272.875,466208.0,BRITANNIA.NS
2019-08-16,2500.0,2505.0,2442.0,2499.449951171875,2291.71728515625,734216.0,BRITANNIA.NS
2019-08-19,2520.0,2520.0,2471.10009765625,2478.39990234375,2272.4169921875,586547.0,BRITANNIA.NS
2019-08-20,2470.0,2470.0,2371.0,2393.5,2194.572998046875,1174827.0,BRITANNIA.NS
2019-08-21,2389.0,2405.0,2300.0,2384.5,2186.32080078125,1700962.0,BRITANNIA.NS
2019-08-22,2393.5,2477.0,2393.0,2440.75,2237.89599609375,1252406.0,BRITANNIA.NS
2019-08-23,2425.39990234375,2502.0,2402.199951171875,2466.64990234375,2261.6435546875,629497.0,BRITANNIA.NS
2019-08-26,2500.0,2547.800048828125,2483.550048828125,2533.85009765625,2323.25830078125,748623.0,BRITANNIA.NS
2019-08-27,2535.35009765625,2724.300048828125,2530.0,2685.89990234375,2462.67138671875,2211174.0,BRITANNIA.NS
2019-08-28,2700.0,2743.25,2672.050048828125,2703.10009765625,2478.441650390625,1149926.0,BRITANNIA.NS
2019-08-29,2703.199951171875,2737.0,2651.5,2676.85009765625,2454.37353515625,535368.0,BRITANNIA.NS
2019-08-30,2690.0,2726.449951171875,2687.5,2701.64990234375,2477.1123046875,507782.0,BRITANNIA.NS
2019-09-03,2699.0,2763.14990234375,2683.10009765625,2707.85009765625,2482.796875,716548.0,BRITANNIA.NS
2019-09-04,2710.0,2747.550048828125,2626.0,2635.449951171875,2416.414306640625,752108.0,BRITANNIA.NS
2019-09-05,2651.0,2705.0,2640.0,2678.64990234375,2456.0234375,931162.0,BRITANNIA.NS
2019-09-06,2695.39990234375,2721.300048828125,2646.199951171875,2668.0,2446.2587890625,478053.0,BRITANNIA.NS
2019-09-09,2669.89990234375,2694.800048828125,2650.199951171875,2682.699951171875,2459.737060546875,298664.0,BRITANNIA.NS
2019-09-11,2696.0,2704.0,2660.0,2666.39990234375,2444.791748046875,334013.0,BRITANNIA.NS
2019-09-12,2666.39990234375,2683.14990234375,2647.64990234375,2677.0,2454.5107421875,310751.0,BRITANNIA.NS
2019-09-13,2681.0,2682.0,2642.0,2674.60009765625,2452.310302734375,245991.0,BRITANNIA.NS
2019-09-16,2660.0,2730.0,2646.10009765625,2715.050048828125,2489.3984375,428246.0,BRITANNIA.NS
2019-09-17,2720.0,2740.949951171875,2678.800048828125,2692.449951171875,2468.6767578125,604927.0,BRITANNIA.NS
2019-09-18,2668.699951171875,2668.699951171875,2588.199951171875,2613.85009765625,2396.609375,832018.0,BRITANNIA.NS
2019-09-19,2618.0,2653.199951171875,2590.0,2621.800048828125,2403.898681640625,499689.0,BRITANNIA.NS
2019-09-20,2633.0,2883.0,2602.550048828125,2867.0,2628.719970703125,1324910.0,BRITANNIA.NS
2019-09-23,2960.0,3583.75,2951.0,3053.64990234375,2799.857177734375,1743589.0,BRITANNIA.NS
2019-09-24,3100.0,3115.0,3055.0,3080.199951171875,2824.200439453125,809417.0,BRITANNIA.NS
2019-09-25,3079.949951171875,3090.300048828125,3001.0,3036.0,2783.674072265625,582998.0,BRITANNIA.NS
2019-09-26,3058.0,3105.0,3050.0,3092.800048828125,2835.75341796875,514054.0,BRITANNIA.NS
2019-09-27,3100.050048828125,3109.699951171875,3005.949951171875,3015.10009765625,2764.51123046875,432428.0,BRITANNIA.NS
2019-09-30,3010.0,3023.949951171875,2930.10009765625,2944.14990234375,2699.457763671875,553451.0,BRITANNIA.NS
2019-10-01,2952.0,2987.39990234375,2900.14990234375,2919.550048828125,2676.902587890625,474514.0,BRITANNIA.NS
2019-10-03,2914.800048828125,2919.0,2850.0,2902.949951171875,2661.681884765625,285265.0,BRITANNIA.NS
2019-10-04,2915.0,2931.35009765625,2835.10009765625,2845.14990234375,2608.685791015625,313496.0,BRITANNIA.NS
2019-10-07,2857.85009765625,2968.75,2851.449951171875,2953.35009765625,2707.893310546875,969709.0,BRITANNIA.NS
2019-10-09,2971.800048828125,3074.64990234375,2926.89990234375,3058.5,2804.303955078125,1037068.0,BRITANNIA.NS
2019-10-10,3060.10009765625,3061.0,3001.0,3037.75,2785.2783203125,422209.0,BRITANNIA.NS
2019-10-11,3048.89990234375,3096.949951171875,3043.300048828125,3081.949951171875,2825.80517578125,510119.0,BRITANNIA.NS
2019-10-14,3093.949951171875,3124.0,3068.949951171875,3109.64990234375,2851.202880859375,350920.0,BRITANNIA.NS
2019-10-15,3129.10009765625,3193.64990234375,3112.35009765625,3181.10009765625,2916.714599609375,583008.0,BRITANNIA.NS
2019-10-16,3185.0,3185.0,3155.0,3176.75,2912.72607421875,271629.0,BRITANNIA.NS
2019-10-17,3176.0,3266.35009765625,3160.0,3247.85009765625,2977.9169921875,673820.0,BRITANNIA.NS
2019-10-18,3227.85009765625,3259.199951171875,3222.550048828125,3252.35009765625,2982.04296875,230815.0,BRITANNIA.NS
2019-10-22,3220.10009765625,3291.89990234375,3220.10009765625,3248.050048828125,2978.100341796875,435837.0,BRITANNIA.NS
2019-10-23,3260.0,3344.5,3253.0,3294.699951171875,3020.873046875,591914.0,BRITANNIA.NS
2019-10-24,3312.0,3342.0,3260.25,3283.800048828125,3010.87890625,401741.0,BRITANNIA.NS
2019-10-25,3298.85009765625,3298.85009765625,3247.0,3267.10009765625,2995.56689453125,213353.0,BRITANNIA.NS
2019-10-27,3292.0,3305.050048828125,3237.35009765625,3259.10009765625,2988.23193359375,39581.0,BRITANNIA.NS
2019-10-29,3273.0,3367.0,3259.0,3352.5,3073.869384765625,458464.0,BRITANNIA.NS
2019-10-30,3373.0,3399.0,3276.0,3290.10009765625,3016.6552734375,496662.0,BRITANNIA.NS
2019-10-31,3298.60009765625,3343.550048828125,3255.0,3266.60009765625,2995.1083984375,488894.0,BRITANNIA.NS
2019-11-01,3295.0,3295.0,3236.699951171875,3268.550048828125,2996.896484375,320106.0,BRITANNIA.NS
2019-11-04,3290.0,3299.0,3227.0,3239.85009765625,2970.581787109375,283144.0,BRITANNIA.NS
2019-11-05,3255.0,3280.0,3202.300048828125,3231.75,2963.155029296875,330794.0,BRITANNIA.NS
2019-11-06,3239.85009765625,3257.85009765625,3191.0,3227.85009765625,2959.579345703125,347320.0,BRITANNIA.NS
2019-11-07,3249.0,3256.60009765625,3204.89990234375,3223.800048828125,2955.86572265625,288996.0,BRITANNIA.NS
2019-11-08,3228.0,3245.449951171875,3143.0,3158.0,2895.5341796875,376182.0,BRITANNIA.NS
2019-11-11,3157.0,3195.0,3110.0,3119.550048828125,2860.2802734375,464906.0,BRITANNIA.NS
2019-11-13,3271.0,3299.0,3200.0,3269.75,2997.996826171875,1853222.0,BRITANNIA.NS
2019-11-14,3274.89990234375,3274.89990234375,3200.0,3230.800048828125,2962.2841796875,515326.0,BRITANNIA.NS
2019-11-15,3230.199951171875,3260.0,3185.14990234375,3195.550048828125,2929.96337890625,261412.0,BRITANNIA.NS
2019-11-18,3203.0,3217.14990234375,3126.0,3140.89990234375,2879.855224609375,429862.0,BRITANNIA.NS
2019-11-19,3140.89990234375,3158.35009765625,3110.0,3120.35009765625,2861.013671875,261351.0,BRITANNIA.NS
2019-11-20,3120.0,3135.0,3060.0,3116.300048828125,2857.300048828125,504339.0,BRITANNIA.NS
2019-11-21,3113.0,3113.0,3061.64990234375,3072.64990234375,2817.278076171875,295648.0,BRITANNIA.NS
2019-11-22,3062.25,3072.0,3016.14990234375,3022.64990234375,2771.433349609375,349622.0,BRITANNIA.NS
2019-11-25,3025.5,3045.0,3004.300048828125,3040.60009765625,2787.891845703125,437144.0,BRITANNIA.NS
2019-11-26,3048.0,3083.0,3041.0,3055.25,2801.32421875,620959.0,BRITANNIA.NS
2019-11-27,3060.0,3100.0,3060.0,3091.10009765625,2834.1943359375,235618.0,BRITANNIA.NS
2019-11-28,3110.39990234375,3110.39990234375,3060.0,3098.25,2840.75048828125,234706.0,BRITANNIA.NS
2019-11-29,3085.0,3095.0,3050.0,3057.699951171875,2803.570556640625,221117.0,BRITANNIA.NS
2019-12-02,3057.699951171875,3089.949951171875,3051.550048828125,3077.0,2821.2666015625,387666.0,BRITANNIA.NS
2019-12-03,3069.699951171875,3116.0,3027.14990234375,3048.300048828125,2794.951904296875,522267.0,BRITANNIA.NS
2019-12-04,3039.89990234375,3067.35009765625,3023.550048828125,3049.25,2795.82275390625,263755.0,BRITANNIA.NS
2019-12-05,3064.39990234375,3094.64990234375,3041.0,3082.89990234375,2826.676025390625,278358.0,BRITANNIA.NS
2019-12-06,3090.050048828125,3098.199951171875,3059.699951171875,3069.60009765625,2814.4814453125,206989.0,BRITANNIA.NS
2019-12-09,3084.800048828125,3084.800048828125,3047.449951171875,3058.39990234375,2804.21240234375,206624.0,BRITANNIA.NS
2019-12-10,3066.050048828125,3079.0,3042.10009765625,3059.35009765625,2805.083251953125,185130.0,BRITANNIA.NS
2019-12-11,3052.10009765625,3064.0,3030.300048828125,3041.0,2788.25830078125,315341.0,BRITANNIA.NS
2019-12-12,3048.60009765625,3080.0,3030.199951171875,3073.550048828125,2818.103271484375,254614.0,BRITANNIA.NS
2019-12-13,3095.0,3096.0,3035.0,3054.39990234375,2800.54443359375,249099.0,BRITANNIA.NS
2019-12-16,3059.89990234375,3087.85009765625,3042.75,3050.89990234375,2797.33544921875,369764.0,BRITANNIA.NS
2019-12-17,3060.0,3075.5,3050.0,3071.949951171875,2816.635986328125,212811.0,BRITANNIA.NS
2019-12-18,3070.0,3121.14990234375,3053.35009765625,3099.199951171875,2841.621337890625,405982.0,BRITANNIA.NS
2019-12-19,3097.89990234375,3123.0,3090.050048828125,3112.75,2854.04541015625,259885.0,BRITANNIA.NS
2019-12-20,3095.0,3155.949951171875,3062.449951171875,3122.25,2862.755615234375,766343.0,BRITANNIA.NS
2019-12-23,3100.0,3129.699951171875,3077.800048828125,3091.800048828125,2834.83642578125,259919.0,BRITANNIA.NS
2019-12-24,3096.0,3114.449951171875,3084.0,3091.050048828125,2834.148681640625,166800.0,BRITANNIA.NS
2019-12-26,3090.0,3118.0,3054.14990234375,3062.300048828125,2807.7880859375,189043.0,BRITANNIA.NS
2019-12-27,3079.0,3082.0,3021.0,3042.10009765625,2789.26708984375,407653.0,BRITANNIA.NS
2019-12-30,3050.0,3065.0,3035.10009765625,3047.35009765625,2794.080810546875,182858.0,BRITANNIA.NS
2019-12-31,3046.0,3066.800048828125,3020.0,3027.800048828125,2776.155517578125,190885.0,BRITANNIA.NS
2020-01-01,3044.699951171875,3053.0,3027.39990234375,3039.64990234375,2787.020751953125,110561.0,BRITANNIA.NS
2020-01-02,3047.0,3065.0,3043.050048828125,3053.39990234375,2799.627685546875,138428.0,BRITANNIA.NS
2020-01-03,3045.0,3060.0,3025.64990234375,3038.800048828125,2786.2412109375,168305.0,BRITANNIA.NS
2020-01-06,3030.0,3032.14990234375,2995.050048828125,3022.050048828125,2770.883056640625,181158.0,BRITANNIA.NS
2020-01-07,3033.89990234375,3054.0,3028.0,3036.60009765625,2784.22412109375,159307.0,BRITANNIA.NS
2020-01-08,3020.0,3038.699951171875,2995.0,3023.60009765625,2772.3046875,194024.0,BRITANNIA.NS
2020-01-09,3047.199951171875,3049.0,2995.10009765625,3001.10009765625,2751.6748046875,434270.0,BRITANNIA.NS
2020-01-10,3014.949951171875,3015.0,2978.050048828125,2989.75,2741.267822265625,526254.0,BRITANNIA.NS
2020-01-13,2995.0,3056.25,2987.300048828125,3045.10009765625,2792.017578125,420792.0,BRITANNIA.NS
2020-01-14,3058.0,3119.0,3037.14990234375,3105.14990234375,2847.07666015625,653300.0,BRITANNIA.NS
2020-01-15,3120.0,3133.949951171875,3092.89990234375,3114.199951171875,2855.374755859375,438959.0,BRITANNIA.NS
2020-01-16,3116.0,3160.0,3115.0,3150.25,2888.42822265625,768872.0,BRITANNIA.NS
2020-01-17,3155.0,3169.0,3114.35009765625,3124.449951171875,2864.77294921875,294064.0,BRITANNIA.NS
2020-01-20,3143.0,3143.0,3104.39990234375,3110.449951171875,2851.936279296875,203111.0,BRITANNIA.NS
2020-01-21,3100.0,3130.0,3077.25,3111.25,2852.669921875,220943.0,BRITANNIA.NS
2020-01-22,3125.5,3138.699951171875,3088.89990234375,3106.35009765625,2848.177001953125,248578.0,BRITANNIA.NS
2020-01-23,3103.85009765625,3122.89990234375,3068.10009765625,3112.949951171875,2854.228515625,203032.0,BRITANNIA.NS
2020-01-24,3113.14990234375,3212.949951171875,3112.050048828125,3192.5,2927.1669921875,580192.0,BRITANNIA.NS
2020-01-27,3187.0,3210.0,3155.0,3174.199951171875,2910.387939453125,322446.0,BRITANNIA.NS
2020-01-28,3182.89990234375,3209.89990234375,3136.5,3181.25,2916.851806640625,292577.0,BRITANNIA.NS
2020-01-29,3200.0,3245.5,3190.050048828125,3214.199951171875,2947.063232421875,434882.0,BRITANNIA.NS
2020-01-30,3208.949951171875,3234.699951171875,3192.449951171875,3210.699951171875,2943.8544921875,337850.0,BRITANNIA.NS
2020-01-31,3242.699951171875,3274.60009765625,3186.85009765625,3200.699951171875,2934.685546875,468850.0,BRITANNIA.NS
2020-02-03,3097.60009765625,3249.0,3092.35009765625,3230.050048828125,2961.5966796875,657504.0,BRITANNIA.NS
2020-02-04,3235.0,3300.0,3188.0,3232.5,2963.8427734375,511585.0,BRITANNIA.NS
2020-02-05,3269.800048828125,3318.0,3243.699951171875,3255.949951171875,2985.343505859375,423733.0,BRITANNIA.NS
2020-02-06,3260.35009765625,3293.0,3236.35009765625,3252.199951171875,2981.9052734375,410631.0,BRITANNIA.NS
2020-02-07,3256.0,3296.0,3237.10009765625,3251.39990234375,2981.171630859375,450061.0,BRITANNIA.NS
2020-02-10,3270.0,3280.0,3125.0,3155.60009765625,2893.333984375,969115.0,BRITANNIA.NS
2020-02-11,3179.949951171875,3198.800048828125,3124.199951171875,3134.699951171875,2874.170654296875,507516.0,BRITANNIA.NS
2020-02-12,3124.199951171875,3209.0,3124.199951171875,3136.800048828125,2876.096435546875,669153.0,BRITANNIA.NS
2020-02-13,3132.0,3143.64990234375,3105.199951171875,3135.199951171875,2874.629150390625,319421.0,BRITANNIA.NS
2020-02-14,3116.0,3159.0,3090.300048828125,3096.64990234375,2839.282958984375,270506.0,BRITANNIA.NS
2020-02-17,3095.0,3112.300048828125,3072.050048828125,3084.10009765625,2827.776611328125,224912.0,BRITANNIA.NS
2020-02-18,3080.0,3080.0,3020.0,3066.449951171875,2811.59326171875,453173.0,BRITANNIA.NS
2020-02-19,3082.10009765625,3111.0,3040.0,3082.25,2826.080322265625,462922.0,BRITANNIA.NS
2020-02-20,3079.800048828125,3123.449951171875,3052.25,3059.39990234375,2805.12890625,270720.0,BRITANNIA.NS
2020-02-24,3059.0,3065.0,3005.0,3036.199951171875,2783.857177734375,427352.0,BRITANNIA.NS
2020-02-25,3040.0,3078.0,3018.0,3033.550048828125,2781.427734375,350415.0,BRITANNIA.NS
2020-02-26,3025.10009765625,3069.89990234375,3016.699951171875,3041.35009765625,2788.57958984375,366302.0,BRITANNIA.NS
2020-02-27,3036.949951171875,3100.0,2960.0,3026.050048828125,2774.55126953125,652385.0,BRITANNIA.NS
2020-02-28,2983.0,3020.0,2917.0,2970.199951171875,2723.3427734375,619510.0,BRITANNIA.NS
2020-03-02,2995.0,3053.949951171875,2925.0,2949.10009765625,2703.99658203125,348147.0,BRITANNIA.NS
2020-03-03,2970.0,3045.5,2965.0,3026.5,2774.96337890625,399770.0,BRITANNIA.NS
2020-03-04,3048.0,3080.0,3028.0,3063.050048828125,2808.4755859375,368498.0,BRITANNIA.NS
2020-03-05,3082.60009765625,3165.0,3076.10009765625,3127.14990234375,2867.248291015625,720100.0,BRITANNIA.NS
2020-03-06,3084.89990234375,3100.0,3013.25,3081.39990234375,2825.300537109375,593374.0,BRITANNIA.NS
2020-03-09,3045.0,3061.800048828125,2968.5,2996.5,2747.456787109375,607257.0,BRITANNIA.NS
2020-03-11,2982.199951171875,3065.89990234375,2944.10009765625,3048.300048828125,2794.951904296875,534597.0,BRITANNIA.NS
2020-03-12,2945.0,2968.949951171875,2785.050048828125,2810.64990234375,2577.052978515625,774263.0,BRITANNIA.NS
2020-03-13,2700.0,3049.89990234375,2410.0,2763.60009765625,2533.913330078125,1108162.0,BRITANNIA.NS
2020-03-16,2704.800048828125,2744.64990234375,2602.050048828125,2709.0,2483.8515625,791034.0,BRITANNIA.NS
2020-03-17,2720.0,2795.75,2669.050048828125,2686.0,2462.762939453125,567266.0,BRITANNIA.NS
2020-03-18,2728.0,2744.949951171875,2480.0,2501.949951171875,2294.009521484375,649481.0,BRITANNIA.NS
2020-03-19,2389.0,2404.0,2260.0,2318.14990234375,2125.4853515625,786857.0,BRITANNIA.NS
2020-03-20,2341.300048828125,2500.89990234375,2294.25,2467.800048828125,2262.69775390625,742455.0,BRITANNIA.NS
2020-03-23,2300.0,2422.39990234375,2100.0,2137.85009765625,1960.1705322265625,613493.0,BRITANNIA.NS
2020-03-24,2117.0,2450.0,2111.89990234375,2364.699951171875,2168.16650390625,929170.0,BRITANNIA.NS
2020-03-25,2364.60009765625,2511.60009765625,2317.10009765625,2451.39990234375,2247.6611328125,1249005.0,BRITANNIA.NS
2020-03-26,2471.550048828125,2668.800048828125,2417.300048828125,2588.449951171875,2373.3203125,944116.0,BRITANNIA.NS
2020-03-27,2690.0,2708.949951171875,2505.0,2529.25,2319.040771484375,472582.0,BRITANNIA.NS
2020-03-30,2465.25,2579.35009765625,2442.75,2473.75,2268.153076171875,701815.0,BRITANNIA.NS
2020-03-31,2579.949951171875,2710.0,2490.0,2688.949951171875,2465.467529296875,734769.0,BRITANNIA.NS
2020-04-01,2700.0,2780.0,2505.0,2564.85009765625,2351.68212890625,1167150.0,BRITANNIA.NS
2020-04-03,2588.949951171875,2610.0,2475.0,2563.25,2350.214599609375,726903.0,BRITANNIA.NS
2020-04-07,2640.14990234375,2878.699951171875,2640.14990234375,2834.5,2598.9208984375,1062855.0,BRITANNIA.NS
2020-04-08,2829.0,2990.0,2759.0,2775.550048828125,2544.870361328125,1037961.0,BRITANNIA.NS
2020-04-09,2850.0,2850.0,2732.89990234375,2801.699951171875,2568.846923828125,893108.0,BRITANNIA.NS
2020-04-13,2800.0,2800.0,2697.35009765625,2706.14990234375,2481.23828125,501533.0,BRITANNIA.NS
2020-04-15,2772.0,2908.5,2754.699951171875,2837.35009765625,2601.5341796875,1011691.0,BRITANNIA.NS
2020-04-16,2837.5,2893.949951171875,2815.0,2836.800048828125,2601.02978515625,675907.0,BRITANNIA.NS
2020-04-17,2884.0,2895.0,2802.199951171875,2832.14990234375,2596.76611328125,705271.0,BRITANNIA.NS
2020-04-20,2860.10009765625,2864.800048828125,2801.0,2833.0,2597.5458984375,667917.0,BRITANNIA.NS
2020-04-21,2779.89990234375,2906.35009765625,2733.14990234375,2863.25,2625.281494140625,1129799.0,BRITANNIA.NS
2020-04-22,2863.0,2969.699951171875,2827.449951171875,2952.64990234375,2707.251220703125,737395.0,BRITANNIA.NS
2020-04-23,2960.0,3245.0,2918.0,2947.39990234375,2702.4375,3426363.0,BRITANNIA.NS
2020-04-24,2980.0,3122.89990234375,2956.0,3062.14990234375,2807.650634765625,2613797.0,BRITANNIA.NS
2020-04-27,3075.85009765625,3290.0,3070.0,3242.050048828125,2972.59912109375,1993378.0,BRITANNIA.NS
2020-04-28,3277.0,3289.85009765625,3160.0,3193.949951171875,2928.49658203125,1379063.0,BRITANNIA.NS
2020-04-29,3187.800048828125,3238.75,3150.0,3156.800048828125,2926.50341796875,1177520.0,BRITANNIA.NS
2020-04-30,3195.0,3205.0,3150.0,3165.75,2934.800537109375,1021592.0,BRITANNIA.NS
2020-05-04,3109.0,3160.0,3056.0,3092.949951171875,2867.31103515625,591353.0,BRITANNIA.NS
2020-05-05,3107.0,3126.0,2970.5,2978.75,2761.4423828125,905266.0,BRITANNIA.NS
2020-05-06,2950.0,3065.0,2907.64990234375,2987.699951171875,2769.73974609375,995972.0,BRITANNIA.NS
2020-05-07,2977.699951171875,2980.0,2867.0,2915.35009765625,2702.667724609375,994651.0,BRITANNIA.NS
2020-05-08,2945.0,3037.0,2923.449951171875,2994.64990234375,2776.182373046875,1102857.0,BRITANNIA.NS
2020-05-11,3029.0,3083.39990234375,2991.85009765625,3053.949951171875,2831.156494140625,1095855.0,BRITANNIA.NS
2020-05-12,3048.949951171875,3123.199951171875,3031.300048828125,3107.300048828125,2880.614501953125,1329390.0,BRITANNIA.NS
2020-05-13,3180.0,3188.0,3057.5,3079.550048828125,2854.888916015625,850975.0,BRITANNIA.NS
2020-05-14,3065.0,3138.0,3031.699951171875,3118.699951171875,2891.182861328125,777257.0,BRITANNIA.NS
2020-05-15,3146.89990234375,3196.0,3115.0,3125.64990234375,2897.625732421875,870248.0,BRITANNIA.NS
2020-05-18,3110.0,3165.0,3098.10009765625,3109.550048828125,2882.70068359375,730350.0,BRITANNIA.NS
2020-05-19,3130.199951171875,3147.89990234375,3086.050048828125,3104.0,2877.555419921875,537217.0,BRITANNIA.NS
2020-05-20,3110.60009765625,3159.0,3106.85009765625,3127.85009765625,2899.6650390625,439150.0,BRITANNIA.NS
2020-05-21,3120.10009765625,3157.0,3099.0,3110.949951171875,2883.998046875,574325.0,BRITANNIA.NS
2020-05-22,3104.0,3184.199951171875,3080.0,3167.10009765625,2936.05224609375,630580.0,BRITANNIA.NS
2020-05-26,3200.0,3244.0,3141.0,3163.85009765625,2933.038818359375,718134.0,BRITANNIA.NS
2020-05-27,3170.0,3238.949951171875,3141.0,3220.300048828125,2985.37060546875,739328.0,BRITANNIA.NS
2020-05-28,3217.5,3363.25,3189.35009765625,3323.25,3080.810546875,1453514.0,BRITANNIA.NS
2020-05-29,3289.89990234375,3417.0,3289.89990234375,3378.85009765625,3132.3544921875,1658714.0,BRITANNIA.NS
2020-06-01,3416.0,3470.0,3401.0,3434.85009765625,3184.26904296875,883460.0,BRITANNIA.NS
2020-06-02,3434.89990234375,3480.0,3400.0,3451.0,3199.24072265625,786444.0,BRITANNIA.NS
2020-06-03,3601.0,3708.0,3471.199951171875,3510.300048828125,3254.214599609375,3415126.0,BRITANNIA.NS
2020-06-04,3510.0,3555.0,3422.0,3450.35009765625,3198.638427734375,1309771.0,BRITANNIA.NS
2020-06-05,3475.0,3497.949951171875,3402.199951171875,3466.699951171875,3213.795166015625,1200548.0,BRITANNIA.NS
2020-06-08,3486.0,3513.25,3410.0,3426.800048828125,3176.806396484375,768759.0,BRITANNIA.NS
2020-06-09,3434.89990234375,3469.89990234375,3409.0,3415.699951171875,3166.515869140625,567611.0,BRITANNIA.NS
2020-06-10,3420.89990234375,3447.60009765625,3357.39990234375,3377.0,3130.63916015625,628261.0,BRITANNIA.NS
2020-06-11,3389.89990234375,3403.449951171875,3330.0,3370.35009765625,3124.474365234375,673105.0,BRITANNIA.NS
2020-06-12,3333.0,3443.0,3305.75,3366.050048828125,3120.488037109375,1373475.0,BRITANNIA.NS
2020-06-15,3351.0,3406.5,3343.449951171875,3357.199951171875,3112.283447265625,609721.0,BRITANNIA.NS
2020-06-16,3381.050048828125,3399.949951171875,3330.0,3345.35009765625,3101.29833984375,701355.0,BRITANNIA.NS
2020-06-17,3357.85009765625,3435.0,3355.050048828125,3401.449951171875,3153.305419921875,1100079.0,BRITANNIA.NS
2020-06-18,3415.0,3457.0,3381.550048828125,3404.25,3155.901123046875,898020.0,BRITANNIA.NS
2020-06-19,3417.89990234375,3450.0,3382.0,3438.550048828125,3187.69921875,782740.0,BRITANNIA.NS
2020-06-22,3450.0,3475.0,3416.0,3421.199951171875,3171.614501953125,735172.0,BRITANNIA.NS
2020-06-23,3429.949951171875,3504.89990234375,3426.300048828125,3467.050048828125,3214.11962890625,765553.0,BRITANNIA.NS
2020-06-24,3487.0,3504.89990234375,3440.0,3446.39990234375,3194.976318359375,573266.0,BRITANNIA.NS
2020-06-25,3424.89990234375,3474.39990234375,3420.0,3450.39990234375,3198.68408203125,546489.0,BRITANNIA.NS
2020-06-26,3457.300048828125,3499.89990234375,3444.300048828125,3456.39990234375,3204.24658203125,448352.0,BRITANNIA.NS
2020-06-29,3452.800048828125,3544.85009765625,3445.800048828125,3519.25,3262.51171875,940186.0,BRITANNIA.NS
2020-06-30,3542.0,3615.0,3540.0,3603.800048828125,3340.893798828125,1236537.0,BRITANNIA.NS
2020-07-01,3605.0,3611.0,3536.0,3545.949951171875,3287.263916015625,586225.0,BRITANNIA.NS
2020-07-02,3553.0,3567.64990234375,3512.050048828125,3535.10009765625,3277.20556640625,422319.0,BRITANNIA.NS
2020-07-03,3549.5,3579.949951171875,3515.0,3538.35009765625,3280.218017578125,323231.0,BRITANNIA.NS
2020-07-06,3560.0,3646.0,3541.0,3624.449951171875,3360.037109375,538078.0,BRITANNIA.NS
2020-07-07,3636.0,3685.449951171875,3580.0,3678.449951171875,3410.09765625,664348.0,BRITANNIA.NS
2020-07-08,3675.550048828125,3712.5,3630.0,3685.0,3416.169921875,531417.0,BRITANNIA.NS
2020-07-09,3690.0,3699.0,3650.0,3673.60009765625,3405.601806640625,397351.0,BRITANNIA.NS
2020-07-10,3669.60009765625,3753.60009765625,3655.35009765625,3726.64990234375,3454.78125,706136.0,BRITANNIA.NS
2020-07-13,3760.0,3835.0,3750.25,3796.800048828125,3519.813720703125,1108644.0,BRITANNIA.NS
2020-07-14,3795.550048828125,3795.949951171875,3729.0,3735.25,3462.75390625,399210.0,BRITANNIA.NS
2020-07-15,3742.0,3778.300048828125,3711.699951171875,3723.25,3451.629150390625,506574.0,BRITANNIA.NS
2020-07-16,3729.0,3880.25,3689.550048828125,3854.75,3573.535888671875,987220.0,BRITANNIA.NS
2020-07-17,3900.0,3938.0,3766.800048828125,3785.0,3508.874267578125,4503046.0,BRITANNIA.NS
2020-07-20,3859.0,3993.0,3807.199951171875,3982.64990234375,3692.10546875,3785159.0,BRITANNIA.NS
2020-07-21,3999.0,4010.0,3875.0,3880.39990234375,3597.31494140625,1880670.0,BRITANNIA.NS
2020-07-22,3914.800048828125,3924.39990234375,3791.050048828125,3805.050048828125,3527.4619140625,1019300.0,BRITANNIA.NS
2020-07-23,3825.0,3879.75,3820.0,3827.60009765625,3548.3671875,791770.0,BRITANNIA.NS
2020-07-24,3824.949951171875,3849.89990234375,3768.0,3818.449951171875,3539.884033203125,665233.0,BRITANNIA.NS
2020-07-27,3845.0,3846.60009765625,3762.39990234375,3777.35009765625,3501.78271484375,523512.0,BRITANNIA.NS
2020-07-28,3780.300048828125,3830.0,3763.35009765625,3774.75,3499.372314453125,599914.0,BRITANNIA.NS
2020-07-29,3797.699951171875,3853.0,3780.0,3794.699951171875,3517.86669921875,785425.0,BRITANNIA.NS
2020-07-30,3818.39990234375,3874.39990234375,3790.5,3805.949951171875,3528.296142578125,855542.0,BRITANNIA.NS
2020-07-31,3811.0,3860.0,3801.10009765625,3823.60009765625,3544.658447265625,681895.0,BRITANNIA.NS
2020-08-03,3827.0,3849.89990234375,3768.10009765625,3776.199951171875,3500.716552734375,369180.0,BRITANNIA.NS
2020-08-04,3800.0,3855.0,3785.0,3817.60009765625,3539.096435546875,642559.0,BRITANNIA.NS
2020-08-05,3839.89990234375,3873.550048828125,3827.949951171875,3849.949951171875,3569.086181640625,569216.0,BRITANNIA.NS
2020-08-06,3865.0,3912.0,3845.0,3857.64990234375,3576.224365234375,786063.0,BRITANNIA.NS
2020-08-07,3865.0,3945.0,3850.0,3934.800048828125,3647.74609375,1061884.0,BRITANNIA.NS
2020-08-10,3959.949951171875,4005.0,3929.0,3942.800048828125,3655.162841796875,826722.0,BRITANNIA.NS
2020-08-11,3950.0,3970.0,3865.0,3879.550048828125,3596.52685546875,422055.0,BRITANNIA.NS
2020-08-12,3880.550048828125,3885.0,3800.0,3809.75,3531.81884765625,619436.0,BRITANNIA.NS
2020-08-13,3823.800048828125,3857.85009765625,3792.050048828125,3808.25,3530.427978515625,513264.0,BRITANNIA.NS
2020-08-14,3828.0,3840.0,3752.0,3801.35009765625,3524.03173828125,537499.0,BRITANNIA.NS
2020-08-17,3830.0,3895.0,3802.0,3868.64990234375,3586.422119140625,987819.0,BRITANNIA.NS
2020-08-18,3880.0,3940.0,3875.0,3914.300048828125,3628.74169921875,768897.0,BRITANNIA.NS
2020-08-19,3943.64990234375,3949.0,3865.64990234375,3875.39990234375,3592.6796875,505661.0,BRITANNIA.NS
2020-08-20,3880.0,3910.199951171875,3837.25,3868.10009765625,3585.912353515625,523854.0,BRITANNIA.NS
2020-08-21,3896.0,3912.0,3865.050048828125,3882.75,3599.493408203125,401007.0,BRITANNIA.NS
2020-08-24,3912.0,3926.0,3894.199951171875,3908.35009765625,3623.2255859375,444407.0,BRITANNIA.NS
2020-08-25,3918.0,3929.949951171875,3875.0,3896.85009765625,3612.564697265625,358587.0,BRITANNIA.NS
2020-08-26,3845.0,3857.35009765625,3799.10009765625,3829.25,3627.152099609375,608530.0,BRITANNIA.NS
2020-08-27,3840.0,3853.35009765625,3810.0,3816.60009765625,3615.169677734375,385945.0,BRITANNIA.NS
2020-08-28,3819.0,3827.60009765625,3787.0,3793.85009765625,3593.62060546875,512488.0,BRITANNIA.NS
2020-08-31,3806.39990234375,3811.0,3684.0,3726.050048828125,3529.3984375,600226.0,BRITANNIA.NS
2020-09-01,3735.0,3787.75,3718.300048828125,3771.0,3571.976318359375,387446.0,BRITANNIA.NS
2020-09-02,3787.89990234375,3813.60009765625,3752.0,3799.199951171875,3598.68798828125,305952.0,BRITANNIA.NS
2020-09-03,3798.0,3808.75,3740.0,3746.85009765625,3549.100830078125,414160.0,BRITANNIA.NS
2020-09-04,3730.0,3809.0,3698.550048828125,3705.85009765625,3510.264892578125,759852.0,BRITANNIA.NS
2020-09-07,3732.89990234375,3750.0,3655.0,3724.050048828125,3527.50439453125,437318.0,BRITANNIA.NS
2020-09-08,3726.89990234375,3762.449951171875,3711.25,3731.60009765625,3534.65576171875,379275.0,BRITANNIA.NS
2020-09-09,3690.0,3749.0,3686.10009765625,3738.300048828125,3541.002197265625,332884.0,BRITANNIA.NS
2020-09-10,3765.5,3765.5,3700.050048828125,3719.25,3522.957275390625,357927.0,BRITANNIA.NS
2020-09-11,3724.0,3828.0,3720.0,3772.25,3573.16015625,829715.0,BRITANNIA.NS
2020-09-14,3788.89990234375,3796.0,3711.0,3719.5,3523.1943359375,397741.0,BRITANNIA.NS
2020-09-15,3720.050048828125,3766.5,3715.0,3734.10009765625,3537.023681640625,366110.0,BRITANNIA.NS
2020-09-16,3742.0,3860.0,3737.14990234375,3844.5,3641.59716796875,917526.0,BRITANNIA.NS
2020-09-17,3848.0,3890.949951171875,3768.75,3815.64990234375,3614.26953125,741010.0,BRITANNIA.NS
2020-09-18,3837.699951171875,3839.75,3774.85009765625,3797.5,3597.07763671875,947698.0,BRITANNIA.NS
2020-09-21,3790.0,3795.0,3613.5,3629.300048828125,3437.7548828125,604282.0,BRITANNIA.NS
2020-09-22,3660.0,3678.0,3540.050048828125,3588.0,3398.634521484375,670648.0,BRITANNIA.NS
2020-09-23,3618.89990234375,3652.89990234375,3562.800048828125,3624.89990234375,3433.5869140625,405856.0,BRITANNIA.NS
2020-09-24,3590.0,3655.0,3560.199951171875,3612.75,3422.078369140625,517316.0,BRITANNIA.NS
2020-09-25,3640.0,3716.949951171875,3615.0,3686.39990234375,3491.841064453125,507368.0,BRITANNIA.NS
2020-09-28,3710.89990234375,3778.0,3689.0,3737.35009765625,3540.10205078125,390640.0,BRITANNIA.NS
2020-09-29,3769.0,3796.0,3701.64990234375,3736.85009765625,3539.628662109375,449330.0,BRITANNIA.NS
2020-09-30,3734.0,3825.0,3714.050048828125,3798.14990234375,3597.693359375,535771.0,BRITANNIA.NS
2020-10-01,3820.0,3827.949951171875,3762.0,3808.60009765625,3607.591796875,336322.0,BRITANNIA.NS
2020-10-05,3815.0,3857.800048828125,3785.050048828125,3830.449951171875,3628.28857421875,460889.0,BRITANNIA.NS
2020-10-06,3870.0,3879.949951171875,3752.0,3765.85009765625,3567.097900390625,666856.0,BRITANNIA.NS
2020-10-07,3780.0,3838.0,3768.0,3785.949951171875,3586.13720703125,590795.0,BRITANNIA.NS
2020-10-08,3798.89990234375,3825.0,3771.5,3794.699951171875,3594.42529296875,371495.0,BRITANNIA.NS
2020-10-09,3807.0,3818.64990234375,3735.0,3745.10009765625,3547.443359375,347685.0,BRITANNIA.NS
2020-10-12,3769.10009765625,3774.300048828125,3722.300048828125,3731.5,3534.560791015625,286506.0,BRITANNIA.NS
2020-10-13,3732.0,3786.300048828125,3702.64990234375,3745.64990234375,3547.9638671875,368886.0,BRITANNIA.NS
2020-10-14,3743.0,3801.800048828125,3740.0,3789.800048828125,3589.783935546875,545911.0,BRITANNIA.NS
2020-10-15,3790.0,3835.949951171875,3715.0,3731.0,3534.087158203125,526411.0,BRITANNIA.NS
2020-10-16,3748.949951171875,3779.0,3721.25,3747.199951171875,3549.432373046875,263967.0,BRITANNIA.NS
2020-10-19,3766.0,3795.0,3740.0,3772.449951171875,3573.349609375,473267.0,BRITANNIA.NS
2020-10-20,3681.0,3694.0,3543.10009765625,3553.14990234375,3365.62353515625,3187477.0,BRITANNIA.NS
2020-10-21,3580.0,3580.0,3382.0,3397.25,3217.95166015625,3538724.0,BRITANNIA.NS
2020-10-22,3410.0,3493.35009765625,3410.0,3458.35009765625,3275.827392578125,2266246.0,BRITANNIA.NS
2020-10-23,3480.0,3502.89990234375,3442.050048828125,3469.75,3286.625244140625,1022334.0,BRITANNIA.NS
2020-10-26,3482.0,3505.550048828125,3466.0,3485.39990234375,3301.44921875,893740.0,BRITANNIA.NS
2020-10-27,3480.0,3588.0,3480.0,3572.25,3383.7158203125,1753963.0,BRITANNIA.NS
2020-10-28,3572.199951171875,3599.800048828125,3524.949951171875,3541.699951171875,3354.7783203125,667035.0,BRITANNIA.NS
2020-10-29,3538.0,3556.0,3498.0,3532.64990234375,3346.205810546875,654253.0,BRITANNIA.NS
2020-10-30,3540.0,3549.85009765625,3460.64990234375,3473.25,3289.94091796875,475859.0,BRITANNIA.NS
2020-11-02,3483.0,3485.949951171875,3391.14990234375,3420.300048828125,3239.785400390625,764391.0,BRITANNIA.NS
2020-11-03,3445.0,3457.25,3390.0,3403.64990234375,3224.013916015625,623300.0,BRITANNIA.NS
2020-11-04,3423.0,3506.0,3411.89990234375,3470.699951171875,3287.525146484375,714800.0,BRITANNIA.NS
2020-11-05,3512.0,3530.0,3465.449951171875,3499.25,3314.568603515625,999876.0,BRITANNIA.NS
2020-11-06,3510.0,3555.0,3489.64990234375,3513.550048828125,3328.114013671875,582470.0,BRITANNIA.NS
2020-11-09,3548.0,3570.0,3513.550048828125,3548.300048828125,3361.030029296875,566460.0,BRITANNIA.NS
2020-11-10,3572.0,3572.0,3445.85009765625,3508.35009765625,3323.1884765625,976298.0,BRITANNIA.NS
2020-11-11,3509.0,3541.60009765625,3453.050048828125,3492.75,3308.411376953125,1141508.0,BRITANNIA.NS
2020-11-12,3499.699951171875,3525.949951171875,3481.35009765625,3515.300048828125,3329.771484375,615256.0,BRITANNIA.NS
2020-11-13,3517.0,3541.449951171875,3505.0,3514.449951171875,3328.96630859375,473523.0,BRITANNIA.NS
2020-11-14,3535.0,3536.5,3515.0,3527.35009765625,3341.185791015625,56492.0,BRITANNIA.NS
2020-11-17,3541.0,3550.0,3504.39990234375,3509.800048828125,3324.561767578125,694643.0,BRITANNIA.NS
2020-11-18,3507.800048828125,3521.949951171875,3445.0,3500.35009765625,3315.610595703125,914389.0,BRITANNIA.NS
2020-11-19,3489.0,3549.0,3480.0,3511.35009765625,3326.0302734375,739067.0,BRITANNIA.NS
2020-11-20,3524.949951171875,3577.75,3521.14990234375,3552.10009765625,3364.629150390625,1197247.0,BRITANNIA.NS
2020-11-23,3575.0,3599.0,3552.0,3557.39990234375,3369.6494140625,952758.0,BRITANNIA.NS
2020-11-24,3575.0,3593.0,3531.699951171875,3562.25,3374.24365234375,752974.0,BRITANNIA.NS
2020-11-25,3570.60009765625,3579.85009765625,3531.5,3555.800048828125,3368.134033203125,385590.0,BRITANNIA.NS
2020-11-26,3569.800048828125,3572.89990234375,3490.0,3548.75,3361.4560546875,741800.0,BRITANNIA.NS
2020-11-27,3563.85009765625,3684.89990234375,3503.10009765625,3637.949951171875,3445.9482421875,5383773.0,BRITANNIA.NS
2020-12-01,3702.5,3702.5,3595.550048828125,3629.35009765625,3437.80224609375,1042234.0,BRITANNIA.NS
2020-12-02,3637.0,3648.0,3560.0,3597.0,3407.159423828125,680870.0,BRITANNIA.NS
2020-12-03,3647.0,3653.89990234375,3608.050048828125,3635.949951171875,3444.0537109375,450558.0,BRITANNIA.NS
2020-12-04,3637.0,3672.0,3612.0,3648.199951171875,3455.6572265625,482933.0,BRITANNIA.NS
2020-12-07,3650.0,3670.0,3612.10009765625,3628.949951171875,3437.42333984375,492080.0,BRITANNIA.NS
2020-12-08,3639.39990234375,3654.89990234375,3617.64990234375,3645.39990234375,3453.0048828125,413743.0,BRITANNIA.NS
2020-12-09,3648.89990234375,3666.0,3619.10009765625,3627.10009765625,3435.6708984375,434686.0,BRITANNIA.NS
2020-12-10,3627.10009765625,3747.0,3624.0,3739.75,3542.37548828125,1443681.0,BRITANNIA.NS
2020-12-11,3746.85009765625,3777.0,3701.5,3732.75,3535.7451171875,695958.0,BRITANNIA.NS
2020-12-14,3745.0,3792.0,3737.050048828125,3776.949951171875,3577.612060546875,685712.0,BRITANNIA.NS
2020-12-15,3775.0,3797.699951171875,3725.699951171875,3765.550048828125,3566.81396484375,648902.0,BRITANNIA.NS
2020-12-16,3766.199951171875,3786.0,3745.0,3752.60009765625,3554.54736328125,466183.0,BRITANNIA.NS
2020-12-17,3740.10009765625,3767.0,3721.0,3729.75,3532.9033203125,488772.0,BRITANNIA.NS
2020-12-18,3738.0,3759.800048828125,3690.0,3720.5,3524.1416015625,1043126.0,BRITANNIA.NS
2020-12-21,3719.0,3727.050048828125,3534.85009765625,3624.050048828125,3432.781982421875,670146.0,BRITANNIA.NS
2020-12-22,3620.0,3662.39990234375,3541.10009765625,3630.39990234375,3438.796875,662139.0,BRITANNIA.NS
2020-12-23,3641.60009765625,3668.35009765625,3605.25,3625.35009765625,3434.013427734375,451656.0,BRITANNIA.NS
2020-12-24,3655.0,3683.89990234375,3590.050048828125,3618.25,3427.2880859375,579767.0,BRITANNIA.NS
2020-12-28,3635.0,3646.14990234375,3598.0,3603.550048828125,3413.364013671875,463358.0,BRITANNIA.NS
2020-12-29,3614.0,3623.25,3575.10009765625,3593.300048828125,3403.655029296875,414932.0,BRITANNIA.NS
2020-12-30,3602.25,3605.85009765625,3564.0,3583.89990234375,3394.7509765625,407808.0,BRITANNIA.NS
2020-12-31,3580.64990234375,3601.75,3562.10009765625,3576.35009765625,3387.599609375,459383.0,BRITANNIA.NS
2021-01-01,3575.0,3605.0,3563.050048828125,3567.800048828125,3379.500732421875,453083.0,BRITANNIA.NS
2021-01-04,3589.0,3593.89990234375,3537.0,3552.89990234375,3365.386962890625,698402.0,BRITANNIA.NS
2021-01-05,3549.0,3563.949951171875,3540.0,3551.10009765625,3363.68212890625,725278.0,BRITANNIA.NS
2021-01-06,3568.0,3602.0,3510.0,3539.699951171875,3352.883544921875,1099588.0,BRITANNIA.NS
2021-01-07,3560.0,3567.949951171875,3516.449951171875,3552.800048828125,3365.29248046875,621487.0,BRITANNIA.NS
2021-01-08,3574.0,3589.949951171875,3532.85009765625,3575.25,3386.557373046875,961239.0,BRITANNIA.NS
2021-01-11,3603.800048828125,3625.0,3547.64990234375,3612.85009765625,3422.173095703125,1043630.0,BRITANNIA.NS
2021-01-12,3624.0,3648.800048828125,3586.300048828125,3631.64990234375,3439.98046875,893653.0,BRITANNIA.NS
2021-01-13,3640.0,3648.0,3600.0,3621.14990234375,3430.034912109375,798273.0,BRITANNIA.NS
2021-01-14,3623.0,3704.89990234375,3619.60009765625,3665.449951171875,3471.9970703125,1192074.0,BRITANNIA.NS
2021-01-15,3680.0,3685.0,3571.0,3609.050048828125,3418.573486328125,597621.0,BRITANNIA.NS
2021-01-18,3609.050048828125,3665.0,3575.0,3607.85009765625,3417.43701171875,826497.0,BRITANNIA.NS
2021-01-19,3628.75,3649.85009765625,3587.0,3601.25,3411.185302734375,594091.0,BRITANNIA.NS
2021-01-20,3605.0,3641.0,3585.0,3592.300048828125,3402.70751953125,607449.0,BRITANNIA.NS
2021-01-21,3604.699951171875,3666.550048828125,3602.60009765625,3630.800048828125,3439.17578125,834432.0,BRITANNIA.NS
2021-01-22,3649.0,3690.0,3591.0,3608.0,3417.5791015625,791205.0,BRITANNIA.NS
2021-01-25,3633.85009765625,3639.85009765625,3576.25,3613.550048828125,3422.836181640625,467367.0,BRITANNIA.NS
2021-01-27,3613.550048828125,3649.89990234375,3593.800048828125,3610.75,3420.183837890625,646880.0,BRITANNIA.NS
2021-01-28,3588.699951171875,3650.0,3559.25,3603.75,3413.55322265625,643832.0,BRITANNIA.NS
2021-01-29,3605.199951171875,3620.800048828125,3480.199951171875,3501.10009765625,3316.321044921875,733173.0,BRITANNIA.NS
2021-02-01,3539.0,3557.89990234375,3483.0,3520.75,3334.933837890625,544282.0,BRITANNIA.NS
2021-02-02,3547.89990234375,3554.0,3483.75,3501.25,3316.463134765625,869950.0,BRITANNIA.NS
2021-02-03,3526.050048828125,3544.0,3501.0,3516.5,3330.908203125,786972.0,BRITANNIA.NS
2021-02-04,3521.949951171875,3608.050048828125,3511.050048828125,3580.0,3391.056396484375,958717.0,BRITANNIA.NS
2021-02-05,3616.0,3616.0,3530.449951171875,3541.64990234375,3354.73046875,1159183.0,BRITANNIA.NS
2021-02-08,3601.0,3616.89990234375,3464.10009765625,3473.699951171875,3290.366943359375,2388271.0,BRITANNIA.NS
2021-02-09,3505.0,3505.0,3455.0,3462.39990234375,3279.6630859375,951124.0,BRITANNIA.NS
2021-02-10,3467.89990234375,3485.10009765625,3417.050048828125,3424.85009765625,3244.09521484375,893690.0,BRITANNIA.NS
2021-02-11,3430.75,3470.0,3420.0,3462.75,3279.994873046875,873772.0,BRITANNIA.NS
2021-02-12,3480.0,3489.0,3409.050048828125,3421.25,3240.685302734375,618874.0,BRITANNIA.NS
2021-02-15,3429.0,3445.0,3403.0,3417.0,3236.6591796875,513578.0,BRITANNIA.NS
2021-02-16,3432.0,3432.35009765625,3385.050048828125,3389.449951171875,3210.5634765625,693631.0,BRITANNIA.NS
2021-02-17,3370.0,3404.85009765625,3360.0,3364.0,3186.45654296875,866571.0,BRITANNIA.NS
2021-02-18,3368.0,3390.949951171875,3340.10009765625,3359.449951171875,3182.14697265625,616156.0,BRITANNIA.NS
2021-02-19,3359.0,3383.0,3320.0,3331.199951171875,3155.3876953125,765676.0,BRITANNIA.NS
2021-02-22,3350.0,3373.75,3317.300048828125,3341.199951171875,3164.85986328125,666371.0,BRITANNIA.NS
2021-02-23,3349.800048828125,3368.0,3325.300048828125,3335.949951171875,3159.886962890625,484686.0,BRITANNIA.NS
2021-02-24,3360.0,3415.0,3341.0,3405.550048828125,3225.81396484375,512568.0,BRITANNIA.NS
2021-02-25,3420.0,3425.699951171875,3374.60009765625,3405.0,3225.29296875,586357.0,BRITANNIA.NS
2021-02-26,3389.0,3408.949951171875,3343.0,3363.75,3186.219970703125,748717.0,BRITANNIA.NS
2021-03-01,3371.5,3420.0,3367.050048828125,3411.800048828125,3231.73388671875,377869.0,BRITANNIA.NS
2021-03-02,3411.800048828125,3450.0,3395.0,3447.949951171875,3265.97607421875,383968.0,BRITANNIA.NS
2021-03-03,3460.0,3487.14990234375,3435.0,3481.14990234375,3297.423583984375,409493.0,BRITANNIA.NS
2021-03-04,3450.0,3514.800048828125,3450.0,3501.89990234375,3317.078857421875,537283.0,BRITANNIA.NS
2021-03-05,3486.0,3506.64990234375,3460.75,3491.75,3307.464599609375,612423.0,BRITANNIA.NS
2021-03-08,3493.60009765625,3508.949951171875,3451.0,3463.199951171875,3280.421142578125,463984.0,BRITANNIA.NS
2021-03-09,3473.5,3489.14990234375,3397.35009765625,3426.75,3245.89501953125,589556.0,BRITANNIA.NS
2021-03-10,3451.89990234375,3489.0,3438.5,3480.35009765625,3296.666015625,270942.0,BRITANNIA.NS
2021-03-12,3491.89990234375,3493.85009765625,3425.0,3434.25,3252.999267578125,344205.0,BRITANNIA.NS
2021-03-15,3443.60009765625,3456.550048828125,3399.0,3450.39990234375,3268.296630859375,311078.0,BRITANNIA.NS
2021-03-16,3462.60009765625,3500.0,3456.050048828125,3489.10009765625,3304.954345703125,383099.0,BRITANNIA.NS
2021-03-17,3488.0,3499.0,3446.300048828125,3467.89990234375,3284.872802734375,378136.0,BRITANNIA.NS
2021-03-18,3480.0,3487.89990234375,3427.39990234375,3439.64990234375,3258.114013671875,430166.0,BRITANNIA.NS
2021-03-19,3424.60009765625,3494.85009765625,3379.0,3466.60009765625,3283.641845703125,1312375.0,BRITANNIA.NS
2021-03-22,3440.10009765625,3570.0,3440.10009765625,3564.39990234375,3376.280029296875,820046.0,BRITANNIA.NS
2021-03-23,3570.0,3578.0,3525.0,3568.39990234375,3380.06884765625,461046.0,BRITANNIA.NS
2021-03-24,3536.0,3568.199951171875,3522.0,3537.75,3351.036865234375,480657.0,BRITANNIA.NS
2021-03-25,3535.0,3564.800048828125,3429.0,3443.85009765625,3262.09228515625,486516.0,BRITANNIA.NS
2021-03-26,3455.35009765625,3515.0,3455.35009765625,3504.60009765625,3319.63623046875,273033.0,BRITANNIA.NS
2021-03-30,3514.0,3625.0,3510.050048828125,3616.0,3425.15673828125,567450.0,BRITANNIA.NS
2021-03-31,3616.0,3655.0,3592.5,3625.050048828125,3433.729248046875,441583.0,BRITANNIA.NS
2021-04-01,3635.0,3670.0,3610.25,3618.5,3427.524658203125,460658.0,BRITANNIA.NS
2021-04-05,3635.0,3720.0,3630.0,3700.35009765625,3505.05517578125,807938.0,BRITANNIA.NS
2021-04-06,3708.0,3736.39990234375,3680.0,3730.60009765625,3533.70849609375,462351.0,BRITANNIA.NS
2021-04-07,3732.0,3820.0,3711.550048828125,3808.550048828125,3607.544677734375,633677.0,BRITANNIA.NS
2021-04-08,3780.0,3834.0,3761.050048828125,3816.75,3675.139892578125,613388.0,BRITANNIA.NS
2021-04-09,3816.75,3843.699951171875,3790.0,3797.699951171875,3656.796630859375,526934.0,BRITANNIA.NS
2021-04-12,3777.949951171875,3850.0,3750.0,3812.75,3671.288330078125,1108910.0,BRITANNIA.NS
2021-04-13,3814.10009765625,3847.0,3729.050048828125,3746.0,3607.014892578125,411660.0,BRITANNIA.NS
2021-04-15,3751.0,3799.89990234375,3673.0,3692.699951171875,3555.6923828125,494464.0,BRITANNIA.NS
2021-04-16,3695.5,3733.949951171875,3676.550048828125,3696.5,3559.351318359375,251741.0,BRITANNIA.NS
2021-04-19,3685.0,3755.0,3653.050048828125,3742.800048828125,3603.93359375,560398.0,BRITANNIA.NS
2021-04-20,3731.89990234375,3752.75,3690.10009765625,3729.89990234375,3591.51220703125,331477.0,BRITANNIA.NS
2021-04-22,3725.10009765625,3766.0,3692.14990234375,3752.0,3612.792236328125,424370.0,BRITANNIA.NS
2021-04-23,3755.0,3760.89990234375,3640.5,3650.300048828125,3514.865478515625,491834.0,BRITANNIA.NS
2021-04-26,3661.10009765625,3662.0,3531.0,3539.199951171875,3407.8876953125,1031406.0,BRITANNIA.NS
2021-04-27,3572.699951171875,3574.60009765625,3517.0,3541.199951171875,3409.813232421875,813608.0,BRITANNIA.NS
2021-04-28,3488.0,3527.0,3469.0,3478.75,3349.680419921875,1498181.0,BRITANNIA.NS
2021-04-29,3496.75,3505.89990234375,3447.0,3468.89990234375,3340.19580078125,611087.0,BRITANNIA.NS
2021-04-30,3460.0,3468.35009765625,3437.0,3449.0,3321.0341796875,436187.0,BRITANNIA.NS
2021-05-03,3439.10009765625,3478.699951171875,3431.60009765625,3439.25,3311.64599609375,570022.0,BRITANNIA.NS
2021-05-04,3432.0,3462.0,3420.0,3435.85009765625,3308.3720703125,337838.0,BRITANNIA.NS
2021-05-05,3441.10009765625,3458.89990234375,3436.25,3451.60009765625,3323.537841796875,234116.0,BRITANNIA.NS
2021-05-06,3452.0,3491.5,3439.699951171875,3452.050048828125,3323.97119140625,384450.0,BRITANNIA.NS
2021-05-07,3484.699951171875,3484.699951171875,3452.25,3461.25,3332.829833984375,189156.0,BRITANNIA.NS
2021-05-10,3478.0,3478.0,3403.5,3413.800048828125,3287.140380859375,694001.0,BRITANNIA.NS
2021-05-11,3413.800048828125,3434.699951171875,3396.050048828125,3418.39990234375,3291.569580078125,455412.0,BRITANNIA.NS
2021-05-12,3404.0,3445.0,3401.14990234375,3439.550048828125,3311.934814453125,252497.0,BRITANNIA.NS
2021-05-14,3450.0,3524.5,3438.199951171875,3501.449951171875,3371.538330078125,677498.0,BRITANNIA.NS
2021-05-17,3518.949951171875,3533.89990234375,3496.050048828125,3507.25,3377.123046875,338003.0,BRITANNIA.NS
2021-05-18,3525.199951171875,3533.89990234375,3480.0,3525.449951171875,3394.647705078125,474368.0,BRITANNIA.NS
2021-05-19,3535.0,3555.0,3516.050048828125,3534.39990234375,3403.265625,688416.0,BRITANNIA.NS
2021-05-20,3500.0,3517.699951171875,3415.0,3422.550048828125,3295.565673828125,1046540.0,BRITANNIA.NS
2021-05-21,3449.0,3449.0,3418.0,3435.75,3308.27587890625,521688.0,BRITANNIA.NS
2021-05-24,3459.0,3459.0,3371.39990234375,3379.10009765625,3253.727783203125,1643611.0,BRITANNIA.NS
2021-05-25,3385.0,3447.0,3385.0,3439.5,3324.18359375,1318946.0,BRITANNIA.NS
2021-05-26,3441.050048828125,3453.85009765625,3413.050048828125,3416.0,3301.471435546875,373186.0,BRITANNIA.NS
2021-05-27,3430.0,3437.5,3400.050048828125,3414.64990234375,3300.16650390625,444547.0,BRITANNIA.NS
2021-05-28,3417.0,3449.0,3410.0,3423.449951171875,3308.671630859375,249529.0,BRITANNIA.NS
2021-05-31,3428.75,3458.39990234375,3427.25,3447.85009765625,3332.253662109375,352802.0,BRITANNIA.NS
2021-06-01,3458.0,3469.10009765625,3442.0,3446.75,3331.1904296875,236580.0,BRITANNIA.NS
2021-06-02,3446.75,3486.0,3446.050048828125,3475.25,3358.73486328125,420074.0,BRITANNIA.NS
2021-06-03,3480.0,3499.5,3467.39990234375,3496.25,3379.03076171875,380896.0,BRITANNIA.NS
2021-06-04,3500.0,3512.0,3480.0,3489.300048828125,3372.31396484375,312826.0,BRITANNIA.NS
2021-06-07,3506.5,3555.0,3478.5,3542.60009765625,3423.826904296875,357312.0,BRITANNIA.NS
2021-06-08,3544.5,3622.0,3542.60009765625,3601.75,3480.99365234375,787313.0,BRITANNIA.NS
2021-06-09,3598.0,3608.35009765625,3557.10009765625,3574.699951171875,3454.8505859375,546202.0,BRITANNIA.NS
2021-06-10,3571.0,3611.60009765625,3555.0,3576.300048828125,3456.397216796875,355092.0,BRITANNIA.NS
2021-06-11,3575.0,3595.0,3551.0,3557.89990234375,3438.61376953125,301375.0,BRITANNIA.NS
2021-06-14,3557.89990234375,3598.0,3510.449951171875,3591.25,3470.845703125,312420.0,BRITANNIA.NS
2021-06-15,3593.35009765625,3640.5,3593.0,3631.85009765625,3510.084716796875,451019.0,BRITANNIA.NS
2021-06-16,3631.050048828125,3644.800048828125,3605.050048828125,3639.449951171875,3517.4296875,232534.0,BRITANNIA.NS
2021-06-17,3625.89990234375,3663.0,3609.5,3658.14990234375,3535.502685546875,300185.0,BRITANNIA.NS
2021-06-18,3661.39990234375,3679.0,3595.0,3619.199951171875,3497.858642578125,731807.0,BRITANNIA.NS
2021-06-21,3600.0,3653.949951171875,3581.10009765625,3648.85009765625,3526.5146484375,231475.0,BRITANNIA.NS
2021-06-22,3650.0,3665.0,3616.0,3650.89990234375,3528.49560546875,235555.0,BRITANNIA.NS
2021-06-23,3652.0,3684.300048828125,3631.0,3659.300048828125,3536.6142578125,378997.0,BRITANNIA.NS
2021-06-24,3659.300048828125,3704.85009765625,3651.0,3689.10009765625,3565.4150390625,385390.0,BRITANNIA.NS
2021-06-25,3709.89990234375,3709.89990234375,3644.89990234375,3670.050048828125,3547.003662109375,176772.0,BRITANNIA.NS
2021-06-28,3670.050048828125,3685.0,3643.0,3667.25,3544.297607421875,181793.0,BRITANNIA.NS
2021-06-29,3655.0,3667.10009765625,3610.050048828125,3657.14990234375,3534.5361328125,357263.0,BRITANNIA.NS
2021-06-30,3675.0,3690.0,3632.949951171875,3649.64990234375,3527.28759765625,428387.0,BRITANNIA.NS
2021-07-01,3640.0,3661.0,3580.64990234375,3595.800048828125,3475.2431640625,612678.0,BRITANNIA.NS
2021-07-02,3609.0,3609.0,3535.0,3545.300048828125,3426.4365234375,292855.0,BRITANNIA.NS
2021-07-05,3564.0,3584.5,3512.39990234375,3523.550048828125,3405.41552734375,519061.0,BRITANNIA.NS
2021-07-06,3526.0,3533.85009765625,3508.64990234375,3519.0,3401.01806640625,282115.0,BRITANNIA.NS
2021-07-07,3521.0,3542.0,3506.0,3521.35009765625,3403.289306640625,524482.0,BRITANNIA.NS
2021-07-08,3499.0,3525.89990234375,3473.25,3491.39990234375,3374.34326171875,627227.0,BRITANNIA.NS
2021-07-09,3491.0,3518.0,3468.0,3475.949951171875,3359.411376953125,595359.0,BRITANNIA.NS
2021-07-12,3482.199951171875,3500.0,3464.10009765625,3470.39990234375,3354.04736328125,146119.0,BRITANNIA.NS
2021-07-13,3488.75,3489.449951171875,3465.10009765625,3485.5,3368.641357421875,182918.0,BRITANNIA.NS
2021-07-14,3474.0,3488.14990234375,3454.14990234375,3485.75,3368.883056640625,458955.0,BRITANNIA.NS
2021-07-15,3503.0,3503.0,3455.5,3460.85009765625,3344.81787109375,264604.0,BRITANNIA.NS
2021-07-16,3460.0,3472.699951171875,3437.10009765625,3441.0,3325.63330078125,399006.0,BRITANNIA.NS
2021-07-19,3440.39990234375,3457.5,3426.10009765625,3450.14990234375,3334.476318359375,226731.0,BRITANNIA.NS
2021-07-20,3455.0,3466.949951171875,3426.5,3433.550048828125,3318.43310546875,152954.0,BRITANNIA.NS
2021-07-22,3449.5,3449.5,3415.0,3425.300048828125,3310.459716796875,389457.0,BRITANNIA.NS
2021-07-23,3427.0,3452.5,3425.300048828125,3439.800048828125,3324.473388671875,247778.0,BRITANNIA.NS
2021-07-26,3439.949951171875,3498.0,3431.0,3482.0,3365.258544921875,433827.0,BRITANNIA.NS
2021-07-27,3496.0,3504.85009765625,3435.14990234375,3450.75,3335.05615234375,210607.0,BRITANNIA.NS
2021-07-28,3469.0,3469.0,3410.0,3424.10009765625,3309.2998046875,352127.0,BRITANNIA.NS
2021-07-29,3424.199951171875,3428.949951171875,3402.0,3405.60009765625,3291.420166015625,321411.0,BRITANNIA.NS
2021-07-30,3424.0,3440.0,3378.0,3423.39990234375,3308.623291015625,988317.0,BRITANNIA.NS
2021-08-02,3446.699951171875,3542.0,3440.050048828125,3504.64990234375,3387.149169921875,1887580.0,BRITANNIA.NS
2021-08-03,3550.0,3579.0,3531.0,3573.199951171875,3453.40087890625,1326045.0,BRITANNIA.NS
2021-08-04,3579.0,3599.0,3540.0,3578.300048828125,3458.330078125,478788.0,BRITANNIA.NS
2021-08-05,3578.300048828125,3617.699951171875,3547.60009765625,3611.14990234375,3490.078369140625,497146.0,BRITANNIA.NS
2021-08-06,3611.14990234375,3620.0,3590.10009765625,3604.0,3483.168212890625,258380.0,BRITANNIA.NS
2021-08-09,3619.89990234375,3649.0,3606.25,3636.10009765625,3514.192138671875,444706.0,BRITANNIA.NS
2021-08-10,3636.10009765625,3644.0,3611.5,3637.199951171875,3515.255126953125,249493.0,BRITANNIA.NS
2021-08-11,3637.199951171875,3648.949951171875,3571.10009765625,3625.5,3503.947509765625,233115.0,BRITANNIA.NS
2021-08-12,3634.39990234375,3642.949951171875,3607.5,3620.800048828125,3499.405029296875,232971.0,BRITANNIA.NS
2021-08-13,3620.800048828125,3644.10009765625,3575.10009765625,3579.550048828125,3459.5380859375,323144.0,BRITANNIA.NS
2021-08-16,3570.0,3673.949951171875,3553.050048828125,3655.300048828125,3532.74853515625,348972.0,BRITANNIA.NS
2021-08-17,3670.0,3707.60009765625,3668.0,3696.5,3572.56689453125,579154.0,BRITANNIA.NS
2021-08-18,3708.800048828125,3730.0,3686.949951171875,3720.75,3596.00390625,426843.0,BRITANNIA.NS
2021-08-20,3640.0,3967.5,3635.300048828125,3895.949951171875,3765.330078125,1567252.0,BRITANNIA.NS
2021-08-23,3910.0,3964.64990234375,3850.60009765625,3866.25,3736.625732421875,645088.0,BRITANNIA.NS
2021-08-24,3874.85009765625,3892.0,3795.5,3812.199951171875,3684.387939453125,437167.0,BRITANNIA.NS
2021-08-25,3812.199951171875,3898.0,3797.0,3842.800048828125,3713.9619140625,360778.0,BRITANNIA.NS
2021-08-26,3825.199951171875,3946.949951171875,3825.199951171875,3930.89990234375,3799.108154296875,1114234.0,BRITANNIA.NS
2021-08-27,3944.699951171875,3972.949951171875,3911.75,3941.550048828125,3809.4013671875,475524.0,BRITANNIA.NS
2021-08-30,3960.0,3993.550048828125,3932.199951171875,3986.35009765625,3852.699462890625,466524.0,BRITANNIA.NS
2021-08-31,3995.0,4027.300048828125,3960.0,3997.5,3863.475341796875,688613.0,BRITANNIA.NS
2021-09-01,3984.60009765625,4025.89990234375,3963.85009765625,4015.35009765625,3880.726806640625,352460.0,BRITANNIA.NS
2021-09-02,4015.0,4104.0,4002.050048828125,4086.10009765625,3949.10498046875,525680.0,BRITANNIA.NS
2021-09-03,4105.0,4134.7001953125,4073.14990234375,4124.2001953125,3985.927490234375,426377.0,BRITANNIA.NS
2021-09-06,4144.39990234375,4149.2998046875,4061.0,4079.050048828125,3942.291259765625,312608.0,BRITANNIA.NS
2021-09-07,4096.89990234375,4129.60009765625,4080.0,4095.449951171875,3958.141357421875,259534.0,BRITANNIA.NS
2021-09-08,4079.800048828125,4087.89990234375,4015.699951171875,4061.39990234375,3925.23291015625,236283.0,BRITANNIA.NS
2021-09-09,4058.800048828125,4118.7998046875,4050.10009765625,4070.800048828125,3934.31787109375,295134.0,BRITANNIA.NS
2021-09-13,4070.800048828125,4103.0,4058.800048828125,4093.85009765625,3956.594970703125,171201.0,BRITANNIA.NS
2021-09-14,4097.0,4153.0,4082.39990234375,4101.5,3963.988525390625,419441.0,BRITANNIA.NS
2021-09-15,4105.2001953125,4135.0,4071.050048828125,4086.35009765625,3949.346435546875,218163.0,BRITANNIA.NS
2021-09-16,4086.35009765625,4120.0,4039.800048828125,4073.050048828125,3936.492431640625,243636.0,BRITANNIA.NS
2021-09-17,4077.39990234375,4115.0,4041.0,4051.85009765625,3916.003173828125,621517.0,BRITANNIA.NS
2021-09-20,4035.0,4115.0,4000.0,4084.5,3947.55859375,291097.0,BRITANNIA.NS
2021-09-21,4062.199951171875,4111.5498046875,4053.0,4075.550048828125,3938.908447265625,424258.0,BRITANNIA.NS
2021-09-22,4082.0,4105.0,4049.10009765625,4058.5,3922.43017578125,259937.0,BRITANNIA.NS
2021-09-23,4060.0,4075.449951171875,4017.5,4042.35009765625,3906.82177734375,322858.0,BRITANNIA.NS
2021-09-24,4040.0,4098.9501953125,4030.0,4042.89990234375,3907.35302734375,373614.0,BRITANNIA.NS
2021-09-27,4049.89990234375,4064.60009765625,4000.0,4009.60009765625,3875.169921875,248898.0,BRITANNIA.NS
2021-09-28,4005.199951171875,4068.949951171875,3990.050048828125,4003.64990234375,3869.419189453125,354948.0,BRITANNIA.NS
2021-09-29,3982.0,4019.89990234375,3959.14990234375,3972.75,3839.55517578125,332446.0,BRITANNIA.NS
2021-09-30,3972.0,3993.0,3940.300048828125,3948.949951171875,3816.552978515625,217501.0,BRITANNIA.NS
2021-10-01,3958.800048828125,3958.800048828125,3885.0,3921.10009765625,3789.636962890625,181917.0,BRITANNIA.NS
2021-10-04,3910.0,3967.25,3881.0,3892.89990234375,3762.38232421875,372752.0,BRITANNIA.NS
2021-10-05,3894.0,3905.25,3865.5,3882.199951171875,3752.041015625,131731.0,BRITANNIA.NS
2021-10-06,3893.0,3993.14990234375,3882.25,3938.60009765625,3806.55029296875,409840.0,BRITANNIA.NS
2021-10-07,3959.800048828125,3963.64990234375,3877.449951171875,3900.60009765625,3769.82421875,187556.0,BRITANNIA.NS
2021-10-08,3915.0,3929.0,3846.85009765625,3883.300048828125,3753.104248046875,316870.0,BRITANNIA.NS
2021-10-11,3880.0,3900.75,3831.199951171875,3840.60009765625,3711.835693359375,253051.0,BRITANNIA.NS
2021-10-12,3821.0,3874.75,3815.0,3867.949951171875,3738.268798828125,253262.0,BRITANNIA.NS
2021-10-13,3871.39990234375,3894.10009765625,3854.5,3883.699951171875,3753.49072265625,174222.0,BRITANNIA.NS
2021-10-14,3912.0,3925.0,3881.0,3894.85009765625,3764.266845703125,299078.0,BRITANNIA.NS
2021-10-18,3960.0,3960.0,3825.0,3837.35009765625,3708.69482421875,256837.0,BRITANNIA.NS
2021-10-19,3860.35009765625,3868.35009765625,3780.0,3795.89990234375,3668.63427734375,282932.0,BRITANNIA.NS
2021-10-20,3800.0,3917.35009765625,3740.0,3762.0,3635.870849609375,523002.0,BRITANNIA.NS
2021-10-21,3798.5,3798.5,3680.0,3714.35009765625,3589.81884765625,335589.0,BRITANNIA.NS
2021-10-22,3734.0,3760.0,3650.0,3690.0,3566.284912109375,192033.0,BRITANNIA.NS
2021-10-25,3690.0,3696.550048828125,3617.699951171875,3631.050048828125,3509.311279296875,289025.0,BRITANNIA.NS
2021-10-26,3649.0,3705.050048828125,3605.85009765625,3692.800048828125,3568.990966796875,326825.0,BRITANNIA.NS
2021-10-27,3700.89990234375,3731.199951171875,3681.449951171875,3697.85009765625,3573.871826171875,441016.0,BRITANNIA.NS
2021-10-28,3725.0,3728.699951171875,3654.0,3681.89990234375,3558.456298828125,193658.0,BRITANNIA.NS
2021-10-29,3681.0,3708.949951171875,3641.050048828125,3675.75,3552.5126953125,283538.0,BRITANNIA.NS
2021-11-01,3694.0,3700.0,3651.10009765625,3678.14990234375,3554.832275390625,139766.0,BRITANNIA.NS
2021-11-02,3680.199951171875,3707.60009765625,3667.050048828125,3682.89990234375,3559.4228515625,151547.0,BRITANNIA.NS
2021-11-03,3695.0,3699.800048828125,3618.050048828125,3629.85009765625,3508.151611328125,185296.0,BRITANNIA.NS
2021-11-04,3629.85009765625,3629.85009765625,3629.85009765625,3629.85009765625,3508.151611328125,0.0,BRITANNIA.NS
2021-11-08,3666.0,3728.85009765625,3620.0,3717.699951171875,3593.05615234375,336938.0,BRITANNIA.NS
2021-11-09,3590.0,3639.0,3535.14990234375,3621.60009765625,3500.17822265625,1399094.0,BRITANNIA.NS
2021-11-10,3629.449951171875,3720.0,3600.0,3698.5,3574.5,706755.0,BRITANNIA.NS
2021-11-11,3699.10009765625,3718.0,3633.300048828125,3643.39990234375,3521.2470703125,298625.0,BRITANNIA.NS
2021-11-12,3668.60009765625,3701.949951171875,3641.25,3687.949951171875,3564.303466796875,275060.0,BRITANNIA.NS
2021-11-15,3700.0,3747.60009765625,3674.0,3742.60009765625,3617.12158203125,320669.0,BRITANNIA.NS
2021-11-16,3751.0,3760.0,3681.0,3690.75,3567.009765625,199179.0,BRITANNIA.NS
2021-11-17,3690.75,3699.949951171875,3607.800048828125,3615.050048828125,3493.84765625,250996.0,BRITANNIA.NS
2021-11-18,3644.800048828125,3644.800048828125,3555.0,3571.60009765625,3451.854736328125,248828.0,BRITANNIA.NS
2021-11-22,3589.0,3628.5,3570.0,3581.60009765625,3461.51953125,364653.0,BRITANNIA.NS
2021-11-23,3577.800048828125,3670.0,3574.0,3662.14990234375,3539.36865234375,365672.0,BRITANNIA.NS
2021-11-24,3660.0,3674.0,3610.0,3623.35009765625,3501.86962890625,149025.0,BRITANNIA.NS
2021-11-25,3610.5,3633.800048828125,3566.0,3573.39990234375,3453.593994140625,232784.0,BRITANNIA.NS
2021-11-26,3560.0,3635.10009765625,3533.949951171875,3555.300048828125,3436.10107421875,372530.0,BRITANNIA.NS
2021-11-29,3550.0,3550.0,3469.10009765625,3528.60009765625,3410.29638671875,281082.0,BRITANNIA.NS
2021-11-30,3514.0,3565.0,3501.10009765625,3545.5,3426.629638671875,633377.0,BRITANNIA.NS
2021-12-01,3550.5,3606.699951171875,3528.0,3535.25,3416.723388671875,312855.0,BRITANNIA.NS
2021-12-02,3540.0,3607.300048828125,3530.0,3578.5,3458.523193359375,377041.0,BRITANNIA.NS
2021-12-03,3557.0,3593.449951171875,3550.0,3553.75,3434.60302734375,313990.0,BRITANNIA.NS
2021-12-06,3556.0,3581.10009765625,3490.0,3496.199951171875,3378.982421875,165986.0,BRITANNIA.NS
2021-12-07,3502.050048828125,3529.0,3467.0,3474.199951171875,3357.72021484375,254445.0,BRITANNIA.NS
2021-12-08,3489.949951171875,3582.449951171875,3483.0,3575.75,3455.865478515625,326189.0,BRITANNIA.NS
2021-12-09,3565.0,3634.449951171875,3564.0,3623.89990234375,3502.401123046875,284117.0,BRITANNIA.NS
2021-12-10,3623.89990234375,3642.0,3604.39990234375,3632.449951171875,3510.664306640625,190379.0,BRITANNIA.NS
2021-12-13,3641.0,3658.35009765625,3576.949951171875,3588.75,3468.4296875,311904.0,BRITANNIA.NS
2021-12-14,3580.0,3597.449951171875,3543.050048828125,3579.64990234375,3459.634521484375,297867.0,BRITANNIA.NS
2021-12-15,3571.0,3579.60009765625,3521.5,3541.60009765625,3422.860595703125,152079.0,BRITANNIA.NS
2021-12-16,3550.0,3571.64990234375,3536.64990234375,3560.60009765625,3441.223388671875,121782.0,BRITANNIA.NS
2021-12-17,3546.0,3556.0,3500.0,3536.14990234375,3417.593017578125,307396.0,BRITANNIA.NS
2021-12-20,3522.0,3530.0,3430.10009765625,3471.89990234375,3355.497314453125,382144.0,BRITANNIA.NS
2021-12-21,3473.89990234375,3541.35009765625,3461.050048828125,3505.75,3388.21240234375,222991.0,BRITANNIA.NS
2021-12-22,3522.0,3538.60009765625,3484.60009765625,3497.0,3379.755615234375,257611.0,BRITANNIA.NS
2021-12-23,3503.10009765625,3560.0,3502.0,3554.60009765625,3435.424560546875,163291.0,BRITANNIA.NS
2021-12-24,3560.0,3565.0,3519.0,3541.300048828125,3422.570556640625,136780.0,BRITANNIA.NS
2021-12-27,3540.0,3544.550048828125,3506.699951171875,3513.199951171875,3395.412353515625,94111.0,BRITANNIA.NS
2021-12-28,3531.0,3562.0,3511.10009765625,3550.64990234375,3431.60693359375,99497.0,BRITANNIA.NS
2021-12-29,3550.64990234375,3569.800048828125,3525.199951171875,3559.60009765625,3440.257080078125,163737.0,BRITANNIA.NS
2021-12-30,3570.0,3586.0,3526.050048828125,3573.89990234375,3454.0771484375,167005.0,BRITANNIA.NS
2021-12-31,3586.0,3623.199951171875,3569.050048828125,3606.0,3485.101318359375,244207.0,BRITANNIA.NS
2022-01-03,3610.0,3626.0,3582.199951171875,3617.550048828125,3496.26416015625,149689.0,BRITANNIA.NS
2022-01-04,3623.0,3643.85009765625,3610.0,3638.449951171875,3516.463134765625,317247.0,BRITANNIA.NS
2022-01-05,3638.0,3689.0,3633.050048828125,3659.699951171875,3537.000732421875,245395.0,BRITANNIA.NS
2022-01-06,3659.699951171875,3686.949951171875,3625.800048828125,3675.10009765625,3551.884765625,340345.0,BRITANNIA.NS
2022-01-07,3685.0,3742.0,3682.85009765625,3737.35009765625,3612.04736328125,241905.0,BRITANNIA.NS
2022-01-10,3737.35009765625,3778.0,3727.89990234375,3768.300048828125,3641.9599609375,351447.0,BRITANNIA.NS
2022-01-11,3768.300048828125,3800.949951171875,3738.10009765625,3743.35009765625,3617.846435546875,206008.0,BRITANNIA.NS
2022-01-12,3750.0,3759.75,3691.0,3700.199951171875,3576.142822265625,311095.0,BRITANNIA.NS
2022-01-13,3700.199951171875,3759.949951171875,3691.300048828125,3749.050048828125,3623.355224609375,129143.0,BRITANNIA.NS
2022-01-14,3749.050048828125,3754.89990234375,3695.300048828125,3712.050048828125,3587.595703125,97013.0,BRITANNIA.NS
2022-01-17,3697.0,3712.800048828125,3642.35009765625,3665.14990234375,3542.26806640625,170221.0,BRITANNIA.NS
2022-01-18,3668.0,3694.699951171875,3611.10009765625,3621.89990234375,3500.46826171875,168104.0,BRITANNIA.NS
2022-01-19,3620.0,3627.550048828125,3565.0,3575.64990234375,3455.768798828125,129227.0,BRITANNIA.NS
2022-01-20,3590.0,3624.0,3576.5,3605.14990234375,3484.279541015625,173547.0,BRITANNIA.NS
2022-01-21,3606.0,3629.0,3575.699951171875,3618.300048828125,3496.989013671875,162594.0,BRITANNIA.NS
2022-01-24,3610.0,3626.550048828125,3505.0,3523.85009765625,3405.70556640625,240598.0,BRITANNIA.NS
2022-01-25,3502.0,3565.449951171875,3430.25,3539.300048828125,3420.637451171875,306411.0,BRITANNIA.NS
2022-01-27,3535.0,3535.0,3435.64990234375,3494.14990234375,3377.0009765625,353612.0,BRITANNIA.NS
2022-01-28,3494.14990234375,3595.0,3494.14990234375,3509.64990234375,3391.9814453125,249034.0,BRITANNIA.NS
2022-01-31,3510.0,3636.0,3510.0,3535.300048828125,3416.771484375,462842.0,BRITANNIA.NS
2022-02-01,3560.0,3710.0,3545.050048828125,3656.60009765625,3534.0048828125,631482.0,BRITANNIA.NS
2022-02-02,3670.0,3670.0,3604.800048828125,3621.050048828125,3499.646728515625,209928.0,BRITANNIA.NS
2022-02-03,3622.0,3652.0,3555.0,3562.39990234375,3442.962890625,203975.0,BRITANNIA.NS
2022-02-04,3583.449951171875,3593.699951171875,3540.0,3562.0,3442.576416015625,162672.0,BRITANNIA.NS
2022-02-07,3561.949951171875,3579.800048828125,3440.0,3448.60009765625,3332.978515625,279194.0,BRITANNIA.NS
2022-02-08,3441.0,3490.0,3418.39990234375,3473.449951171875,3356.9951171875,363856.0,BRITANNIA.NS
2022-02-09,3509.0,3540.699951171875,3473.449951171875,3517.35009765625,3399.423583984375,172750.0,BRITANNIA.NS
2022-02-10,3522.0,3543.85009765625,3485.0,3534.550048828125,3416.046630859375,172088.0,BRITANNIA.NS
2022-02-11,3499.0,3509.35009765625,3429.0,3480.550048828125,3363.857421875,340217.0,BRITANNIA.NS
2022-02-14,3428.0,3455.0,3388.050048828125,3398.0,3284.074951171875,209831.0,BRITANNIA.NS
2022-02-15,3425.0,3490.0,3400.0,3477.89990234375,3361.2958984375,209065.0,BRITANNIA.NS
2022-02-16,3480.0,3498.800048828125,3435.0,3462.0,3345.92919921875,190567.0,BRITANNIA.NS
2022-02-17,3482.60009765625,3483.0,3430.0,3464.10009765625,3347.958740234375,173362.0,BRITANNIA.NS
2022-02-18,3450.0,3495.0,3444.14990234375,3481.64990234375,3364.920166015625,121161.0,BRITANNIA.NS
2022-02-21,3431.10009765625,3500.0,3430.0,3475.25,3358.73486328125,138287.0,BRITANNIA.NS
2022-02-22,3405.0,3498.0,3405.0,3489.75,3372.748779296875,246372.0,BRITANNIA.NS
2022-02-23,3497.75,3530.0,3470.0,3511.14990234375,3393.431396484375,326853.0,BRITANNIA.NS
2022-02-24,3439.5,3504.0,3414.0,3446.0,3330.465576171875,529995.0,BRITANNIA.NS
2022-02-25,3435.0,3444.0,3350.39990234375,3422.75,3307.9951171875,722637.0,BRITANNIA.NS
2022-02-28,3405.0,3440.0,3327.35009765625,3427.449951171875,3312.53759765625,426929.0,BRITANNIA.NS
2022-03-02,3420.949951171875,3420.949951171875,3371.75,3391.75,3278.034423828125,416582.0,BRITANNIA.NS
2022-03-03,3405.0,3439.550048828125,3350.0,3366.39990234375,3253.5341796875,429892.0,BRITANNIA.NS
2022-03-04,3350.0,3394.85009765625,3275.0,3371.35009765625,3258.318359375,331936.0,BRITANNIA.NS
2022-03-07,3300.0,3300.550048828125,3138.550048828125,3153.449951171875,3047.723876953125,711477.0,BRITANNIA.NS
2022-03-08,3115.0,3180.0,3050.0,3113.75,3009.35498046875,541966.0,BRITANNIA.NS
2022-03-09,3144.0,3170.0,3093.699951171875,3123.85009765625,3019.116455078125,483468.0,BRITANNIA.NS
2022-03-10,3225.0,3248.0,3144.800048828125,3222.949951171875,3114.893798828125,490457.0,BRITANNIA.NS
2022-03-11,3250.0,3256.60009765625,3192.800048828125,3199.89990234375,3092.616455078125,362091.0,BRITANNIA.NS
2022-03-14,3199.89990234375,3215.0,3145.10009765625,3185.85009765625,3079.037841796875,335292.0,BRITANNIA.NS
2022-03-15,3186.0,3249.0,3181.64990234375,3222.85009765625,3114.79736328125,258636.0,BRITANNIA.NS
2022-03-16,3244.0,3318.35009765625,3232.25,3313.64990234375,3202.552734375,239522.0,BRITANNIA.NS
2022-03-17,3322.0,3362.0,3300.550048828125,3355.949951171875,3243.434814453125,436218.0,BRITANNIA.NS
2022-03-21,3350.0,3350.0,3230.0,3237.550048828125,3129.00439453125,354460.0,BRITANNIA.NS
2022-03-22,3230.0,3250.0,3132.25,3158.39990234375,3052.5078125,583821.0,BRITANNIA.NS
2022-03-23,3167.39990234375,3173.85009765625,3092.0,3102.25,2998.240478515625,1044283.0,BRITANNIA.NS
2022-03-24,3087.0,3130.0,3080.550048828125,3103.85009765625,2999.787109375,459226.0,BRITANNIA.NS
2022-03-25,3110.0,3122.75,3074.10009765625,3094.5,2990.750244140625,339040.0,BRITANNIA.NS
2022-03-28,3094.5,3118.949951171875,3060.050048828125,3094.800048828125,2991.040283203125,310240.0,BRITANNIA.NS
2022-03-29,3112.0,3134.0,3090.199951171875,3103.800048828125,2999.738525390625,359318.0,BRITANNIA.NS
2022-03-30,3123.64990234375,3160.0,3114.64990234375,3148.39990234375,3042.84326171875,450273.0,BRITANNIA.NS
2022-03-31,3149.300048828125,3218.5,3147.300048828125,3206.39990234375,3098.8984375,413897.0,BRITANNIA.NS
2022-04-01,3210.0,3237.89990234375,3191.64990234375,3230.64990234375,3122.33544921875,260712.0,BRITANNIA.NS
2022-04-04,3230.0,3276.39990234375,3215.0,3270.0,3160.3662109375,275388.0,BRITANNIA.NS
2022-04-05,3280.0,3314.949951171875,3271.89990234375,3303.39990234375,3192.646240234375,236853.0,BRITANNIA.NS
2022-04-06,3282.0,3295.0,3254.64990234375,3282.5,3172.447265625,245111.0,BRITANNIA.NS
2022-04-07,3275.0,3322.0,3265.64990234375,3294.10009765625,3183.658447265625,302703.0,BRITANNIA.NS
2022-04-08,3287.0,3354.300048828125,3287.0,3347.89990234375,3235.654541015625,168952.0,BRITANNIA.NS
2022-04-11,3347.89990234375,3370.0,3297.050048828125,3350.64990234375,3238.312255859375,186130.0,BRITANNIA.NS
2022-04-12,3340.0,3364.89990234375,3302.300048828125,3344.10009765625,3231.982177734375,238043.0,BRITANNIA.NS
2022-04-13,3340.0,3388.0,3340.0,3349.64990234375,3237.345703125,205852.0,BRITANNIA.NS
2022-04-18,3345.0,3367.89990234375,3306.050048828125,3343.89990234375,3231.788818359375,197878.0,BRITANNIA.NS
2022-04-19,3343.89990234375,3388.0,3245.300048828125,3267.89990234375,3158.336669921875,296680.0,BRITANNIA.NS
2022-04-20,3266.0,3335.0,3242.0,3304.199951171875,3193.419677734375,235572.0,BRITANNIA.NS
2022-04-21,3297.0,3369.949951171875,3274.39990234375,3359.89990234375,3247.252197265625,152205.0,BRITANNIA.NS
2022-04-22,3341.300048828125,3377.5,3325.0,3364.10009765625,3251.3115234375,148494.0,BRITANNIA.NS
2022-04-25,3280.0,3347.050048828125,3132.050048828125,3295.89990234375,3185.39794921875,630312.0,BRITANNIA.NS
2022-04-26,3308.300048828125,3402.0,3301.300048828125,3372.699951171875,3259.623046875,398545.0,BRITANNIA.NS
2022-04-27,3350.0,3384.699951171875,3312.14990234375,3338.25,3226.328125,248769.0,BRITANNIA.NS
2022-04-28,3270.0,3391.550048828125,3263.10009765625,3357.89990234375,3245.319091796875,322548.0,BRITANNIA.NS
2022-04-29,3360.10009765625,3370.89990234375,3266.5,3279.25,3169.306396484375,259398.0,BRITANNIA.NS
2022-05-02,3242.0,3284.89990234375,3203.0,3271.300048828125,3161.622802734375,215783.0,BRITANNIA.NS
2022-05-04,3340.0,3596.0,3328.14990234375,3385.449951171875,3271.945556640625,2871830.0,BRITANNIA.NS
2022-05-05,3410.0,3423.550048828125,3260.0,3277.0,3167.131591796875,623098.0,BRITANNIA.NS
2022-05-06,3245.0,3323.85009765625,3187.10009765625,3307.800048828125,3196.899169921875,560373.0,BRITANNIA.NS
2022-05-09,3282.5,3338.300048828125,3225.0,3252.050048828125,3143.018310546875,403409.0,BRITANNIA.NS
2022-05-10,3261.0,3320.60009765625,3235.0,3246.550048828125,3137.70263671875,285192.0,BRITANNIA.NS
2022-05-11,3240.0,3283.800048828125,3195.0,3259.85009765625,3150.556640625,269579.0,BRITANNIA.NS
2022-05-12,3225.5,3239.949951171875,3156.89990234375,3216.85009765625,3108.998291015625,310942.0,BRITANNIA.NS
2022-05-13,3225.0,3321.0,3225.0,3278.5,3168.58154296875,326757.0,BRITANNIA.NS
2022-05-16,3337.0,3337.949951171875,3253.39990234375,3284.89990234375,3174.7666015625,270772.0,BRITANNIA.NS
2022-05-17,3289.0,3382.89990234375,3285.449951171875,3368.85009765625,3255.90234375,277190.0,BRITANNIA.NS
2022-05-18,3350.0,3432.64990234375,3350.0,3394.35009765625,3280.54736328125,435712.0,BRITANNIA.NS
2022-05-19,3365.0,3388.60009765625,3308.050048828125,3332.050048828125,3220.336181640625,394058.0,BRITANNIA.NS
2022-05-20,3360.0,3463.800048828125,3352.0,3450.25,3334.572998046875,525530.0,BRITANNIA.NS
2022-05-23,3451.25,3538.0,3451.25,3487.050048828125,3370.13916015625,524978.0,BRITANNIA.NS
2022-05-24,3515.0,3518.0,3440.0,3470.449951171875,3354.095703125,230532.0,BRITANNIA.NS
2022-05-25,3491.699951171875,3525.0,3472.14990234375,3516.5,3398.601806640625,286553.0,BRITANNIA.NS
2022-05-26,3550.0,3577.85009765625,3513.5,3560.949951171875,3441.5615234375,545260.0,BRITANNIA.NS
2022-05-27,3583.0,3583.35009765625,3510.25,3557.60009765625,3438.323974609375,165721.0,BRITANNIA.NS
2022-05-30,3561.39990234375,3617.64990234375,3541.60009765625,3576.25,3456.3486328125,213495.0,BRITANNIA.NS
2022-05-31,3576.60009765625,3700.0,3555.25,3647.800048828125,3525.5,562987.0,BRITANNIA.NS
2022-06-01,3649.10009765625,3669.75,3533.0,3551.300048828125,3432.235107421875,241386.0,BRITANNIA.NS
2022-06-02,3570.0,3583.800048828125,3505.75,3577.050048828125,3457.1220703125,213099.0,BRITANNIA.NS
2022-06-03,3575.0,3597.10009765625,3493.0,3530.0,3411.649169921875,271462.0,BRITANNIA.NS
2022-06-06,3530.0,3535.0,3450.050048828125,3491.949951171875,3374.875,153889.0,BRITANNIA.NS
2022-06-07,3465.0,3478.89990234375,3354.0,3383.449951171875,3270.0126953125,338018.0,BRITANNIA.NS
2022-06-08,3385.0,3402.60009765625,3310.0,3361.5,3248.798583984375,320103.0,BRITANNIA.NS
2022-06-09,3361.14990234375,3382.050048828125,3306.0,3347.25,3235.0263671875,347351.0,BRITANNIA.NS
2022-06-10,3316.0,3372.25,3301.10009765625,3360.85009765625,3248.17041015625,503822.0,BRITANNIA.NS
2022-06-13,3339.0,3375.0,3310.949951171875,3359.0,3246.382568359375,463899.0,BRITANNIA.NS
2022-06-14,3359.550048828125,3393.0,3330.050048828125,3382.85009765625,3269.432861328125,224645.0,BRITANNIA.NS
2022-06-15,3388.0,3402.89990234375,3352.050048828125,3385.39990234375,3271.897216796875,245702.0,BRITANNIA.NS
2022-06-16,3400.10009765625,3431.89990234375,3372.050048828125,3390.39990234375,3276.7294921875,481507.0,BRITANNIA.NS
2022-06-17,3390.39990234375,3390.39990234375,3300.300048828125,3332.10009765625,3220.38427734375,527370.0,BRITANNIA.NS
2022-06-20,3300.0,3399.89990234375,3270.949951171875,3378.60009765625,3321.648193359375,364703.0,BRITANNIA.NS
2022-06-21,3378.60009765625,3472.85009765625,3375.050048828125,3429.300048828125,3371.493408203125,223641.0,BRITANNIA.NS
2022-06-22,3412.0,3454.89990234375,3386.199951171875,3403.64990234375,3346.275634765625,170854.0,BRITANNIA.NS
2022-06-23,3414.949951171875,3447.85009765625,3390.5,3411.449951171875,3353.9443359375,351311.0,BRITANNIA.NS
2022-06-24,3429.0,3504.949951171875,3429.0,3469.35009765625,3410.868408203125,301133.0,BRITANNIA.NS
2022-06-27,3502.0,3505.949951171875,3447.25,3459.10009765625,3400.791259765625,419730.0,BRITANNIA.NS
2022-06-28,3455.0,3469.89990234375,3388.050048828125,3434.699951171875,3376.80224609375,182574.0,BRITANNIA.NS
2022-06-29,3434.699951171875,3455.60009765625,3360.0,3404.14990234375,3346.767333984375,374478.0,BRITANNIA.NS
2022-06-30,3380.0,3483.14990234375,3380.0,3466.39990234375,3407.968017578125,479308.0,BRITANNIA.NS
2022-07-01,3412.0,3600.0,3412.0,3584.35009765625,3523.929931640625,292487.0,BRITANNIA.NS
2022-07-04,3575.0,3713.449951171875,3575.0,3700.449951171875,3638.07275390625,614359.0,BRITANNIA.NS
2022-07-05,3709.0,3714.0,3636.0,3656.60009765625,3594.9619140625,612519.0,BRITANNIA.NS
2022-07-06,3650.14990234375,3840.89990234375,3642.25,3830.800048828125,3766.2255859375,1043070.0,BRITANNIA.NS
2022-07-07,3828.0,3882.10009765625,3799.85009765625,3810.25,3746.02197265625,519620.0,BRITANNIA.NS
2022-07-08,3830.0,3850.949951171875,3792.5,3816.949951171875,3752.60888671875,379513.0,BRITANNIA.NS
2022-07-11,3829.199951171875,3840.39990234375,3780.0,3795.39990234375,3731.422119140625,208602.0,BRITANNIA.NS
2022-07-12,3783.0,3787.85009765625,3716.14990234375,3725.5,3662.700439453125,283587.0,BRITANNIA.NS
2022-07-13,3731.050048828125,3762.10009765625,3712.10009765625,3726.0,3663.192138671875,164377.0,BRITANNIA.NS
2022-07-14,3726.0,3789.0,3713.050048828125,3774.14990234375,3710.5302734375,265732.0,BRITANNIA.NS
2022-07-15,3785.0,3862.800048828125,3779.10009765625,3848.89990234375,3784.020263671875,660790.0,BRITANNIA.NS
2022-07-18,3860.0,3880.0,3759.0,3774.949951171875,3711.31689453125,455399.0,BRITANNIA.NS
2022-07-19,3774.949951171875,3797.10009765625,3742.300048828125,3787.449951171875,3723.606201171875,228968.0,BRITANNIA.NS
2022-07-20,3805.0,3849.0,3793.85009765625,3828.300048828125,3763.767578125,440495.0,BRITANNIA.NS
2022-07-21,3844.0,3865.75,3821.0,3855.5,3790.509033203125,282104.0,BRITANNIA.NS
2022-07-22,3860.0,3929.0,3843.64990234375,3871.449951171875,3806.190185546875,433423.0,BRITANNIA.NS
2022-07-25,3871.449951171875,3915.0,3850.0,3885.89990234375,3820.396484375,290157.0,BRITANNIA.NS
2022-07-26,3900.0,3900.0,3795.5,3807.14990234375,3742.97412109375,267527.0,BRITANNIA.NS
2022-07-27,3800.0,3863.89990234375,3781.14990234375,3854.550048828125,3789.5751953125,200264.0,BRITANNIA.NS
2022-07-28,3863.5,3882.0,3836.39990234375,3869.35009765625,3804.125732421875,316008.0,BRITANNIA.NS
2022-07-29,3883.0,3949.35009765625,3876.89990234375,3900.39990234375,3834.652099609375,418970.0,BRITANNIA.NS
2022-08-01,3900.39990234375,3916.0,3838.199951171875,3855.64990234375,3790.656494140625,323129.0,BRITANNIA.NS
2022-08-02,3875.0,3909.0,3758.10009765625,3788.14990234375,3724.294189453125,355859.0,BRITANNIA.NS
2022-08-03,3780.0,3793.35009765625,3726.050048828125,3770.0,3706.450439453125,428088.0,BRITANNIA.NS
2022-08-04,3762.75,3792.0,3726.0,3775.050048828125,3711.415283203125,506667.0,BRITANNIA.NS
2022-08-05,3745.0,3835.89990234375,3678.85009765625,3688.10009765625,3625.930908203125,798850.0,BRITANNIA.NS
2022-08-08,3688.10009765625,3701.89990234375,3612.800048828125,3631.39990234375,3570.1865234375,310094.0,BRITANNIA.NS
2022-08-10,3640.0,3674.800048828125,3624.050048828125,3647.75,3586.260986328125,191222.0,BRITANNIA.NS
2022-08-11,3666.0,3682.800048828125,3632.199951171875,3640.300048828125,3578.936767578125,167070.0,BRITANNIA.NS
2022-08-12,3650.0,3667.300048828125,3607.64990234375,3659.75,3598.058837890625,228587.0,BRITANNIA.NS
2022-08-16,3678.050048828125,3723.949951171875,3675.0,3690.449951171875,3628.2412109375,239514.0,BRITANNIA.NS
2022-08-17,3693.0,3714.949951171875,3681.14990234375,3705.199951171875,3642.74267578125,353941.0,BRITANNIA.NS
2022-08-18,3712.0,3726.949951171875,3681.050048828125,3693.050048828125,3630.797607421875,232262.0,BRITANNIA.NS
2022-08-19,3693.050048828125,3709.449951171875,3642.449951171875,3662.550048828125,3600.811767578125,177955.0,BRITANNIA.NS
2022-08-22,3662.550048828125,3733.0,3635.050048828125,3676.449951171875,3614.477294921875,366371.0,BRITANNIA.NS
2022-08-23,3650.0,3704.949951171875,3638.0,3678.699951171875,3616.689208984375,189150.0,BRITANNIA.NS
2022-08-24,3677.0,3688.0,3636.449951171875,3659.14990234375,3597.46875,187721.0,BRITANNIA.NS
2022-08-25,3677.449951171875,3678.199951171875,3640.0,3646.60009765625,3585.130615234375,208578.0,BRITANNIA.NS
2022-08-26,3664.85009765625,3668.0,3627.10009765625,3650.14990234375,3588.62060546875,220796.0,BRITANNIA.NS
2022-08-29,3618.0,3730.0,3585.25,3707.64990234375,3645.1513671875,525684.0,BRITANNIA.NS
2022-08-30,3717.0,3766.14990234375,3717.0,3747.75,3684.575439453125,467342.0,BRITANNIA.NS
2022-09-01,3730.0,3745.39990234375,3672.10009765625,3718.14990234375,3655.474365234375,314888.0,BRITANNIA.NS
2022-09-02,3736.75,3758.89990234375,3700.0,3704.25,3641.80859375,202152.0,BRITANNIA.NS
2022-09-05,3681.0,3715.0,3658.10009765625,3662.60009765625,3600.86083984375,234232.0,BRITANNIA.NS
2022-09-06,3672.0,3692.60009765625,3595.0,3608.800048828125,3547.9677734375,390746.0,BRITANNIA.NS
2022-09-07,3600.0,3674.800048828125,3588.0,3667.89990234375,3606.0712890625,287734.0,BRITANNIA.NS
2022-09-08,3683.0,3687.0,3632.89990234375,3672.64990234375,3610.7412109375,384831.0,BRITANNIA.NS
2022-09-09,3685.5,3700.0,3641.85009765625,3649.5,3587.981689453125,134487.0,BRITANNIA.NS
2022-09-12,3649.5,3649.5,3649.5,3649.5,3587.981689453125,0.0,BRITANNIA.NS
2022-09-13,3665.0,3765.0,3665.0,3757.699951171875,3694.357666015625,398871.0,BRITANNIA.NS
2022-09-14,3708.0,3761.699951171875,3708.0,3747.0,3683.838134765625,389253.0,BRITANNIA.NS
2022-09-15,3765.0,3789.0,3713.050048828125,3721.550048828125,3658.817138671875,311462.0,BRITANNIA.NS
2022-09-16,3703.550048828125,3741.39990234375,3621.10009765625,3639.550048828125,3578.199462890625,559137.0,BRITANNIA.NS
2022-09-19,3635.0,3642.14990234375,3564.10009765625,3592.35009765625,3531.794921875,211795.0,BRITANNIA.NS
2022-09-20,3610.35009765625,3665.0,3602.0,3650.60009765625,3589.063232421875,346604.0,BRITANNIA.NS
2022-09-21,3646.0,3789.0,3637.0,3765.64990234375,3702.173583984375,773841.0,BRITANNIA.NS
2022-09-22,3764.0,3835.449951171875,3751.0,3825.949951171875,3761.457275390625,687172.0,BRITANNIA.NS
2022-09-23,3825.949951171875,3842.800048828125,3782.35009765625,3796.699951171875,3732.7001953125,326581.0,BRITANNIA.NS
2022-09-26,3796.699951171875,3827.85009765625,3775.5,3787.5,3723.6552734375,626882.0,BRITANNIA.NS
2022-09-27,3806.449951171875,3889.800048828125,3800.0,3824.14990234375,3759.6875,584760.0,BRITANNIA.NS
2022-09-28,3817.89990234375,3868.0,3795.60009765625,3853.199951171875,3788.247802734375,364917.0,BRITANNIA.NS
2022-09-29,3871.449951171875,3873.0,3810.0,3864.5,3799.357421875,450207.0,BRITANNIA.NS
2022-09-30,3870.0,3887.64990234375,3820.050048828125,3843.050048828125,3778.26904296875,309896.0,BRITANNIA.NS
2022-10-03,3862.0,3878.199951171875,3753.800048828125,3768.949951171875,3705.41796875,251830.0,BRITANNIA.NS
2022-10-04,3807.0,3826.64990234375,3775.550048828125,3818.14990234375,3753.78857421875,153835.0,BRITANNIA.NS
2022-10-06,3837.25,3847.64990234375,3760.699951171875,3767.550048828125,3704.041748046875,308216.0,BRITANNIA.NS
2022-10-07,3776.0,3795.0,3732.25,3785.64990234375,3721.83642578125,318472.0,BRITANNIA.NS
2022-10-10,3750.0,3812.0,3717.0,3797.85009765625,3733.8310546875,185199.0,BRITANNIA.NS
2022-10-11,3816.85009765625,3820.699951171875,3718.0,3727.89990234375,3665.059814453125,202644.0,BRITANNIA.NS
2022-10-12,3746.550048828125,3774.39990234375,3726.35009765625,3763.0,3699.568359375,271156.0,BRITANNIA.NS
2022-10-13,3771.5,3794.0,3748.89990234375,3784.60009765625,3720.804443359375,156770.0,BRITANNIA.NS
2022-10-14,3800.10009765625,3814.89990234375,3769.25,3796.25,3732.2578125,350141.0,BRITANNIA.NS
2022-10-17,3801.89990234375,3801.89990234375,3752.550048828125,3777.699951171875,3714.0205078125,93315.0,BRITANNIA.NS
2022-10-18,3796.60009765625,3804.949951171875,3748.60009765625,3766.85009765625,3703.353515625,189866.0,BRITANNIA.NS
2022-10-19,3770.0,3789.5,3742.0,3768.5,3704.9755859375,182278.0,BRITANNIA.NS
2022-10-20,3763.0,3802.89990234375,3747.64990234375,3790.14990234375,3726.260498046875,230082.0,BRITANNIA.NS
2022-10-21,3793.0,3814.550048828125,3761.60009765625,3792.699951171875,3728.767578125,404955.0,BRITANNIA.NS
2022-10-24,3792.699951171875,3792.699951171875,3792.699951171875,3792.699951171875,3728.767578125,0.0,BRITANNIA.NS
2022-10-25,3804.0,3804.89990234375,3690.0,3713.10009765625,3650.509521484375,228569.0,BRITANNIA.NS
2022-10-27,3714.0,3769.89990234375,3701.300048828125,3755.300048828125,3691.998291015625,317971.0,BRITANNIA.NS
2022-10-28,3767.0,3792.0,3732.0,3777.699951171875,3714.0205078125,215005.0,BRITANNIA.NS
2022-10-31,3788.0,3800.0,3739.35009765625,3766.550048828125,3703.05859375,198318.0,BRITANNIA.NS
2022-11-01,3780.0,3808.60009765625,3755.050048828125,3788.0,3724.14697265625,338873.0,BRITANNIA.NS
2022-11-02,3788.0,3794.39990234375,3714.300048828125,3723.949951171875,3661.176513671875,185469.0,BRITANNIA.NS
2022-11-03,3707.0,3760.550048828125,3705.449951171875,3754.050048828125,3690.769287109375,140994.0,BRITANNIA.NS
2022-11-04,3748.050048828125,3814.949951171875,3746.14990234375,3804.199951171875,3740.07373046875,258490.0,BRITANNIA.NS
2022-11-07,3930.050048828125,4190.0,3930.050048828125,4139.25,4069.47607421875,3142443.0,BRITANNIA.NS
2022-11-09,4140.0,4237.0,4140.0,4175.35009765625,4104.9677734375,1198458.0,BRITANNIA.NS
2022-11-10,4152.60009765625,4189.64990234375,4108.2998046875,4134.64990234375,4064.953369140625,417581.0,BRITANNIA.NS
2022-11-11,4155.35009765625,4177.0,4085.0,4098.64990234375,4029.560302734375,344558.0,BRITANNIA.NS
2022-11-14,4100.0,4153.5,4074.60009765625,4103.9501953125,4034.771240234375,336120.0,BRITANNIA.NS
2022-11-15,4124.5,4153.60009765625,4083.25,4139.35009765625,4069.574462890625,325881.0,BRITANNIA.NS
2022-11-16,4126.75,4145.0,4093.75,4131.5,4061.856689453125,149924.0,BRITANNIA.NS
2022-11-17,4120.0,4150.0,4105.14990234375,4125.2001953125,4055.6630859375,238478.0,BRITANNIA.NS
2022-11-18,4138.0,4138.0,4061.10009765625,4106.0498046875,4036.83544921875,281217.0,BRITANNIA.NS
2022-11-21,4118.0,4149.0,4095.10009765625,4120.0498046875,4050.599365234375,288522.0,BRITANNIA.NS
2022-11-22,4133.9501953125,4164.25,4107.60009765625,4157.60009765625,4087.516845703125,319387.0,BRITANNIA.NS
2022-11-23,4160.0,4194.0498046875,4139.5,4155.14990234375,4085.10791015625,247440.0,BRITANNIA.NS
2022-11-24,4172.0,4209.5498046875,4155.14990234375,4191.2001953125,4120.55029296875,231515.0,BRITANNIA.NS
2022-11-25,4212.0,4212.0,4148.2998046875,4183.7001953125,4113.1767578125,244021.0,BRITANNIA.NS
2022-11-28,4168.85009765625,4229.2998046875,4161.0,4213.0498046875,4142.03173828125,222792.0,BRITANNIA.NS
2022-11-29,4225.0,4302.0,4225.0,4285.35009765625,4213.11328125,598884.0,BRITANNIA.NS
2022-11-30,4297.9501953125,4387.89990234375,4290.0498046875,4362.2998046875,4288.76611328125,1101544.0,BRITANNIA.NS
2022-12-01,4364.5498046875,4410.5,4335.35009765625,4401.25,4327.0595703125,501703.0,BRITANNIA.NS
2022-12-02,4400.0,4444.0498046875,4380.2998046875,4432.89990234375,4358.17578125,530333.0,BRITANNIA.NS
2022-12-05,4422.85009765625,4427.64990234375,4370.0,4403.35009765625,4329.12451171875,212913.0,BRITANNIA.NS
2022-12-06,4398.89990234375,4451.64990234375,4382.0498046875,4424.35009765625,4349.7705078125,349352.0,BRITANNIA.NS
2022-12-07,4424.35009765625,4435.0,4383.35009765625,4393.5498046875,4319.4892578125,252294.0,BRITANNIA.NS
2022-12-08,4393.5498046875,4442.64990234375,4384.2001953125,4394.89990234375,4320.81640625,282421.0,BRITANNIA.NS
2022-12-09,4402.0,4426.39990234375,4384.2001953125,4410.2998046875,4335.95703125,233437.0,BRITANNIA.NS
2022-12-12,4419.0498046875,4439.0498046875,4384.0,4432.5498046875,4357.83154296875,233360.0,BRITANNIA.NS
2022-12-13,4452.0,4452.0,4410.0,4426.5498046875,4351.93310546875,158169.0,BRITANNIA.NS
2022-12-14,4440.0,4446.0,4390.10009765625,4409.7001953125,4335.3671875,195654.0,BRITANNIA.NS
2022-12-15,4428.2998046875,4485.0,4412.0,4465.4501953125,4390.177734375,370501.0,BRITANNIA.NS
2022-12-16,4459.5,4477.14990234375,4416.7001953125,4444.7001953125,4369.77734375,346508.0,BRITANNIA.NS
2022-12-19,4455.0,4537.0,4423.5,4526.5,4450.1982421875,330662.0,BRITANNIA.NS
2022-12-20,4529.0,4533.9501953125,4467.0498046875,4509.0498046875,4433.04248046875,206833.0,BRITANNIA.NS
2022-12-21,4509.0498046875,4530.0,4406.14990234375,4418.85009765625,4344.36279296875,303234.0,BRITANNIA.NS
2022-12-22,4444.0,4446.35009765625,4377.0,4391.4501953125,4317.4248046875,243325.0,BRITANNIA.NS
2022-12-23,4375.14990234375,4398.9501953125,4324.10009765625,4331.89990234375,4258.87841796875,224215.0,BRITANNIA.NS
2022-12-26,4315.5,4399.89990234375,4313.7998046875,4375.35009765625,4301.59619140625,166686.0,BRITANNIA.NS
2022-12-27,4380.7001953125,4400.0,4350.0,4369.25,4295.59912109375,138087.0,BRITANNIA.NS
2022-12-28,4362.0,4407.4501953125,4362.0,4385.9501953125,4312.017578125,159245.0,BRITANNIA.NS
2022-12-29,4375.0,4389.75,4296.5498046875,4348.2998046875,4275.001953125,244626.0,BRITANNIA.NS
2022-12-30,4355.2001953125,4374.9501953125,4298.5498046875,4307.4501953125,4234.8408203125,117753.0,BRITANNIA.NS
2023-01-02,4379.9501953125,4379.9501953125,4275.10009765625,4292.14990234375,4219.79833984375,255314.0,BRITANNIA.NS
2023-01-03,4255.10009765625,4295.64990234375,4206.2998046875,4241.85009765625,4170.3466796875,496975.0,BRITANNIA.NS
2023-01-04,4254.9501953125,4276.0,4216.35009765625,4235.0,4163.61181640625,216319.0,BRITANNIA.NS
2023-01-05,4235.0,4387.0,4235.0,4313.2001953125,4240.494140625,686633.0,BRITANNIA.NS
2023-01-06,4313.2001953125,4369.0,4310.0,4359.0498046875,4285.57080078125,297438.0,BRITANNIA.NS
2023-01-09,4380.0,4387.89990234375,4336.2001953125,4364.2998046875,4290.732421875,170110.0,BRITANNIA.NS
2023-01-10,4360.0,4363.0,4317.2998046875,4326.85009765625,4253.91357421875,235445.0,BRITANNIA.NS
2023-01-11,4326.0,4358.64990234375,4298.0,4314.2998046875,4241.5751953125,224668.0,BRITANNIA.NS
2023-01-12,4319.2998046875,4340.89990234375,4284.0,4299.25,4226.77880859375,248083.0,BRITANNIA.NS
2023-01-13,4304.0,4370.7001953125,4287.4501953125,4336.10009765625,4263.0078125,183772.0,BRITANNIA.NS
2023-01-16,4336.10009765625,4346.4501953125,4300.0,4309.60009765625,4236.95458984375,84814.0,BRITANNIA.NS
2023-01-17,4309.0,4372.9501953125,4291.75,4362.0498046875,4288.52001953125,169798.0,BRITANNIA.NS
2023-01-18,4360.0,4422.0,4355.5498046875,4393.7001953125,4319.63720703125,192855.0,BRITANNIA.NS
2023-01-19,4379.7998046875,4399.9501953125,4357.10009765625,4372.39990234375,4298.69580078125,139431.0,BRITANNIA.NS
2023-01-20,4362.0,4362.0,4312.85009765625,4318.9501953125,4246.14697265625,154486.0,BRITANNIA.NS
2023-01-23,4330.0,4357.4501953125,4319.14990234375,4337.85009765625,4264.728515625,119143.0,BRITANNIA.NS
2023-01-24,4350.7998046875,4408.9501953125,4323.2001953125,4396.0498046875,4321.947265625,135586.0,BRITANNIA.NS
2023-01-25,4384.0,4444.0,4360.0,4388.14990234375,4314.18017578125,288089.0,BRITANNIA.NS
2023-01-27,4435.0,4439.0,4353.7998046875,4380.39990234375,4306.56103515625,340484.0,BRITANNIA.NS
2023-01-30,4396.5,4418.0,4320.0,4406.75,4332.466796875,218721.0,BRITANNIA.NS
2023-01-31,4418.0,4418.0,4264.0,4317.60009765625,4244.81982421875,605699.0,BRITANNIA.NS
2023-02-01,4329.89990234375,4444.5,4326.85009765625,4370.9501953125,4297.2705078125,622541.0,BRITANNIA.NS
2023-02-02,4518.9501953125,4596.0,4370.0,4573.0498046875,4495.96337890625,1669243.0,BRITANNIA.NS
2023-02-03,4590.0,4659.75,4570.10009765625,4628.85009765625,4550.8232421875,517467.0,BRITANNIA.NS
2023-02-06,4605.0,4635.2998046875,4600.0,4625.64990234375,4547.6767578125,315190.0,BRITANNIA.NS
2023-02-07,4639.0,4664.0,4596.7001953125,4606.85009765625,4529.19384765625,327040.0,BRITANNIA.NS
2023-02-08,4604.9501953125,4640.25,4578.0,4594.7998046875,4517.3466796875,252710.0,BRITANNIA.NS
2023-02-09,4594.85009765625,4656.10009765625,4575.14990234375,4637.35009765625,4559.1796875,284415.0,BRITANNIA.NS
2023-02-10,4660.0,4669.2001953125,4597.0498046875,4622.7001953125,4544.77685546875,207919.0,BRITANNIA.NS
2023-02-13,4600.0,4636.0,4579.0,4588.0,4510.66162109375,185536.0,BRITANNIA.NS
2023-02-14,4590.2998046875,4624.0,4581.0,4599.85009765625,4522.31201171875,245495.0,BRITANNIA.NS
2023-02-15,4599.85009765625,4599.85009765625,4530.2001953125,4588.4501953125,4511.10400390625,197822.0,BRITANNIA.NS
2023-02-16,4597.0,4617.89990234375,4567.0,4572.0,4494.93115234375,160313.0,BRITANNIA.NS
2023-02-17,4570.0,4588.0,4514.7998046875,4533.25,4456.83447265625,203456.0,BRITANNIA.NS
2023-02-20,4535.25,4545.0,4444.0,4453.7998046875,4378.7236328125,308681.0,BRITANNIA.NS
2023-02-21,4454.9501953125,4527.85009765625,4450.60009765625,4503.35009765625,4427.4384765625,229380.0,BRITANNIA.NS
2023-02-22,4505.0,4540.89990234375,4477.7001953125,4484.5,4408.90625,262918.0,BRITANNIA.NS
2023-02-23,4490.0,4496.0,4424.7998046875,4451.5,4376.46240234375,210031.0,BRITANNIA.NS
2023-02-24,4460.0,4495.5498046875,4419.64990234375,4442.5498046875,4367.6630859375,234456.0,BRITANNIA.NS
2023-02-27,4428.5498046875,4470.0,4375.0,4388.25,4314.27880859375,162723.0,BRITANNIA.NS
2023-02-28,4390.0,4475.25,4380.0,4461.75,4386.53955078125,349283.0,BRITANNIA.NS
2023-03-01,4439.0,4454.5498046875,4355.14990234375,4379.7998046875,4305.97119140625,331092.0,BRITANNIA.NS
2023-03-02,4390.0,4405.0,4343.0498046875,4394.2001953125,4320.12841796875,147032.0,BRITANNIA.NS
2023-03-03,4400.0,4444.75,4380.39990234375,4411.9501953125,4337.57958984375,212204.0,BRITANNIA.NS
2023-03-06,4389.0,4389.0,4279.89990234375,4319.85009765625,4247.03173828125,681562.0,BRITANNIA.NS
2023-03-08,4319.85009765625,4370.0,4305.75,4339.64990234375,4266.498046875,228626.0,BRITANNIA.NS
2023-03-09,4339.64990234375,4350.0,4275.2001953125,4291.7001953125,4219.3564453125,242653.0,BRITANNIA.NS
2023-03-10,4307.39990234375,4361.75,4282.75,4311.0,4238.3310546875,367075.0,BRITANNIA.NS
2023-03-13,4309.0,4346.0498046875,4290.0,4307.60009765625,4234.98828125,282671.0,BRITANNIA.NS
2023-03-14,4315.0,4343.89990234375,4277.0,4292.9501953125,4220.58544921875,197998.0,BRITANNIA.NS
2023-03-15,4315.0,4323.64990234375,4237.60009765625,4243.10009765625,4171.57568359375,195193.0,BRITANNIA.NS
2023-03-16,4263.9501953125,4320.0,4250.0,4311.2001953125,4238.52783203125,260044.0,BRITANNIA.NS
2023-03-17,4325.9501953125,4370.0,4305.60009765625,4362.5498046875,4289.01171875,294948.0,BRITANNIA.NS
2023-03-20,4364.60009765625,4366.60009765625,4262.5,4331.85009765625,4258.82958984375,176552.0,BRITANNIA.NS
2023-03-21,4355.0,4386.0,4260.0,4264.7001953125,4192.8115234375,231876.0,BRITANNIA.NS
2023-03-22,4279.0,4279.0,4230.0,4244.4501953125,4172.90283203125,146015.0,BRITANNIA.NS
2023-03-23,4250.0,4255.5,4196.75,4242.7001953125,4171.1826171875,197372.0,BRITANNIA.NS
2023-03-24,4242.0,4242.0,4189.85009765625,4199.9501953125,4129.15283203125,198393.0,BRITANNIA.NS
2023-03-27,4224.0498046875,4245.2998046875,4198.7998046875,4214.7998046875,4143.75244140625,283791.0,BRITANNIA.NS
2023-03-28,4229.5,4229.5,4153.0,4200.0,4129.2021484375,224554.0,BRITANNIA.NS
2023-03-29,4205.0,4297.9501953125,4198.9501953125,4276.2001953125,4204.11767578125,316461.0,BRITANNIA.NS
2023-03-31,4277.4501953125,4333.7998046875,4257.0498046875,4322.14990234375,4249.29296875,244995.0,BRITANNIA.NS
2023-04-03,4344.0,4346.0,4282.35009765625,4324.0498046875,4251.16064453125,365323.0,BRITANNIA.NS
2023-04-05,4334.0,4358.89990234375,4295.0,4327.5498046875,4254.6015625,390846.0,BRITANNIA.NS
2023-04-06,4327.7998046875,4327.7998046875,4288.2998046875,4299.7998046875,4227.3193359375,208718.0,BRITANNIA.NS
2023-04-10,4299.7998046875,4299.7998046875,4243.0,4266.39990234375,4194.482421875,253654.0,BRITANNIA.NS
2023-04-11,4266.39990234375,4305.2998046875,4258.25,4277.35009765625,4205.248046875,248398.0,BRITANNIA.NS
2023-04-12,4277.35009765625,4298.7998046875,4263.0,4271.2998046875,4199.2998046875,325329.0,BRITANNIA.NS
2023-04-13,4239.0,4350.0,4222.5498046875,4264.2001953125,4264.2001953125,454438.0,BRITANNIA.NS
2023-04-17,4278.0,4405.0,4259.7001953125,4338.60009765625,4338.60009765625,631457.0,BRITANNIA.NS
2023-04-18,4350.9501953125,4374.89990234375,4290.0,4301.85009765625,4301.85009765625,190132.0,BRITANNIA.NS
2023-04-19,4326.0,4326.0,4270.4501953125,4293.85009765625,4293.85009765625,347248.0,BRITANNIA.NS
2023-04-20,4295.0,4318.5,4246.2998046875,4256.39990234375,4256.39990234375,164008.0,BRITANNIA.NS
2023-04-21,4259.0,4335.0,4248.2998046875,4327.7998046875,4327.7998046875,273401.0,BRITANNIA.NS
2023-04-24,4327.7998046875,4339.4501953125,4297.0,4311.0,4311.0,182843.0,BRITANNIA.NS
2023-04-25,4313.0,4411.0,4311.0,4402.5498046875,4402.5498046875,353719.0,BRITANNIA.NS
2023-04-26,4400.0,4422.85009765625,4370.7998046875,4405.0,4405.0,306037.0,BRITANNIA.NS
2023-04-27,4407.0,4429.35009765625,4397.0,4415.85009765625,4415.85009765625,179769.0,BRITANNIA.NS
2023-04-28,4415.9501953125,4564.85009765625,4408.64990234375,4553.5498046875,4553.5498046875,482939.0,BRITANNIA.NS
2023-05-02,4565.25,4605.75,4500.0,4511.0498046875,4511.0498046875,261449.0,BRITANNIA.NS
2023-05-03,4490.0,4548.0,4443.35009765625,4527.10009765625,4527.10009765625,525015.0,BRITANNIA.NS
2023-05-04,4527.0498046875,4596.0,4510.0,4587.0498046875,4587.0498046875,244670.0,BRITANNIA.NS
2023-05-05,4594.64990234375,4636.9501953125,4584.39990234375,4626.0,4626.0,332347.0,BRITANNIA.NS
2023-05-08,4640.0,4700.0,4573.5498046875,4598.39990234375,4598.39990234375,831450.0,BRITANNIA.NS
2023-05-09,4624.0,4633.25,4582.5498046875,4595.14990234375,4595.14990234375,367650.0,BRITANNIA.NS
2023-05-10,4629.7001953125,4667.7998046875,4586.5,4604.9501953125,4604.9501953125,368807.0,BRITANNIA.NS
2023-05-11,4610.2001953125,4652.0,4605.0,4635.14990234375,4635.14990234375,282060.0,BRITANNIA.NS
2023-05-12,4634.0,4675.0,4601.85009765625,4616.5,4616.5,311033.0,BRITANNIA.NS
2023-05-15,4647.85009765625,4679.0,4621.4501953125,4630.85009765625,4630.85009765625,276965.0,BRITANNIA.NS
2023-05-16,4632.0,4660.2001953125,4565.0,4606.89990234375,4606.89990234375,263119.0,BRITANNIA.NS
2023-05-17,4610.0,4639.2001953125,4583.64990234375,4631.89990234375,4631.89990234375,268353.0,BRITANNIA.NS
2023-05-18,4650.0,4655.5,4558.0,4564.35009765625,4564.35009765625,155214.0,BRITANNIA.NS
2023-05-19,4588.0,4593.10009765625,4484.14990234375,4499.85009765625,4499.85009765625,367664.0,BRITANNIA.NS
2023-05-22,4500.0,4540.25,4485.0,4498.9501953125,4498.9501953125,172174.0,BRITANNIA.NS
2023-05-23,4487.0,4581.5498046875,4486.0,4521.64990234375,4521.64990234375,297514.0,BRITANNIA.NS
2023-05-24,4538.2001953125,4569.89990234375,4501.35009765625,4519.7998046875,4519.7998046875,302733.0,BRITANNIA.NS
2023-05-25,4580.0,4705.4501953125,4533.25,4563.2998046875,4563.2998046875,861989.0,BRITANNIA.NS
2023-05-26,4582.0,4624.2001953125,4563.14990234375,4596.2001953125,4596.2001953125,231911.0,BRITANNIA.NS
2023-05-29,4611.4501953125,4625.10009765625,4566.0,4575.25,4575.25,194968.0,BRITANNIA.NS
2023-05-30,4583.0,4623.5,4563.0,4573.25,4573.25,199772.0,BRITANNIA.NS
2023-05-31,4571.0,4683.2998046875,4565.25,4657.0498046875,4657.0498046875,1536463.0,BRITANNIA.NS
2023-06-01,4655.0,4655.0,4587.5498046875,4635.25,4635.25,188427.0,BRITANNIA.NS
2023-06-02,4637.0,4718.7001953125,4635.35009765625,4654.14990234375,4654.14990234375,359550.0,BRITANNIA.NS
2023-06-05,4659.89990234375,4712.5,4657.0498046875,4682.60009765625,4682.60009765625,349558.0,BRITANNIA.NS
2023-06-06,4682.60009765625,4717.7001953125,4673.0498046875,4705.39990234375,4705.39990234375,185910.0,BRITANNIA.NS
2023-06-07,4715.0,4907.9501953125,4715.0,4893.14990234375,4893.14990234375,1390193.0,BRITANNIA.NS
2023-06-08,4901.89990234375,4914.75,4856.5,4875.0498046875,4875.0498046875,381452.0,BRITANNIA.NS
2023-06-09,4886.2998046875,4980.0,4836.10009765625,4878.75,4878.75,820375.0,BRITANNIA.NS
2023-06-12,4899.0,4910.0,4865.0,4900.25,4900.25,233763.0,BRITANNIA.NS
2023-06-13,4904.9501953125,4951.64990234375,4892.2998046875,4940.10009765625,4940.10009765625,326814.0,BRITANNIA.NS
2023-06-14,4947.0,4977.0,4922.0,4941.64990234375,4941.64990234375,234174.0,BRITANNIA.NS
2023-06-15,4950.0,5019.89990234375,4914.2998046875,4975.4501953125,4975.4501953125,452909.0,BRITANNIA.NS
2023-06-16,4975.4501953125,5058.60009765625,4970.0,5044.7001953125,5044.7001953125,407485.0,BRITANNIA.NS
2023-06-19,5050.0,5064.39990234375,5002.2998046875,5021.0498046875,5021.0498046875,197576.0,BRITANNIA.NS
2023-06-20,5021.0498046875,5062.5,5008.0498046875,5056.4501953125,5056.4501953125,251372.0,BRITANNIA.NS
2023-06-21,5070.60009765625,5085.25,5045.64990234375,5069.5498046875,5069.5498046875,272200.0,BRITANNIA.NS
2023-06-22,5065.0,5071.89990234375,4975.0,4987.0498046875,4987.0498046875,145196.0,BRITANNIA.NS
2023-06-23,4972.0498046875,4986.9501953125,4945.2998046875,4970.7998046875,4970.7998046875,191942.0,BRITANNIA.NS
2023-06-26,4978.9501953125,5022.0,4952.2998046875,5009.2001953125,5009.2001953125,179192.0,BRITANNIA.NS
2023-06-27,5000.5498046875,5037.7998046875,4949.14990234375,4954.25,4954.25,175475.0,BRITANNIA.NS
2023-06-28,4989.0,5019.9501953125,4959.89990234375,4992.14990234375,4992.14990234375,253814.0,BRITANNIA.NS
2023-06-30,4990.2001953125,5032.35009765625,4955.0498046875,5024.5498046875,5024.5498046875,196106.0,BRITANNIA.NS
2023-07-03,5035.0,5048.60009765625,4990.10009765625,5008.2998046875,5008.2998046875,139105.0,BRITANNIA.NS
2023-07-04,5008.2998046875,5024.89990234375,4972.5498046875,5010.14990234375,5010.14990234375,121493.0,BRITANNIA.NS
2023-07-05,5024.7998046875,5115.39990234375,4960.5,5096.10009765625,5096.10009765625,186513.0,BRITANNIA.NS
2023-07-06,5199.0,5270.35009765625,5121.0,5173.5498046875,5173.5498046875,966410.0,BRITANNIA.NS
2023-07-07,5173.5498046875,5189.5498046875,5042.89990234375,5054.5,5054.5,224712.0,BRITANNIA.NS
2023-07-10,5073.0,5099.4501953125,4991.5,5031.85009765625,5031.85009765625,308544.0,BRITANNIA.NS
2023-07-11,5050.0,5157.2001953125,5050.0,5083.89990234375,5083.89990234375,385742.0,BRITANNIA.NS
2023-07-12,5083.89990234375,5114.85009765625,5042.35009765625,5073.89990234375,5073.89990234375,180640.0,BRITANNIA.NS
2023-07-13,5089.89990234375,5148.0,5071.4501953125,5090.35009765625,5090.35009765625,232034.0,BRITANNIA.NS
2023-07-14,5118.0,5150.0,5085.10009765625,5133.2001953125,5133.2001953125,220335.0,BRITANNIA.NS
2023-07-17,5149.9501953125,5199.0,5121.10009765625,5143.4501953125,5143.4501953125,272290.0,BRITANNIA.NS
2023-07-18,5150.0,5160.5498046875,5052.0,5064.14990234375,5064.14990234375,189358.0,BRITANNIA.NS
2023-07-19,5081.9501953125,5144.0,5050.10009765625,5065.89990234375,5065.89990234375,353528.0,BRITANNIA.NS
2023-07-20,5070.0,5094.0,5016.0498046875,5052.5498046875,5052.5498046875,327126.0,BRITANNIA.NS
2023-07-21,5061.5498046875,5108.9501953125,5000.0,5047.0,5047.0,438176.0,BRITANNIA.NS
2023-07-24,5047.0,5048.0,4944.2001953125,4968.89990234375,4968.89990234375,224646.0,BRITANNIA.NS
2023-07-25,5007.0,5007.0,4875.0,4885.60009765625,4885.60009765625,396810.0,BRITANNIA.NS
2023-07-26,4900.0,4994.9501953125,4880.0,4983.60009765625,4983.60009765625,231869.0,BRITANNIA.NS
2023-07-27,4965.0,5016.0,4763.7998046875,4873.39990234375,4873.39990234375,558492.0,BRITANNIA.NS
2023-07-28,4904.0,4959.39990234375,4851.0,4903.35009765625,4903.35009765625,357681.0,BRITANNIA.NS
2023-07-31,4905.10009765625,4910.39990234375,4765.25,4793.9501953125,4793.9501953125,800189.0,BRITANNIA.NS
2023-08-01,4825.10009765625,4843.5,4750.10009765625,4817.35009765625,4817.35009765625,413904.0,BRITANNIA.NS
2023-08-02,4839.0,4839.0,4770.0,4809.4501953125,4809.4501953125,395487.0,BRITANNIA.NS
2023-08-03,4809.9501953125,4818.60009765625,4770.0,4798.9501953125,4798.9501953125,239070.0,BRITANNIA.NS
2023-08-04,4790.0,4832.0,4766.64990234375,4798.5,4798.5,401478.0,BRITANNIA.NS
2023-08-07,4751.0,4815.0,4618.2001953125,4659.75,4659.75,1079453.0,BRITANNIA.NS
2023-08-08,4632.75,4677.4501953125,4596.0498046875,4605.35009765625,4605.35009765625,533341.0,BRITANNIA.NS
2023-08-09,4619.89990234375,4633.35009765625,4575.0,4600.89990234375,4600.89990234375,912658.0,BRITANNIA.NS
2023-08-10,4601.0,4618.64990234375,4531.2998046875,4540.4501953125,4540.4501953125,587011.0,BRITANNIA.NS
2023-08-11,4540.0,4561.0,4489.64990234375,4510.2998046875,4510.2998046875,1112908.0,BRITANNIA.NS
2023-08-14,4519.7001953125,4525.0,4455.0,4499.60009765625,4499.60009765625,557851.0,BRITANNIA.NS
2023-08-16,4488.60009765625,4512.5498046875,4421.39990234375,4498.5,4498.5,518358.0,BRITANNIA.NS
2023-08-17,4498.5,4525.0,4472.2998046875,4501.60009765625,4501.60009765625,394002.0,BRITANNIA.NS
2023-08-18,4499.0,4554.7998046875,4461.0,4535.0498046875,4535.0498046875,423415.0,BRITANNIA.NS
2023-08-21,4555.9501953125,4560.0,4498.5,4510.5,4510.5,244783.0,BRITANNIA.NS
2023-08-22,4524.7998046875,4524.9501953125,4490.0,4511.64990234375,4511.64990234375,217446.0,BRITANNIA.NS
2023-08-23,4555.0,4555.0,4484.7001953125,4512.4501953125,4512.4501953125,346764.0,BRITANNIA.NS
2023-08-24,4538.2998046875,4559.5,4515.4501953125,4542.7998046875,4542.7998046875,357303.0,BRITANNIA.NS
2023-08-25,4544.60009765625,4560.0498046875,4506.2001953125,4525.7998046875,4525.7998046875,333873.0,BRITANNIA.NS
2023-08-28,4525.0,4525.7998046875,4485.60009765625,4510.9501953125,4510.9501953125,343698.0,BRITANNIA.NS
2023-08-29,4510.9501953125,4540.0,4486.10009765625,4530.75,4530.75,340257.0,BRITANNIA.NS
2023-08-30,4552.9501953125,4558.5498046875,4511.7001953125,4550.7998046875,4550.7998046875,367571.0,BRITANNIA.NS
2023-08-31,4564.89990234375,4575.0,4442.0,4467.75,4467.75,874564.0,BRITANNIA.NS
2023-09-01,4475.0,4491.9501953125,4426.0,4484.35009765625,4484.35009765625,383124.0,BRITANNIA.NS
2023-09-04,4484.35009765625,4511.0,4449.75,4507.2001953125,4507.2001953125,394391.0,BRITANNIA.NS
2023-09-05,4507.2001953125,4539.0,4485.0,4514.9501953125,4514.9501953125,453349.0,BRITANNIA.NS
2023-09-06,4520.0,4590.0,4503.0498046875,4569.14990234375,4569.14990234375,300673.0,BRITANNIA.NS
2023-09-07,4590.0,4590.39990234375,4521.0,4530.7001953125,4530.7001953125,479124.0,BRITANNIA.NS
2023-09-08,4540.7001953125,4548.60009765625,4513.7998046875,4540.5,4540.5,278293.0,BRITANNIA.NS
2023-09-11,4540.89990234375,4574.0,4540.0,4568.5498046875,4568.5498046875,302448.0,BRITANNIA.NS
2023-09-12,4568.5498046875,4574.39990234375,4508.89990234375,4567.14990234375,4567.14990234375,321129.0,BRITANNIA.NS
2023-09-13,4567.14990234375,4630.4501953125,4549.10009765625,4608.25,4608.25,435792.0,BRITANNIA.NS
2023-09-14,4619.0,4631.9501953125,4552.64990234375,4574.35009765625,4574.35009765625,473085.0,BRITANNIA.NS
2023-09-15,4583.0,4589.25,4518.60009765625,4532.85009765625,4532.85009765625,408326.0,BRITANNIA.NS
2023-09-18,4540.0,4603.0,4520.0,4596.2001953125,4596.2001953125,304844.0,BRITANNIA.NS
2023-09-20,4596.2001953125,4597.0,4507.7001953125,4527.39990234375,4527.39990234375,357295.0,BRITANNIA.NS
2023-09-21,4520.0,4565.7001953125,4478.0,4558.5498046875,4558.5498046875,367638.0,BRITANNIA.NS
2023-09-22,4558.5498046875,4572.0,4510.0,4564.64990234375,4564.64990234375,210753.0,BRITANNIA.NS
2023-09-25,4574.0498046875,4585.0,4510.5498046875,4570.0498046875,4570.0498046875,498354.0,BRITANNIA.NS
2023-09-26,4570.25,4609.0,4549.4501953125,4600.14990234375,4600.14990234375,330231.0,BRITANNIA.NS
2023-09-27,4601.2001953125,4634.0498046875,4569.0,4627.35009765625,4627.35009765625,358156.0,BRITANNIA.NS
2023-09-28,4627.35009765625,4634.2998046875,4505.0498046875,4524.5498046875,4524.5498046875,390490.0,BRITANNIA.NS
2023-09-29,4555.0,4560.4501953125,4501.5498046875,4537.14990234375,4537.14990234375,230125.0,BRITANNIA.NS
2023-10-03,4524.7998046875,4553.25,4486.60009765625,4495.4501953125,4495.4501953125,543482.0,BRITANNIA.NS
2023-10-04,4490.0,4540.0,4466.75,4532.5,4532.5,318564.0,BRITANNIA.NS
2023-10-05,4540.25,4548.2001953125,4500.0,4533.89990234375,4533.89990234375,302015.0,BRITANNIA.NS
2023-10-06,4533.85009765625,4549.4501953125,4515.0,4538.4501953125,4538.4501953125,238131.0,BRITANNIA.NS
2023-10-09,4511.0,4535.0,4493.5,4522.5,4522.5,255764.0,BRITANNIA.NS
2023-10-10,4522.2001953125,4541.9501953125,4503.0,4529.9501953125,4529.9501953125,222750.0,BRITANNIA.NS
2023-10-11,4522.0,4568.9501953125,4520.64990234375,4554.9501953125,4554.9501953125,368192.0,BRITANNIA.NS
2023-10-12,4582.0,4591.60009765625,4531.0,4560.75,4560.75,518582.0,BRITANNIA.NS
2023-10-13,4550.0,4582.0,4515.0,4574.7001953125,4574.7001953125,445822.0,BRITANNIA.NS
2023-10-16,4559.9501953125,4591.4501953125,4555.0,4586.0498046875,4586.0498046875,292118.0,BRITANNIA.NS
2023-10-17,4586.2001953125,4609.89990234375,4562.2001953125,4600.35009765625,4600.35009765625,196669.0,BRITANNIA.NS
2023-10-18,4605.0,4623.0,4586.25,4607.7001953125,4607.7001953125,217179.0,BRITANNIA.NS
2023-10-19,4600.0498046875,4616.0,4561.7001953125,4602.4501953125,4602.4501953125,228881.0,BRITANNIA.NS
2023-10-20,4603.0,4608.0,4558.75,4580.0,4580.0,351045.0,BRITANNIA.NS
2023-10-23,4572.7001953125,4600.0,4516.35009765625,4530.60009765625,4530.60009765625,203004.0,BRITANNIA.NS
2023-10-25,4470.0,4585.60009765625,4470.0,4533.75,4533.75,330082.0,BRITANNIA.NS
2023-10-26,4517.60009765625,4524.7998046875,4476.75,4507.7998046875,4507.7998046875,488909.0,BRITANNIA.NS
2023-10-27,4512.0,4544.0,4491.0,4514.2998046875,4514.2998046875,382794.0,BRITANNIA.NS
2023-10-30,4500.0,4508.7001953125,4441.0,4461.60009765625,4461.60009765625,450526.0,BRITANNIA.NS
2023-10-31,4460.10009765625,4479.75,4401.89990234375,4426.5,4426.5,504625.0,BRITANNIA.NS
2023-11-01,4442.60009765625,4456.0,4347.7001953125,4397.2998046875,4397.2998046875,395359.0,BRITANNIA.NS
2023-11-02,4512.10009765625,4568.7998046875,4454.25,4527.25,4527.25,822845.0,BRITANNIA.NS
2023-11-03,4528.0,4582.39990234375,4524.14990234375,4539.5498046875,4539.5498046875,335012.0,BRITANNIA.NS
2023-11-06,4554.89990234375,4628.14990234375,4546.0498046875,4623.60009765625,4623.60009765625,205763.0,BRITANNIA.NS
2023-11-07,4610.10009765625,4670.0,4590.85009765625,4655.2001953125,4655.2001953125,282612.0,BRITANNIA.NS
2023-11-08,4670.9501953125,4686.5,4650.5,4670.60009765625,4670.60009765625,385727.0,BRITANNIA.NS
2023-11-09,4670.60009765625,4685.5,4630.5,4652.10009765625,4652.10009765625,208210.0,BRITANNIA.NS
2023-11-10,4657.4501953125,4685.85009765625,4621.0,4681.9501953125,4681.9501953125,142336.0,BRITANNIA.NS
2023-11-13,4662.2998046875,4703.14990234375,4644.0,4696.35009765625,4696.35009765625,260394.0,BRITANNIA.NS
2023-11-15,4723.0,4725.0,4667.39990234375,4710.7998046875,4710.7998046875,269650.0,BRITANNIA.NS
2023-11-16,4710.0,4729.0,4679.60009765625,4702.10009765625,4702.10009765625,178375.0,BRITANNIA.NS
2023-11-17,4703.0,4745.60009765625,4690.10009765625,4718.2998046875,4718.2998046875,138652.0,BRITANNIA.NS
2023-11-20,4691.25,4739.4501953125,4690.89990234375,4712.0,4712.0,126069.0,BRITANNIA.NS
2023-11-21,4730.0,4730.0,4665.0,4699.75,4699.75,129602.0,BRITANNIA.NS
2023-11-22,4709.89990234375,4712.85009765625,4662.75,4694.2001953125,4694.2001953125,72533.0,BRITANNIA.NS
2023-11-23,4699.0,4710.9501953125,4678.9501953125,4705.7998046875,4705.7998046875,109775.0,BRITANNIA.NS
2023-11-24,4705.7998046875,4715.0,4640.5,4644.14990234375,4644.14990234375,123628.0,BRITANNIA.NS
2023-11-28,4632.25,4722.89990234375,4626.0,4713.4501953125,4713.4501953125,182790.0,BRITANNIA.NS
2023-11-29,4715.9501953125,4832.10009765625,4701.39990234375,4803.64990234375,4803.64990234375,363702.0,BRITANNIA.NS
2023-11-30,4815.0,4875.9501953125,4797.5,4852.64990234375,4852.64990234375,961054.0,BRITANNIA.NS
2023-12-01,4873.0,4984.0,4860.0498046875,4970.75,4970.75,485597.0,BRITANNIA.NS
2023-12-04,4990.0,4994.9501953125,4915.0,4937.75,4937.75,310152.0,BRITANNIA.NS
2023-12-05,4937.75,4975.0,4933.0,4948.39990234375,4948.39990234375,280497.0,BRITANNIA.NS
2023-12-06,4953.0,5022.7001953125,4952.2998046875,5003.14990234375,5003.14990234375,295686.0,BRITANNIA.NS
2023-12-07,5003.14990234375,5025.0,4963.14990234375,5016.0,5016.0,268095.0,BRITANNIA.NS
2023-12-08,5024.0,5060.0,4931.0,4942.2001953125,4942.2001953125,282713.0,BRITANNIA.NS
2023-12-11,4959.89990234375,4974.5,4900.0498046875,4944.14990234375,4944.14990234375,147976.0,BRITANNIA.NS
2023-12-12,4968.0,4971.4501953125,4875.0,4903.0498046875,4903.0498046875,184238.0,BRITANNIA.NS
2023-12-13,4910.0,4928.0,4860.0,4919.2998046875,4919.2998046875,153558.0,BRITANNIA.NS
2023-12-14,4932.2001953125,4965.0,4897.0,4946.64990234375,4946.64990234375,174503.0,BRITANNIA.NS
2023-12-15,4938.0,4969.85009765625,4880.5,4913.89990234375,4913.89990234375,216579.0,BRITANNIA.NS
2023-12-18,4913.85009765625,4925.5,4837.0498046875,4879.5,4879.5,223278.0,BRITANNIA.NS
2023-12-19,4891.35009765625,4927.4501953125,4858.7001953125,4911.25,4911.25,200718.0,BRITANNIA.NS
2023-12-20,4920.0,5051.9501953125,4916.0,4954.9501953125,4954.9501953125,457942.0,BRITANNIA.NS
2023-12-21,4930.0,5113.2998046875,4877.5498046875,5059.60009765625,5059.60009765625,796081.0,BRITANNIA.NS
2023-12-22,5075.0,5183.7001953125,5050.0498046875,5161.10009765625,5161.10009765625,582688.0,BRITANNIA.NS
2023-12-26,5155.0,5244.5,5146.0,5235.9501953125,5235.9501953125,574310.0,BRITANNIA.NS
2023-12-27,5242.0,5245.0,5160.0,5216.7998046875,5216.7998046875,241944.0,BRITANNIA.NS
2023-12-28,5224.9501953125,5338.64990234375,5186.75,5282.0,5282.0,655367.0,BRITANNIA.NS
2023-12-29,5260.5498046875,5386.0498046875,5238.64990234375,5338.4501953125,5338.4501953125,535691.0,BRITANNIA.NS
2024-01-01,5339.0,5349.89990234375,5290.0,5319.7998046875,5319.7998046875,130032.0,BRITANNIA.NS
2024-01-02,5319.7998046875,5334.9501953125,5224.10009765625,5288.85009765625,5288.85009765625,193517.0,BRITANNIA.NS
2024-01-03,5288.85009765625,5333.89990234375,5240.0,5253.7998046875,5253.7998046875,123303.0,BRITANNIA.NS
2024-01-04,5253.7998046875,5375.0,5221.0,5361.2998046875,5361.2998046875,413391.0,BRITANNIA.NS
2024-01-05,5361.2998046875,5363.35009765625,5256.0,5272.35009765625,5272.35009765625,299017.0,BRITANNIA.NS
2024-01-08,5305.0,5305.0,5171.0498046875,5177.35009765625,5177.35009765625,236628.0,BRITANNIA.NS
2024-01-09,5199.0,5210.2001953125,5111.0,5122.39990234375,5122.39990234375,194434.0,BRITANNIA.NS
2024-01-10,5111.0,5143.64990234375,5051.5,5086.64990234375,5086.64990234375,191450.0,BRITANNIA.NS
2024-01-11,5102.89990234375,5186.39990234375,5076.5498046875,5136.7001953125,5136.7001953125,277823.0,BRITANNIA.NS
2024-01-12,5149.0,5250.39990234375,5100.0498046875,5151.10009765625,5151.10009765625,462298.0,BRITANNIA.NS
2024-01-15,5159.9501953125,5228.0,5119.0,5177.35009765625,5177.35009765625,400069.0,BRITANNIA.NS
2024-01-16,5168.39990234375,5218.0,5107.25,5130.60009765625,5130.60009765625,203028.0,BRITANNIA.NS
2024-01-17,5115.0498046875,5135.25,5055.0,5061.7001953125,5061.7001953125,270672.0,BRITANNIA.NS
2024-01-18,5061.0,5077.9501953125,4974.2001953125,5015.14990234375,5015.14990234375,514119.0,BRITANNIA.NS
2024-01-19,5029.0,5169.64990234375,5012.2998046875,5138.64990234375,5138.64990234375,329252.0,BRITANNIA.NS
2024-01-23,5166.39990234375,5189.85009765625,4925.89990234375,5048.10009765625,5048.10009765625,491135.0,BRITANNIA.NS
2024-01-24,5048.10009765625,5173.64990234375,5030.0,5142.25,5142.25,611741.0,BRITANNIA.NS
2024-01-25,5150.0,5236.5498046875,5106.10009765625,5141.89990234375,5141.89990234375,342129.0,BRITANNIA.NS
2024-01-29,5142.0,5219.5,5111.2001953125,5136.89990234375,5136.89990234375,275710.0,BRITANNIA.NS
2024-01-30,5163.2998046875,5192.89990234375,5081.0,5091.75,5091.75,146422.0,BRITANNIA.NS
2024-01-31,5091.75,5220.0,5031.75,5198.39990234375,5198.39990234375,549238.0,BRITANNIA.NS
2024-02-01,5196.0498046875,5201.9501953125,5127.10009765625,5148.60009765625,5148.60009765625,344394.0,BRITANNIA.NS
2024-02-02,5166.75,5209.0,5131.4501953125,5148.85009765625,5148.85009765625,176167.0,BRITANNIA.NS
2024-02-05,5169.89990234375,5239.75,5078.5,5124.5,5124.5,231620.0,BRITANNIA.NS
2024-02-06,5124.5,5125.0,4992.5498046875,5007.0498046875,5007.0498046875,336609.0,BRITANNIA.NS
2024-02-07,5140.0,5183.89990234375,4925.0,5078.25,5078.25,1258830.0,BRITANNIA.NS
2024-02-08,5101.0,5122.39990234375,4833.14990234375,4875.5498046875,4875.5498046875,623680.0,BRITANNIA.NS
2024-02-09,4875.5498046875,4978.0498046875,4860.0498046875,4971.5,4971.5,411953.0,BRITANNIA.NS
2024-02-12,4971.5,4997.9501953125,4940.75,4970.2001953125,4970.2001953125,158487.0,BRITANNIA.NS
2024-02-13,4970.2001953125,5053.39990234375,4940.2001953125,4981.60009765625,4981.60009765625,262011.0,BRITANNIA.NS
2024-02-14,4967.5498046875,5025.0,4950.0,5010.64990234375,5010.64990234375,277479.0,BRITANNIA.NS
2024-02-15,5010.9501953125,5043.35009765625,4932.85009765625,4950.5498046875,4950.5498046875,189625.0,BRITANNIA.NS
2024-02-16,4954.0,4970.5498046875,4894.75,4913.7001953125,4913.7001953125,352139.0,BRITANNIA.NS
2024-02-19,4919.9501953125,4948.5498046875,4886.64990234375,4925.25,4925.25,182521.0,BRITANNIA.NS
2024-02-20,4910.14990234375,4934.0,4879.10009765625,4921.14990234375,4921.14990234375,129279.0,BRITANNIA.NS
2024-02-21,4934.75,4988.2998046875,4888.0,4923.0,4923.0,235932.0,BRITANNIA.NS
2024-02-22,4924.9501953125,4968.0,4860.0,4956.9501953125,4956.9501953125,255308.0,BRITANNIA.NS
2024-02-23,4956.9501953125,4970.39990234375,4912.10009765625,4936.35009765625,4936.35009765625,115910.0,BRITANNIA.NS
2024-02-26,4949.9501953125,4957.0,4891.60009765625,4901.89990234375,4901.89990234375,78084.0,BRITANNIA.NS
2024-02-27,4879.0,4939.5498046875,4879.0,4904.35009765625,4904.35009765625,434014.0,BRITANNIA.NS
2024-02-28,4894.35009765625,4916.10009765625,4867.2001953125,4887.7998046875,4887.7998046875,96877.0,BRITANNIA.NS
2024-02-29,4885.0498046875,4980.89990234375,4828.85009765625,4965.2001953125,4965.2001953125,447941.0,BRITANNIA.NS
2024-03-01,4965.2001953125,4986.7001953125,4914.14990234375,4927.7001953125,4927.7001953125,316277.0,BRITANNIA.NS
2024-03-04,4906.0,4942.4501953125,4833.5,4838.89990234375,4838.89990234375,307520.0,BRITANNIA.NS
2024-03-05,4839.0498046875,4867.4501953125,4811.0,4825.64990234375,4825.64990234375,156956.0,BRITANNIA.NS
2024-03-06,4839.0,4887.7998046875,4788.75,4880.75,4880.75,190965.0,BRITANNIA.NS
2024-03-07,4870.0,4902.0,4835.10009765625,4889.14990234375,4889.14990234375,216747.0,BRITANNIA.NS
2024-03-11,4894.0498046875,4957.64990234375,4871.10009765625,4937.39990234375,4937.39990234375,295000.0,BRITANNIA.NS
2024-03-12,4935.7001953125,4940.0,4852.7998046875,4869.14990234375,4869.14990234375,140625.0,BRITANNIA.NS
2024-03-13,4892.60009765625,4975.0,4822.0,4856.64990234375,4856.64990234375,410729.0,BRITANNIA.NS
2024-03-14,4853.25,4952.9501953125,4783.0,4938.89990234375,4938.89990234375,240217.0,BRITANNIA.NS
2024-03-15,,,,,,,BRITANNIA.NS
2024-03-18,4980.0,5014.0,4960.0,4980.0,4980.0,143928.0,BRITANNIA.NS
2024-03-19,4999.0,4999.9501953125,4800.0,4816.9501953125,4816.9501953125,265081.0,BRITANNIA.NS
2024-03-20,4822.10009765625,4832.85009765625,4760.0,4802.89990234375,4802.89990234375,300159.0,BRITANNIA.NS
2024-03-21,4812.5,4824.0,4767.7998046875,4806.7001953125,4806.7001953125,449591.0,BRITANNIA.NS
2024-03-22,4800.0,4892.9501953125,4784.89990234375,4865.0,4865.0,264787.0,BRITANNIA.NS
2024-03-26,4748.39990234375,4975.0,4740.7001953125,4961.4501953125,4961.4501953125,554559.0,BRITANNIA.NS
2024-03-27,4960.0,4980.0,4880.0,4920.2001953125,4920.2001953125,327107.0,BRITANNIA.NS
2024-03-28,4942.2998046875,4971.2001953125,4864.60009765625,4911.25,4911.25,648795.0,BRITANNIA.NS
2024-04-01,4929.9501953125,4960.7001953125,4883.75,4895.2001953125,4895.2001953125,181877.0,BRITANNIA.NS
2024-04-02,4910.0,4914.89990234375,4870.0,4899.9501953125,4899.9501953125,93480.0,BRITANNIA.NS
2024-04-03,4870.0,4896.9501953125,4806.0,4834.60009765625,4834.60009765625,246246.0,BRITANNIA.NS
2024-04-04,4839.9501953125,4855.0,4780.60009765625,4813.60009765625,4813.60009765625,372526.0,BRITANNIA.NS
2024-04-05,4813.60009765625,4847.60009765625,4791.60009765625,4813.0498046875,4813.0498046875,189143.0,BRITANNIA.NS
2024-04-08,4825.0498046875,4841.0,4781.0,4826.7998046875,4826.7998046875,235219.0,BRITANNIA.NS
2024-04-09,4850.0,4850.0,4783.39990234375,4794.7001953125,4794.7001953125,180114.0,BRITANNIA.NS
2024-04-10,4818.5,4818.5498046875,4747.5498046875,4808.7001953125,4808.7001953125,509880.0,BRITANNIA.NS
2024-04-12,4818.0,4820.85009765625,4745.0,4751.75,4751.75,620568.0,BRITANNIA.NS
2024-04-15,4745.0,4777.10009765625,4692.85009765625,4761.89990234375,4761.89990234375,421873.0,BRITANNIA.NS
2024-04-16,4748.0,4772.5,4691.2998046875,4740.7001953125,4740.7001953125,516581.0,BRITANNIA.NS
2024-04-18,4745.0,4758.7001953125,4666.60009765625,4695.0,4695.0,670722.0,BRITANNIA.NS
2024-04-19,4682.0498046875,4698.0,4641.0,4668.2998046875,4668.2998046875,424834.0,BRITANNIA.NS
2024-04-22,4673.89990234375,4763.89990234375,4662.2998046875,4753.2998046875,4753.2998046875,321925.0,BRITANNIA.NS
2024-04-23,4756.0,4812.0,4723.0498046875,4797.7998046875,4797.7998046875,279440.0,BRITANNIA.NS
2024-04-24,4797.0,4840.0,4781.0,4828.9501953125,4828.9501953125,412282.0,BRITANNIA.NS
2024-04-25,4816.14990234375,4859.0,4747.5,4844.14990234375,4844.14990234375,509266.0,BRITANNIA.NS
2024-04-26,4844.0498046875,4861.0,4793.0,4800.4501953125,4800.4501953125,205462.0,BRITANNIA.NS
2024-04-29,4815.0,4825.60009765625,4776.0,4799.85009765625,4799.85009765625,147319.0,BRITANNIA.NS
